Loading complete ticker list...
Loaded 19601 unique tickers

Fetching split data from 2020-12-09 to 2025-12-05
Using 20 concurrent threads (unlimited API plan)
============================================================
[1/19601] AAAA: ✓ (no splits)
[2/19601] AACB: ✓ (no splits)
[3/19601] AACBR: ✓ (no splits)
[4/19601] A: ✓ (no splits)
[5/19601] AACQW: ✓ (no splits)
[6/19601] AACIU: ✓ (no splits)
[7/19601] AAC.U: ✓ (no splits)
[8/19601] AACT.U: ✓ (no splits)
[9/19601] AAA: ✓ (no splits)
[10/19601] AAC: ✓ (no splits)
[11/19601] AAAU: ✓ (no splits)
[12/19601] AACIW: ✓ (no splits)
[13/19601] AACBU: ✓ (no splits)
[14/19601] AA: ✓ (no splits)
[15/19601] AACQ: ✓ (no splits)
[16/19601] AACQU: ✓ (no splits)
[17/19601] AACT: ✓ (no splits)
[18/19601] AACG: ✓ (no splits)
[19/19601] AACI: ✓ (no splits)
[20/19601] AAC.WS: ✓ (no splits)
[21/19601] AACT.WS: ✓ (no splits)
[22/19601] AADI: ✓ (no splits)
[23/19601] AADR: ✓ (no splits)
[24/19601] AAGR: ✓ (no splits)
[25/19601] AAIC: ✓ (no splits)
[26/19601] AAGRW: ✓ (no splits)
[27/19601] AAICpB: ✓ (no splits)
[28/19601] AAIN: ✓ (no splits)
[29/19601] AAICpC: ✓ (no splits)
[30/19601] AAM: ✓ (no splits)
[31/19601] AAME: ✓ (no splits)
[32/19601] AAN: ✓ (no splits)
[33/19601] AAL: ✓ (no splits)
[34/19601] AAM.WS: ✓ (no splits)
[35/19601] AAMpB: ✓ (no splits)
[36/19601] AAMpA: ✓ (no splits)
[37/19601] AAMC: ✓ (1 split(s))
[38/19601] AAM.U: ✓ (no splits)
[39/19601] AALG: ✓ (no splits)
[40/19601] AAMI: ✓ (no splits)
[41/19601] AAOI: ✓ (no splits)
[42/19601] AAON: ✓ (1 split(s))
[43/19601] AAP: ✓ (no splits)
[44/19601] AAPB: ✓ (no splits)
[45/19601] AAPD: ✓ (no splits)
[46/19601] AAPG: ✓ (no splits)
[47/19601] AAPGV: ✓ (no splits)
[48/19601] AAPL: ✓ (no splits)
[49/19601] AAPR: ✓ (no splits)
[50/19601] AAPU: ✓ (no splits)
[51/19601] AAPY: ✓ (no splits)
[52/19601] AAQC: ✓ (no splits)
[53/19601] AAQC.U: ✓ (no splits)
[54/19601] AAPX: ✓ (no splits)
[55/19601] AARD: ✓ (no splits)
[56/19601] AAT: ✓ (no splits)
[57/19601] AAQC.WS: ✓ (no splits)
[58/19601] AAU: ✓ (no splits)
[59/19601] AAPW: ✓ (no splits)
[60/19601] AATC: ✓ (no splits)
[61/19601] AAUC: ✓ (no splits)
[62/19601] AAUM: ✓ (no splits)
[63/19601] AAUS: ✓ (no splits)
[64/19601] AAVM: ✓ (no splits)
[65/19601] AAWW: ✓ (no splits)
[66/19601] AAXJ: ✓ (no splits)
[67/19601] AAXN: ✓ (no splits)
[68/19601] AB: ✓ (no splits)
[69/19601] ABAT: ✓ (no splits)
[70/19601] ABB: ✓ (no splits)
[71/19601] ABC: ✓ (no splits)
[72/19601] ABBV: ✓ (no splits)
[73/19601] ABCB: ✓ (no splits)
[74/19601] ABCL: ✓ (no splits)
[75/19601] ABCM: ✓ (no splits)
[76/19601] ABFL: ✓ (no splits)
[77/19601] ABEV: ✓ (no splits)
[78/19601] ABEO: ✓ (1 split(s))
[79/19601] ABCS: ✓ (no splits)
[80/19601] ABEQ: ✓ (no splits)
[81/19601] ABG: ✓ (no splits)
[82/19601] ABGI: ✓ (no splits)
[83/19601] ABHY: ✓ (no splits)
[84/19601] ABI: ✓ (no splits)
[85/19601] ABIG: ✓ (no splits)
[86/19601] ABIO: ✓ (1 split(s))
[87/19601] ABL: ✓ (no splits)
[88/19601] ABLD: ✓ (no splits)
[89/19601] ABLG: ✓ (no splits)
[90/19601] ABLLL: ✓ (no splits)
[91/19601] ABLLW: ✓ (no splits)
[92/19601] ABLS: ✓ (no splits)
[93/19601] ABLV: ✓ (no splits)
[94/19601] ABLVW: ✓ (no splits)
[95/19601] ABM: ✓ (no splits)
[96/19601] ABMD: ✓ (no splits)
[97/19601] ABNG: ✓ (no splits)
[98/19601] ABNB: ✓ (no splits)
[99/19601] ABOS: ✓ (no splits)
[100/19601] ABNY: ✓ (1 split(s))
[101/19601] ABPWW: ✓ (no splits)
[102/19601] ABP: ✓ (1 split(s))
[103/19601] ABOT: ✓ (no splits)
[104/19601] ABR: ✓ (no splits)
[105/19601] ABRpA: ✓ (no splits)
[106/19601] ABRpB: ✓ (no splits)
[107/19601] ABRpD: ✓ (no splits)
[108/19601] ABRpC: ✓ (no splits)
[109/19601] ABRpE: ✓ (no splits)
[110/19601] ABRpF: ✓ (no splits)
[111/19601] ABSI: ✓ (no splits)
[112/19601] ABST: ✓ (no splits)
[113/19601] ABT: ✓ (no splits)
[114/19601] ABTC: ✓ (no splits)
[115/19601] ABTS: ✓ (1 split(s))
[116/19601] ABTX: ✓ (no splits)
[117/19601] ABUS: ✓ (no splits)
[118/19601] ABVC: ✓ (1 split(s))
[119/19601] ABVE: ✓ (no splits)
[120/19601] ABVEW: ✓ (no splits)
[121/19601] ABXB: ✓ (no splits)
[122/19601] AC: ✓ (no splits)
[123/19601] ABVX: ✓ (no splits)
[124/19601] ACA: ✓ (no splits)
[125/19601] ACAB: ✓ (no splits)
[126/19601] ACABU: ✓ (no splits)
[127/19601] ACAC: ✓ (no splits)
[128/19601] ACABW: ✓ (no splits)
[129/19601] ACACU: ✓ (no splits)
[130/19601] ACACW: ✓ (no splits)
[131/19601] ACAD: ✓ (no splits)
[132/19601] ACAH: ✓ (no splits)
[133/19601] ACAHU: ✓ (no splits)
[134/19601] ACAHW: ✓ (no splits)
[135/19601] ACAM: ✓ (no splits)
[136/19601] ACAMU: ✓ (no splits)
[137/19601] ACAMW: ✓ (no splits)
[138/19601] ACAQ: ✓ (no splits)
[139/19601] ACAQ.U: ✓ (no splits)
[140/19601] ACAQ.WS: ✓ (no splits)
[141/19601] ACAX: ✓ (no splits)
[142/19601] ACAXR: ✓ (no splits)
[143/19601] ACAXU: ✓ (no splits)
[144/19601] ACAXW: ✓ (no splits)
[145/19601] ACB: ✓ (1 split(s))
[146/19601] ACBA: ✓ (no splits)
[147/19601] ACBAU: ✓ (no splits)
[148/19601] ACBI: ✓ (no splits)
[149/19601] ACC: ✓ (no splits)
[150/19601] ACBAW: ✓ (no splits)
[151/19601] ACCD: ✓ (no splits)
[152/19601] ACCL: ✓ (no splits)
[153/19601] ACCS: ✓ (no splits)
[154/19601] ACCO: ✓ (no splits)
[155/19601] ACDC: ✓ (no splits)
[156/19601] ACDCW: ✓ (no splits)
[157/19601] ACDI: ✓ (no splits)
[158/19601] ACDI.U: ✓ (no splits)
[159/19601] ACDI.WS: ✓ (no splits)
[160/19601] ACEI: ✓ (no splits)
[161/19601] ACEP: ✓ (no splits)
[162/19601] ACEL: ✓ (no splits)
[163/19601] ACER: ✓ (no splits)
[164/19601] ACES: ✓ (no splits)
[165/19601] ACET: ✓ (no splits)
[166/19601] ACEV: ✓ (no splits)
[167/19601] ACEVW: ✓ (no splits)
[168/19601] ACEVU: ✓ (no splits)
[169/19601] ACGL: ✓ (no splits)
[170/19601] ACFN: ✓ (1 split(s))
[171/19601] ACGLN: ✓ (no splits)
[172/19601] ACGLO: ✓ (no splits)
[173/19601] ACGLP: ✓ (no splits)
[174/19601] ACGN: ✓ (1 split(s))
[175/19601] ACGR: ✓ (no splits)
[176/19601] ACH: ✓ (no splits)
[177/19601] ACHC: ✓ (no splits)
[178/19601] ACHR: ✓ (no splits)
[179/19601] ACHL: ✓ (no splits)
[180/19601] ACHR.WS: ✓ (no splits)
[181/19601] ACHV: ✓ (no splits)
[182/19601] ACIA: ✓ (no splits)
[183/19601] ACI: ✓ (no splits)
[184/19601] ACIC: ✓ (no splits)
[185/19601] ACIC.U: ✓ (no splits)
[186/19601] ACIC.WS: ✓ (no splits)
[187/19601] ACII: ✓ (no splits)
[188/19601] ACII.WS: ✓ (no splits)
[189/19601] ACIO: ✓ (no splits)
[190/19601] ACII.U: ✓ (no splits)
[191/19601] ACIU: ✓ (no splits)
[192/19601] ACIW: ✓ (no splits)
[193/19601] ACKIU: ✓ (no splits)
[194/19601] ACKIT: ✓ (no splits)
[195/19601] ACKIW: ✓ (no splits)
[196/19601] ACKY: ✓ (no splits)
[197/19601] ACLC: ✓ (no splits)
[198/19601] ACLS: ✓ (no splits)
[199/19601] ACLO: ✓ (no splits)
[200/19601] ACLX: ✓ (no splits)
[201/19601] ACM: ✓ (no splits)
[202/19601] ACMR: ✓ (1 split(s))
[203/19601] ACN: ✓ (no splits)
[204/19601] ACNB: ✓ (no splits)
[205/19601] ACND: ✓ (no splits)
[206/19601] ACND.U: ✓ (no splits)
[207/19601] ACND.WS: ✓ (no splits)
[208/19601] ACNT: ✓ (no splits)
[209/19601] ACOG: ✓ (no splits)
[210/19601] ACON: ✓ (3 split(s))
[211/19601] ACONW: ✓ (no splits)
[212/19601] ACOR: ✓ (2 split(s))
[213/19601] ACP: ✓ (no splits)
[214/19601] ACPpA: ✓ (no splits)
[215/19601] ACPr: ✓ (no splits)
[216/19601] ACPrw: ✓ (no splits)
[217/19601] ACQR: ✓ (no splits)
[218/19601] ACQRU: ✓ (no splits)
[219/19601] ACQRW: ✓ (no splits)
[220/19601] ACR: ✓ (1 split(s))
[221/19601] ACRE: ✓ (no splits)
[222/19601] ACRO: ✓ (no splits)
[223/19601] ACRO.U: ✓ (no splits)
[224/19601] ACRO.WS: ✓ (no splits)
[225/19601] ACRS: ✓ (no splits)
[226/19601] ACRV: ✓ (no splits)
[227/19601] ACRX: ✓ (1 split(s))
[228/19601] ACRpC: ✓ (no splits)
[229/19601] ACSG: ✓ (no splits)
[230/19601] ACRpD: ✓ (no splits)
[231/19601] ACSI: ✓ (no splits)
[232/19601] ACST: ✓ (2 split(s))
[233/19601] ACSV: ✓ (no splits)
[234/19601] ACT: ✓ (no splits)
[235/19601] ACTC: ✓ (no splits)
[236/19601] ACTCU: ✓ (no splits)
[237/19601] ACTCW: ✓ (no splits)
[238/19601] ACTD: ✓ (no splits)
[239/19601] ACTDU: ✓ (no splits)
[240/19601] ACTDW: ✓ (no splits)
[241/19601] ACTG: ✓ (no splits)
[242/19601] ACTU: ✓ (no splits)
[243/19601] ACTV: ✓ (no splits)
[244/19601] ACV: ✓ (no splits)
[245/19601] ACU: ✓ (no splits)
[246/19601] ACVA: ✓ (no splits)
[247/19601] ACVF: ✓ (no splits)
[248/19601] ACVT: ✓ (no splits)
[249/19601] ACWF: ✓ (no splits)
[250/19601] ACWV: ✓ (no splits)
[251/19601] ACWI: ✓ (no splits)
[252/19601] ACWX: ✓ (no splits)
[253/19601] ACY: ✓ (no splits)
[254/19601] ACXP: ✓ (1 split(s))
[255/19601] ADAG: ✓ (no splits)
[256/19601] AD: ✓ (no splits)
[257/19601] ADAL: ✓ (no splits)
[258/19601] ADALU: ✓ (no splits)
[259/19601] ADALW: ✓ (no splits)
[260/19601] ADAM: ✓ (no splits)
[261/19601] ADAMG: ✓ (no splits)
[262/19601] ADAMH: ✓ (no splits)
[263/19601] ADAMI: ✓ (no splits)
[264/19601] ADAMM: ✓ (no splits)
[265/19601] ADAML: ✓ (no splits)
[266/19601] ADAMN: ✓ (no splits)
[267/19601] ADAMZ: ✓ (no splits)
[268/19601] ADAP: ✓ (no splits)
[269/19601] ADBE: ✓ (no splits)
[270/19601] ADC: ✓ (no splits)
[271/19601] ADBG: ✓ (no splits)
[272/19601] ADCT: ✓ (no splits)
[273/19601] ADCpA: ✓ (no splits)
[274/19601] ADD: ✓ (3 split(s))
[275/19601] ADEA: ✓ (no splits)
[276/19601] ADEAV: ✓ (no splits)
[277/19601] ADER: ✓ (no splits)
[278/19601] ADERU: ✓ (no splits)
[279/19601] ADERW: ✓ (no splits)
[280/19601] ADES: ✓ (no splits)
[281/19601] ADEX: ✓ (no splits)
[282/19601] ADEX.U: ✓ (no splits)
[283/19601] ADEX.WS: ✓ (no splits)
[284/19601] ADF.U: ✓ (no splits)
[285/19601] ADF: ✓ (no splits)
[286/19601] ADF.WS: ✓ (no splits)
[287/19601] ADFI: ✓ (no splits)
[288/19601] ADGI: ✓ (no splits)
[289/19601] ADGM: ✓ (no splits)
[290/19601] ADI: ✓ (no splits)
[291/19601] ADIL: ✓ (1 split(s))
[292/19601] ADILW: ✓ (no splits)
[293/19601] ADIV: ✓ (no splits)
[294/19601] ADM: ✓ (no splits)
[295/19601] ADMA: ✓ (no splits)
[296/19601] ADME: ✓ (no splits)
[297/19601] ADMP: ✓ (1 split(s))
[298/19601] ADMS: ✓ (no splits)
[299/19601] ADN: ✓ (1 split(s))
[300/19601] ADNT: ✓ (no splits)
[301/19601] ADNWW: ✓ (no splits)
[302/19601] ADOC: ✓ (no splits)
[303/19601] ADOCR: ✓ (no splits)
[304/19601] ADOCU: ✓ (no splits)
[305/19601] ADOCW: ✓ (no splits)
[306/19601] ADP: ✓ (no splits)
[307/19601] ADPT: ✓ (no splits)
[308/19601] ADRA: ✓ (no splits)
[309/19601] ADPV: ✓ (no splits)
[310/19601] ADRA.U: ✓ (no splits)
[311/19601] ADRA.WS: ✓ (no splits)
[312/19601] ADRE: ✓ (no splits)
[313/19601] ADRT.U: ✓ (no splits)
[314/19601] ADRT: ✓ (no splits)
[315/19601] ADRT.WS: ✓ (no splits)
[316/19601] ADS: ✓ (no splits)
[317/19601] ADSE: ✓ (no splits)
[318/19601] ADSEW: ✓ (no splits)
[319/19601] ADSK: ✓ (no splits)
[320/19601] ADSw: ✓ (no splits)
[321/19601] ADT: ✓ (no splits)
[322/19601] ADTH: ✓ (no splits)
[323/19601] ADTHW: ✓ (no splits)
[324/19601] ADTN: ✓ (no splits)
[325/19601] ADTX: ✓ (5 split(s))
[326/19601] ADUR: ✓ (no splits)
[327/19601] ADUS: ✓ (no splits)
[328/19601] ADVB: ✓ (no splits)
[329/19601] ADV: ✓ (no splits)
[330/19601] ADVE: ✓ (no splits)
[331/19601] ADVM: ✓ (1 split(s))
[332/19601] ADVWW: ✓ (no splits)
[333/19601] ADXN: ✓ (1 split(s))
[334/19601] ADX: ✓ (no splits)
[335/19601] ADXS: ✓ (1 split(s))
[336/19601] AE: ✓ (no splits)
[337/19601] AEAC: ✓ (no splits)
[338/19601] AEACU: ✓ (no splits)
[339/19601] AEACW: ✓ (no splits)
[340/19601] AEAE: ✓ (no splits)
[341/19601] AEAEU: ✓ (no splits)
[342/19601] AEAEW: ✓ (no splits)
[343/19601] AEAQU: ✓ (no splits)
[344/19601] AEB: ✓ (no splits)
[345/19601] AEBI: ✓ (no splits)
[346/19601] AEBIV: ✓ (no splits)
[347/19601] AEC: ✓ (no splits)
[348/19601] AEF: ✓ (no splits)
[349/19601] AEE: ✓ (no splits)
[350/19601] AEGN: ✓ (no splits)
[351/19601] AEG: ✓ (4 split(s))
[352/19601] AEFC: ✓ (no splits)
[353/19601] AEHAU: ✓ (no splits)
[354/19601] AEHA: ✓ (no splits)
[355/19601] AEHAW: ✓ (no splits)
[356/19601] AEHL: ✓ (2 split(s))
[357/19601] AEHR: ✓ (no splits)
[358/19601] AEI: ✓ (1 split(s))
[359/19601] AEIS: ✓ (no splits)
[360/19601] AEL: ✓ (no splits)
[361/19601] AELpA: ✓ (no splits)
[362/19601] AELpB: ✓ (no splits)
[363/19601] AEM: ✓ (no splits)
[364/19601] AEMB: ✓ (no splits)
[365/19601] AEMD: ✓ (3 split(s))
[366/19601] AEMS: ✓ (no splits)
[367/19601] AENT: ✓ (no splits)
[368/19601] AENTW: ✓ (no splits)
[369/19601] AENZ: ✓ (1 split(s))
[370/19601] AEO: ✓ (no splits)
[371/19601] AEON.WS: ✓ (no splits)
[372/19601] AEON: ✓ (1 split(s))
[373/19601] AEP: ✓ (no splits)
[374/19601] AEPPL: ✓ (no splits)
[375/19601] AEPPZ: ✓ (no splits)
[376/19601] AER: ✓ (no splits)
[377/19601] AERC: ✓ (no splits)
[378/19601] AERI: ✓ (no splits)
[379/19601] AERO: ✓ (no splits)
[380/19601] AERT: ✓ (no splits)
[381/19601] AERTW: ✓ (no splits)
[382/19601] AES: ✓ (no splits)
[383/19601] AESC: ✓ (no splits)
[384/19601] AESE: ✓ (no splits)
[385/19601] AESR: ✓ (no splits)
[386/19601] AETH: ✓ (no splits)
[387/19601] AESI: ✓ (no splits)
[388/19601] AEVA: ✓ (1 split(s))
[389/19601] AEVA.WS: ✓ (no splits)
[390/19601] AEVAW: ✓ (no splits)
[391/19601] AEXA: ✓ (no splits)
[392/19601] AEY: ✓ (1 split(s))
[393/19601] AEYE: ✓ (no splits)
[394/19601] AEZS: ✓ (2 split(s))
[395/19601] AFAC: ✓ (no splits)
[396/19601] AFACU: ✓ (no splits)
[397/19601] AFACW: ✓ (no splits)
[398/19601] AFAQ: ✓ (no splits)
[399/19601] AFAQU: ✓ (no splits)
[400/19601] AFAQW: ✓ (no splits)
[401/19601] AFAR: ✓ (no splits)
[402/19601] AFARU: ✓ (no splits)
[403/19601] AFARW: ✓ (no splits)
[404/19601] AFB: ✓ (no splits)
[405/19601] AFBI: ✓ (no splits)
[406/19601] AFCG: ✓ (no splits)
[407/19601] AFC: ✓ (no splits)
[408/19601] AFCGV: ✓ (no splits)
[409/19601] AFG: ✓ (no splits)
[410/19601] AFGB: ✓ (no splits)
[411/19601] AFGC: ✓ (no splits)
[412/19601] AFGD: ✓ (no splits)
[413/19601] AFI: ✓ (no splits)
[414/19601] AFGE: ✓ (no splits)
[415/19601] AFIB: ✓ (no splits)
[416/19601] AFIF: ✓ (no splits)
[417/19601] AFIN: ✓ (no splits)
[418/19601] AFINO: ✓ (no splits)
[419/19601] AFINP: ✓ (no splits)
[420/19601] AFIX: ✓ (no splits)
[421/19601] AFJK: ✓ (no splits)
[422/19601] AFJKR: ✓ (no splits)
[423/19601] AFJKU: ✓ (no splits)
[424/19601] AFK: ✓ (no splits)
[425/19601] AFLG: ✓ (no splits)
[426/19601] AFL: ✓ (no splits)
[427/19601] AFMC: ✓ (no splits)
[428/19601] AFMD: ✓ (1 split(s))
[429/19601] AFOS: ✓ (no splits)
[430/19601] AFRI: ✓ (no splits)
[431/19601] AFRIW: ✓ (no splits)
[432/19601] AFRM: ✓ (no splits)
[433/19601] AFSC: ✓ (no splits)
[434/19601] AFRU: ✓ (no splits)
[435/19601] AFSM: ✓ (no splits)
[436/19601] AFTR: ✓ (no splits)
[437/19601] AFT: ✓ (no splits)
[438/19601] AFTR.U: ✓ (no splits)
[439/19601] AFTR.WS: ✓ (no splits)
[440/19601] AFTY: ✓ (no splits)
[441/19601] AFYA: ✓ (no splits)
[442/19601] AG: ✓ (no splits)
[443/19601] AGAC: ✓ (no splits)
[444/19601] AGAC.U: ✓ (no splits)
[445/19601] AGAE: ✓ (no splits)
[446/19601] AGAC.WS: ✓ (no splits)
[447/19601] AGBA: ✓ (2 split(s))
[448/19601] AGBAR: ✓ (no splits)
[449/19601] AGBAU: ✓ (no splits)
[450/19601] AGBAW: ✓ (no splits)
[451/19601] AGC: ✓ (no splits)
[452/19601] AGCB: ✓ (no splits)
[453/19601] AGCC: ✓ (no splits)
[454/19601] AGCO: ✓ (no splits)
[455/19601] AGCUU: ✓ (no splits)
[456/19601] AGD: ✓ (no splits)
[457/19601] AGCWW: ✓ (no splits)
[458/19601] AGE: ✓ (1 split(s))
[459/19601] AGEM: ✓ (no splits)
[460/19601] AGEN: ✓ (1 split(s))
[461/19601] AGFS: ✓ (no splits)
[462/19601] AGFY: ✓ (3 split(s))
[463/19601] AGG: ✓ (no splits)
[464/19601] AGGA: ✓ (no splits)
[465/19601] AGGH: ✓ (no splits)
[466/19601] AGGP: ✓ (no splits)
[467/19601] AGGR: ✓ (no splits)
[468/19601] AGGRU: ✓ (no splits)
[469/19601] AGGRW: ✓ (no splits)
[470/19601] AGGS: ✓ (no splits)
[471/19601] AGGY: ✓ (no splits)
[472/19601] AGH: ✓ (no splits)
[473/19601] AGI: ✓ (no splits)
[474/19601] AGIH: ✓ (no splits)
[475/19601] AGIL: ✓ (no splits)
[476/19601] AGILW: ✓ (no splits)
[477/19601] AGIO: ✓ (no splits)
[478/19601] AGIQ: ✓ (no splits)
[479/19601] AGIX: ✓ (no splits)
[480/19601] AGL: ✓ (no splits)
[481/19601] AGLE: ✓ (no splits)
[482/19601] AGM: ✓ (no splits)
[483/19601] AGM.A: ✓ (no splits)
[484/19601] AGMH: ✓ (1 split(s))
[485/19601] AGMI: ✓ (no splits)
[486/19601] AGMpC: ✓ (no splits)
[487/19601] AGMpD: ✓ (no splits)
[488/19601] AGMpF: ✓ (no splits)
[489/19601] AGMpE: ✓ (no splits)
[490/19601] AGMpG: ✓ (no splits)
[491/19601] AGMpH: ✓ (no splits)
[492/19601] AGNC: ✓ (no splits)
[493/19601] AGNCL: ✓ (no splits)
[494/19601] AGNCM: ✓ (no splits)
[495/19601] AGNCN: ✓ (no splits)
[496/19601] AGNCO: ✓ (no splits)
[497/19601] AGNCP: ✓ (no splits)
[498/19601] AGNCZ: ✓ (no splits)
[499/19601] AGNG: ✓ (no splits)
[500/19601] AGO: ✓ (no splits)
  → Checkpoint saved: 61 splits so far
[501/19601] AGOV: ✓ (no splits)
[502/19601] AGOX: ✓ (no splits)
[503/19601] AGOpB: ✓ (no splits)
[504/19601] AGOpE: ✓ (no splits)
[505/19601] AGOpF: ✓ (no splits)
[506/19601] AGQ: ✓ (no splits)
[507/19601] AGQI: ✓ (no splits)
[508/19601] AGR: ✓ (no splits)
[509/19601] AGRH: ✓ (no splits)
[510/19601] AGRI: ✓ (2 split(s))
[511/19601] AGRO: ✓ (no splits)
[512/19601] AGRIW: ✓ (no splits)
[513/19601] AGRW: ✓ (no splits)
[514/19601] AGRX: ✓ (2 split(s))
[515/19601] AGRZ: ✓ (no splits)
[516/19601] AGS: ✓ (no splits)
[517/19601] AGTC: ✓ (no splits)
[518/19601] AGT: ✓ (no splits)
[519/19601] AGTI: ✓ (no splits)
[520/19601] AGX: ✓ (no splits)
[521/19601] AGYS: ✓ (no splits)
[522/19601] AGZ: ✓ (no splits)
[523/19601] AGZD: ✓ (1 split(s))
[524/19601] AHAC: ✓ (no splits)
[525/19601] AHACU: ✓ (no splits)
[526/19601] AHACW: ✓ (no splits)
[527/19601] AHC: ✓ (1 split(s))
[528/19601] AHCO: ✓ (no splits)
[529/19601] AHG: ✓ (no splits)
[530/19601] AHHX: ✓ (no splits)
[531/19601] AHH: ✓ (no splits)
[532/19601] AHHpA: ✓ (no splits)
[533/19601] AHI: ✓ (1 split(s))
[534/19601] AHL: ✓ (no splits)
[535/19601] AHLT: ✓ (no splits)
[536/19601] AHLpC: ✓ (no splits)
[537/19601] AHLpE: ✓ (no splits)
[538/19601] AHLpD: ✓ (no splits)
[539/19601] AHLpF: ✓ (no splits)
[540/19601] AHMA: ✓ (no splits)
[541/19601] AHOY: ✓ (no splits)
[542/19601] AHPA: ✓ (no splits)
[543/19601] AHPAU: ✓ (no splits)
[544/19601] AHPAW: ✓ (no splits)
[545/19601] AHPI: ✓ (no splits)
[546/19601] AHR: ✓ (no splits)
[547/19601] AHRN: ✓ (no splits)
[548/19601] AHRNU: ✓ (no splits)
[549/19601] AHRNW: ✓ (no splits)
[550/19601] AHTpD: ✓ (no splits)
[551/19601] AHT: ✓ (2 split(s))
[552/19601] AHTpF: ✓ (no splits)
[553/19601] AHTpG: ✓ (no splits)
[554/19601] AHTpH: ✓ (no splits)
[555/19601] AHTpI: ✓ (no splits)
[556/19601] AHYB: ✓ (no splits)
[557/19601] AI: ✓ (no splits)
[558/19601] AIA: ✓ (no splits)
[559/19601] AIB: ✓ (no splits)
[560/19601] AIBBR: ✓ (no splits)
[561/19601] AIBBU: ✓ (no splits)
[562/19601] AIBD: ✓ (no splits)
[563/19601] AIBU: ✓ (no splits)
[564/19601] AIC: ✓ (no splits)
[565/19601] AIDB: ✓ (no splits)
[566/19601] AIEQ: ✓ (no splits)
[567/19601] AIEV: ✓ (no splits)
[568/19601] AIF: ✓ (no splits)
[569/19601] AIFD: ✓ (no splits)
[570/19601] AIFER: ✓ (no splits)
[571/19601] AIFEU: ✓ (no splits)
[572/19601] AIFE: ✓ (no splits)
[573/19601] AIFF: ✓ (no splits)
[574/19601] AIFU: ✓ (2 split(s))
[575/19601] AIG: ✓ (no splits)
[576/19601] AIGpA: ✓ (no splits)
[577/19601] AIG.WS: ✓ (no splits)
[578/19601] AIH: ✓ (no splits)
[579/19601] AIHS: ✓ (2 split(s))
[580/19601] AII: ✓ (no splits)
[581/19601] AIIA: ✓ (no splits)
[582/19601] AIIAr: ✓ (no splits)
[583/19601] AIIA.U: ✓ (no splits)
[584/19601] AIIO: ✓ (no splits)
[585/19601] AIIOW: ✓ (no splits)
[586/19601] AIIQ: ✓ (no splits)
[587/19601] AIKI: ✓ (no splits)
[588/19601] AILE: ✓ (no splits)
[589/19601] AILEW: ✓ (no splits)
[590/19601] AILG: ✓ (no splits)
[591/19601] AILV: ✓ (no splits)
[592/19601] AIM: ✓ (no splits)
[593/19601] AIMAW: ✓ (no splits)
[594/19601] AIMAU: ✓ (no splits)
[595/19601] AIMBU: ✓ (no splits)
[596/19601] AIMC: ✓ (no splits)
[597/19601] AIMD: ✓ (3 split(s))
[598/19601] AIMDW: ✓ (no splits)
[599/19601] AIN: ✓ (no splits)
[600/19601] AINC: ✓ (2 split(s))
[601/19601] AINP: ✓ (no splits)
[602/19601] AINV: ✓ (no splits)
[603/19601] AIO: ✓ (no splits)
[604/19601] AIOO: ✓ (no splits)
[605/19601] AIOT: ✓ (no splits)
[606/19601] AIP: ✓ (no splits)
[607/19601] AIPI: ✓ (no splits)
[608/19601] AIPO: ✓ (no splits)
[609/19601] AIQ: ✓ (no splits)
[610/19601] AIR: ✓ (no splits)
[611/19601] AIRC: ✓ (no splits)
[612/19601] AIRE: ✓ (no splits)
[613/19601] AIRG: ✓ (no splits)
[614/19601] AIRI: ✓ (1 split(s))
[615/19601] AIRJ: ✓ (no splits)
[616/19601] AIRJW: ✓ (no splits)
[617/19601] AIRL: ✓ (no splits)
[618/19601] AIRO: ✓ (no splits)
[619/19601] AIRR: ✓ (no splits)
[620/19601] AIRS: ✓ (no splits)
[621/19601] AIRT: ✓ (no splits)
[622/19601] AIRTP: ✓ (no splits)
[623/19601] AIRTW: ✓ (no splits)
[624/19601] AIS: ✓ (no splits)
[625/19601] AISP: ✓ (no splits)
[626/19601] AISPW: ✓ (no splits)
[627/19601] AIT: ✓ (no splits)
[628/19601] AITR: ✓ (no splits)
[629/19601] AITRR: ✓ (no splits)
[630/19601] AITRU: ✓ (no splits)
[631/19601] AIU: ✓ (2 split(s))
[632/19601] AIV: ✓ (no splits)
[633/19601] AIVC: ✓ (no splits)
[634/19601] AIVI: ✓ (no splits)
[635/19601] AIVL: ✓ (no splits)
[636/19601] AIW: ✓ (no splits)
[637/19601] AIXC: ✓ (no splits)
[638/19601] AIXI: ✓ (1 split(s))
[639/19601] AIZ: ✓ (no splits)
[640/19601] AIYY: ✓ (1 split(s))
[641/19601] AIZN: ✓ (no splits)
[642/19601] AIZP: ✓ (no splits)
[643/19601] AJAN: ✓ (no splits)
[644/19601] AJAX: ✓ (no splits)
[645/19601] AJAX.U: ✓ (no splits)
[646/19601] AJAX.WS: ✓ (no splits)
[647/19601] AJG: ✓ (no splits)
[648/19601] AJRD: ✓ (no splits)
[649/19601] AJUL: ✓ (no splits)
[650/19601] AJX: ✓ (no splits)
[651/19601] AJXA: ✓ (no splits)
[652/19601] AKA: ✓ (1 split(s))
[653/19601] AKAF: ✓ (no splits)
[654/19601] AKAM: ✓ (no splits)
[655/19601] AKAN: ✓ (4 split(s))
[656/19601] AKBA: ✓ (no splits)
[657/19601] AKER: ✓ (1 split(s))
[658/19601] AKIC: ✓ (no splits)
[659/19601] AKICU: ✓ (no splits)
[660/19601] AKICW: ✓ (no splits)
[661/19601] AKO.A: ✓ (no splits)
[662/19601] AKLI: ✓ (no splits)
[663/19601] AKO.B: ✓ (no splits)
[664/19601] AKR: ✓ (no splits)
[665/19601] AKRE: ✓ (no splits)
[666/19601] AKRO: ✓ (no splits)
[667/19601] AKTS: ✓ (no splits)
[668/19601] AKTX: ✓ (1 split(s))
[669/19601] AKU: ✓ (no splits)
[670/19601] AKUS: ✓ (no splits)
[671/19601] AKYA: ✓ (no splits)
[672/19601] AL: ✓ (no splits)
[673/19601] ALAB: ✓ (no splits)
[674/19601] ALAC: ✓ (no splits)
[675/19601] ALACR: ✓ (no splits)
[676/19601] ALACU: ✓ (no splits)
[677/19601] ALACW: ✓ (no splits)
[678/19601] ALAI: ✓ (no splits)
[679/19601] ALAR: ✓ (1 split(s))
[680/19601] ALB: ✓ (no splits)
[681/19601] ALBO: ✓ (no splits)
[682/19601] ALBT: ✓ (2 split(s))
[683/19601] ALBpA: ✓ (no splits)
[684/19601] ALC: ✓ (no splits)
[685/19601] ALCC: ✓ (no splits)
[686/19601] ALCE: ✓ (2 split(s))
[687/19601] ALCO: ✓ (no splits)
[688/19601] ALCYU: ✓ (no splits)
[689/19601] ALCY: ✓ (no splits)
[690/19601] ALCYW: ✓ (no splits)
[691/19601] ALDF: ✓ (no splits)
[692/19601] ALDFU: ✓ (no splits)
[693/19601] ALDFW: ✓ (no splits)
[694/19601] ALDX: ✓ (no splits)
[695/19601] ALE: ✓ (no splits)
[696/19601] ALEX: ✓ (no splits)
[697/19601] ALF: ✓ (no splits)
[698/19601] ALEC: ✓ (no splits)
[699/19601] ALFA: ✓ (no splits)
[700/19601] ALFIW: ✓ (no splits)
[701/19601] ALFUU: ✓ (no splits)
[702/19601] ALFUW: ✓ (no splits)
[703/19601] ALGM: ✓ (no splits)
[704/19601] ALG: ✓ (no splits)
[705/19601] ALGN: ✓ (no splits)
[706/19601] ALGS: ✓ (1 split(s))
[707/19601] ALGT: ✓ (no splits)
[708/19601] ALHC: ✓ (no splits)
[709/19601] ALH: ✓ (no splits)
[710/19601] ALIL: ✓ (no splits)
[711/19601] ALIM: ✓ (no splits)
[712/19601] ALINpA: ✓ (no splits)
[713/19601] ALINpE: ✓ (no splits)
[714/19601] ALINpB: ✓ (no splits)
[715/19601] ALIS: ✓ (no splits)
[716/19601] ALISR: ✓ (no splits)
[717/19601] ALISU: ✓ (no splits)
[718/19601] ALIT: ✓ (no splits)
[719/19601] ALIT.WS: ✓ (no splits)
[720/19601] ALJJ: ✓ (no splits)
[721/19601] ALK: ✓ (no splits)
[722/19601] ALKSV: ✓ (no splits)
[723/19601] ALKT: ✓ (no splits)
[724/19601] ALKS: ✓ (no splits)
[725/19601] ALL: ✓ (no splits)
[726/19601] ALLE: ✓ (no splits)
[727/19601] ALLG: ✓ (no splits)
[728/19601] ALLG.WS: ✓ (no splits)
[729/19601] ALLK: ✓ (no splits)
[730/19601] ALLO: ✓ (no splits)
[731/19601] ALLR: ✓ (4 split(s))
[732/19601] ALLT: ✓ (no splits)
[733/19601] ALLW: ✓ (no splits)
[734/19601] ALLYpA: ✓ (no splits)
[735/19601] ALLY: ✓ (no splits)
[736/19601] ALLpB: ✓ (no splits)
[737/19601] ALLpG: ✓ (no splits)
[738/19601] ALLpH: ✓ (no splits)
[739/19601] ALLpI: ✓ (no splits)
[740/19601] ALLpJ: ✓ (no splits)
[741/19601] ALM: ✓ (1 split(s))
[742/19601] ALMS: ✓ (no splits)
[743/19601] ALMU: ✓ (no splits)
[744/19601] ALNA: ✓ (no splits)
[745/19601] ALNT: ✓ (1 split(s))
[746/19601] ALNY: ✓ (no splits)
[747/19601] ALOR: ✓ (no splits)
[748/19601] ALORU: ✓ (no splits)
[749/19601] ALORW: ✓ (no splits)
[750/19601] ALOT: ✓ (no splits)
[751/19601] ALPA: ✓ (no splits)
[752/19601] ALPAU: ✓ (no splits)
[753/19601] ALPAW: ✓ (no splits)
[754/19601] ALPP: ✓ (1 split(s))
[755/19601] ALPN: ✓ (no splits)
[756/19601] ALPS: ✓ (no splits)
[757/19601] ALPpQ: ✓ (no splits)
[758/19601] ALR: ✓ (no splits)
[759/19601] ALRM: ✓ (no splits)
[760/19601] ALRG: ✓ (no splits)
[761/19601] ALRN: ✓ (1 split(s))
[762/19601] ALSA: ✓ (no splits)
[763/19601] ALRS: ✓ (no splits)
[764/19601] ALSAR: ✓ (no splits)
[765/19601] ALSAU: ✓ (no splits)
[766/19601] ALSAW: ✓ (no splits)
[767/19601] ALSK: ✓ (no splits)
[768/19601] ALSN: ✓ (no splits)
[769/19601] ALT: ✓ (no splits)
[770/19601] ALTA: ✓ (no splits)
[771/19601] ALTG: ✓ (no splits)
[772/19601] ALTG.WS: ✓ (no splits)
[773/19601] ALTGpA: ✓ (no splits)
[774/19601] ALTI: ✓ (no splits)
[775/19601] ALTIW: ✓ (no splits)
[776/19601] ALTL: ✓ (no splits)
[777/19601] ALTM: ✓ (no splits)
[778/19601] ALTO: ✓ (no splits)
[779/19601] ALTR: ✓ (no splits)
[780/19601] ALTS: ✓ (no splits)
[781/19601] ALTU: ✓ (no splits)
[782/19601] ALTUU: ✓ (no splits)
[783/19601] ALTUW: ✓ (no splits)
[784/19601] ALTY: ✓ (no splits)
[785/19601] ALUM: ✓ (no splits)
[786/19601] ALUB.U: ✓ (no splits)
[787/19601] ALUR: ✓ (1 split(s))
[788/19601] ALUR.WS: ✓ (no splits)
[789/19601] ALUS: ✓ (no splits)
[790/19601] ALUS.U: ✓ (no splits)
[791/19601] ALUS.WS: ✓ (no splits)
[792/19601] ALV: ✓ (no splits)
[793/19601] ALVO: ✓ (no splits)
[794/19601] ALVOW: ✓ (no splits)
[795/19601] ALVR: ✓ (1 split(s))
[796/19601] ALX: ✓ (no splits)
[797/19601] ALXN: ✓ (no splits)
[798/19601] ALXO: ✓ (no splits)
[799/19601] ALZN: ✓ (3 split(s))
[800/19601] ALYA: ✓ (no splits)
[801/19601] ALpA: ✓ (no splits)
[802/19601] AMAL: ✓ (no splits)
[803/19601] AM: ✓ (no splits)
[804/19601] AMAO: ✓ (no splits)
[805/19601] AMAOU: ✓ (no splits)
[806/19601] AMAM: ✓ (no splits)
[807/19601] AMAOW: ✓ (no splits)
[808/19601] AMAT: ✓ (no splits)
[809/19601] AMAX: ✓ (no splits)
[810/19601] AMBA: ✓ (no splits)
[811/19601] AMBC: ✓ (no splits)
[812/19601] AMBC.WS: ✓ (no splits)
[813/19601] AMBI: ✓ (no splits)
[814/19601] AMBO: ✓ (1 split(s))
[815/19601] AMBI.WS: ✓ (no splits)
[816/19601] AMBP: ✓ (no splits)
[817/19601] AMBP.WS: ✓ (no splits)
[818/19601] AMBQ: ✓ (no splits)
[819/19601] AMBR: ✓ (no splits)
[820/19601] AMCA: ✓ (no splits)
[821/19601] AMC: ✓ (1 split(s))
[822/19601] AMCI: ✓ (no splits)
[823/19601] AMCIU: ✓ (no splits)
[824/19601] AMCIW: ✓ (no splits)
[825/19601] AMCR: ✓ (no splits)
[826/19601] AMCX: ✓ (no splits)
[827/19601] AMD: ✓ (no splits)
[828/19601] AMDD: ✓ (no splits)
[829/19601] AMDL: ✓ (no splits)
[830/19601] AMDG: ✓ (no splits)
[831/19601] AMDS: ✓ (no splits)
[832/19601] AMDU: ✓ (no splits)
[833/19601] AMDW: ✓ (no splits)
[834/19601] AME: ✓ (no splits)
[835/19601] AMDY: ✓ (no splits)
[836/19601] AMED: ✓ (no splits)
[837/19601] AMEH: ✓ (no splits)
[838/19601] AMER: ✓ (no splits)
[839/19601] AMG: ✓ (no splits)
[840/19601] AMH: ✓ (no splits)
[841/19601] AMGN: ✓ (no splits)
[842/19601] AMHC: ✓ (no splits)
[843/19601] AMHCU: ✓ (no splits)
[844/19601] AMHCW: ✓ (no splits)
[845/19601] AMHpE: ✓ (no splits)
[846/19601] AMHpF: ✓ (no splits)
[847/19601] AMHpD: ✓ (no splits)
[848/19601] AMHpG: ✓ (no splits)
[849/19601] AMHpH: ✓ (no splits)
[850/19601] AMID: ✓ (no splits)
[851/19601] AMJ: ✓ (no splits)
[852/19601] AMIX: ✓ (1 split(s))
[853/19601] AMJB: ✓ (no splits)
[854/19601] AMK: ✓ (no splits)
[855/19601] AMKR: ✓ (no splits)
[856/19601] AMLI: ✓ (no splits)
[857/19601] AMLP: ✓ (no splits)
[858/19601] AMLX: ✓ (no splits)
[859/19601] AMN: ✓ (no splits)
[860/19601] AMNB: ✓ (no splits)
[861/19601] AMNA: ✓ (no splits)
[862/19601] AMND: ✓ (no splits)
[863/19601] AMOD: ✓ (no splits)
[864/19601] AMODW: ✓ (no splits)
[865/19601] AMOM: ✓ (no splits)
[866/19601] AMOV: ✓ (no splits)
[867/19601] AMOT: ✓ (no splits)
[868/19601] AMP: ✓ (no splits)
[869/19601] AMPD: ✓ (no splits)
[870/19601] AMPGW: ✓ (no splits)
[871/19601] AMPE: ✓ (2 split(s))
[872/19601] AMPG: ✓ (1 split(s))
[873/19601] AMPH: ✓ (no splits)
[874/19601] AMPI: ✓ (no splits)
[875/19601] AMPL: ✓ (no splits)
[876/19601] AMPI.U: ✓ (no splits)
[877/19601] AMPI.WS: ✓ (no splits)
[878/19601] AMPS: ✓ (no splits)
[879/19601] AMPS.WS: ✓ (no splits)
[880/19601] AMPX: ✓ (no splits)
[881/19601] AMPX.WS: ✓ (no splits)
[882/19601] AMPY: ✓ (no splits)
[883/19601] AMR: ✓ (no splits)
[884/19601] AMRB: ✓ (no splits)
[885/19601] AMRH: ✓ (1 split(s))
[886/19601] AMRHW: ✓ (no splits)
[887/19601] AMRC: ✓ (no splits)
[888/19601] AMRK: ✓ (1 split(s))
[889/19601] AMRN: ✓ (1 split(s))
[890/19601] AMRS: ✓ (no splits)
[891/19601] AMRZ: ✓ (no splits)
[892/19601] AMRX: ✓ (no splits)
[893/19601] AMS: ✓ (no splits)
[894/19601] AMSC: ✓ (no splits)
[895/19601] AMST: ✓ (1 split(s))
[896/19601] AMSF: ✓ (no splits)
[897/19601] AMSWA: ✓ (no splits)
[898/19601] AMT: ✓ (no splits)
[899/19601] AMTB: ✓ (no splits)
[900/19601] AMTBB: ✓ (no splits)
[901/19601] AMTD: ✓ (2 split(s))
[902/19601] AMTI: ✓ (no splits)
[903/19601] AMTM: ✓ (no splits)
[904/19601] AMTMw: ✓ (no splits)
[905/19601] AMTR: ✓ (no splits)
[906/19601] AMUB: ✓ (no splits)
[907/19601] AMTX: ✓ (no splits)
[908/19601] AMUN: ✓ (no splits)
[909/19601] AMUU: ✓ (no splits)
[910/19601] AMV: ✓ (no splits)
[911/19601] AMWD: ✓ (no splits)
[912/19601] AMWL: ✓ (1 split(s))
[913/19601] AMX: ✓ (no splits)
[914/19601] AMYT: ✓ (no splits)
[915/19601] AMYY: ✓ (no splits)
[916/19601] AMZD: ✓ (no splits)
[917/19601] AMZE: ✓ (1 split(s))
[918/19601] AMZA: ✓ (no splits)
[919/19601] AMZN: ✓ (1 split(s))
[920/19601] AMZP: ✓ (no splits)
[921/19601] AMZU: ✓ (no splits)
[922/19601] AMZW: ✓ (no splits)
[923/19601] AMZY: ✓ (no splits)
[924/19601] AMZZ: ✓ (no splits)
[925/19601] AN: ✓ (no splits)
[926/19601] ANAB: ✓ (no splits)
[927/19601] ANAC: ✓ (no splits)
[928/19601] ANAC.U: ✓ (no splits)
[929/19601] ANAC.WS: ✓ (no splits)
[930/19601] ANAT: ✓ (no splits)
[931/19601] ANCN: ✓ (1 split(s))
[932/19601] ANDA: ✓ (no splits)
[933/19601] ANDAR: ✓ (no splits)
[934/19601] ANDAU: ✓ (no splits)
[935/19601] ANEL: ✓ (no splits)
[936/19601] ANDAW: ✓ (no splits)
[937/19601] ANEB: ✓ (no splits)
[938/19601] ANDE: ✓ (no splits)
[939/19601] ANET: ✓ (2 split(s))
[940/19601] ANEW: ✓ (no splits)
[941/19601] ANF: ✓ (no splits)
[942/19601] ANGH: ✓ (1 split(s))
[943/19601] ANGHW: ✓ (no splits)
[944/19601] ANGI: ✓ (1 split(s))
[945/19601] ANGIV: ✓ (no splits)
[946/19601] ANGO: ✓ (no splits)
[947/19601] ANGL: ✓ (no splits)
[948/19601] ANGN: ✓ (1 split(s))
[949/19601] ANGX: ✓ (no splits)
[950/19601] ANGpA: ✓ (no splits)
[951/19601] ANGpD: ✓ (no splits)
[952/19601] ANGpB: ✓ (no splits)
[953/19601] ANH: ✓ (no splits)
[954/19601] ANHpA: ✓ (no splits)
[955/19601] ANHpB: ✓ (no splits)
[956/19601] ANHpC: ✓ (no splits)
[957/19601] ANIK: ✓ (no splits)
[958/19601] ANIP: ✓ (no splits)
[959/19601] ANIX: ✓ (no splits)
[960/19601] ANL: ✓ (no splits)
[961/19601] ANNA: ✓ (no splits)
[962/19601] ANNAW: ✓ (no splits)
[963/19601] ANPA: ✓ (no splits)
[964/19601] ANNX: ✓ (no splits)
[965/19601] ANPC: ✓ (no splits)
[966/19601] ANRO: ✓ (no splits)
[967/19601] ANSC: ✓ (no splits)
[968/19601] ANSCU: ✓ (no splits)
[969/19601] ANSCW: ✓ (no splits)
[970/19601] ANSS: ✓ (no splits)
[971/19601] ANTX: ✓ (no splits)
[972/19601] ANTA: ✓ (no splits)
[973/19601] ANTM: ✓ (no splits)
[974/19601] ANTE: ✓ (1 split(s))
[975/19601] ANVS: ✓ (no splits)
[976/19601] ANY: ✓ (1 split(s))
[977/19601] ANZU: ✓ (no splits)
[978/19601] ANZUW: ✓ (no splits)
[979/19601] ANZUU: ✓ (no splits)
[980/19601] AOA: ✓ (no splits)
[981/19601] AOCT: ✓ (no splits)
[982/19601] AOD: ✓ (no splits)
[983/19601] AOGOU: ✓ (no splits)
[984/19601] AOGO: ✓ (no splits)
[985/19601] AOGOW: ✓ (no splits)
[986/19601] AOHY: ✓ (no splits)
[987/19601] AOM: ✓ (no splits)
[988/19601] AOK: ✓ (no splits)
[989/19601] AOMD: ✓ (no splits)
[990/19601] AOMN: ✓ (no splits)
[991/19601] AOMR: ✓ (no splits)
[992/19601] AON: ✓ (no splits)
[993/19601] AONC: ✓ (no splits)
[994/19601] AONCW: ✓ (no splits)
[995/19601] AONE: ✓ (no splits)
[996/19601] AONE.U: ✓ (no splits)
[997/19601] AONE.WS: ✓ (no splits)
[998/19601] AOR: ✓ (no splits)
[999/19601] AORT: ✓ (no splits)
[1000/19601] AOS: ✓ (no splits)
  → Checkpoint saved: 133 splits so far
[1001/19601] AOSL: ✓ (no splits)
[1002/19601] AOTG: ✓ (no splits)
[1003/19601] AOUT: ✓ (no splits)
[1004/19601] AP.WS: ✓ (no splits)
[1005/19601] AP: ✓ (no splits)
[1006/19601] APA: ✓ (no splits)
[1007/19601] APAC: ✓ (no splits)
[1008/19601] APACW: ✓ (no splits)
[1009/19601] APACR: ✓ (no splits)
[1010/19601] APACU: ✓ (no splits)
[1011/19601] APAD: ✓ (no splits)
[1012/19601] APADR: ✓ (no splits)
[1013/19601] APADU: ✓ (no splits)
[1014/19601] APAM: ✓ (no splits)
[1015/19601] APCA: ✓ (no splits)
[1016/19601] APCA.U: ✓ (no splits)
[1017/19601] APCA.WS: ✓ (no splits)
[1018/19601] APCB: ✓ (no splits)
[1019/19601] APCX: ✓ (1 split(s))
[1020/19601] APCXW: ✓ (no splits)
[1021/19601] APD: ✓ (no splits)
[1022/19601] APDN: ✓ (2 split(s))
[1023/19601] APE: ✓ (no splits)
[1024/19601] APED: ✓ (no splits)
[1025/19601] APEI: ✓ (no splits)
[1026/19601] APEN: ✓ (no splits)
[1027/19601] APG: ✓ (1 split(s))
[1028/19601] APGB: ✓ (no splits)
[1029/19601] APGB.U: ✓ (no splits)
[1030/19601] APGB.WS: ✓ (no splits)
[1031/19601] APGN: ✓ (no splits)
[1032/19601] APGE: ✓ (no splits)
[1033/19601] APGNW: ✓ (no splits)
[1034/19601] APH: ✓ (2 split(s))
[1035/19601] APHA: ✓ (no splits)
[1036/19601] API: ✓ (no splits)
[1037/19601] APIE: ✓ (no splits)
[1038/19601] APLD: ✓ (1 split(s))
[1039/19601] APLE: ✓ (no splits)
[1040/19601] APLM: ✓ (1 split(s))
[1041/19601] APLMW: ✓ (no splits)
[1042/19601] APLS: ✓ (no splits)
[1043/19601] APLT: ✓ (no splits)
[1044/19601] APLU: ✓ (no splits)
[1045/19601] APLX: ✓ (no splits)
[1046/19601] APLY: ✓ (no splits)
[1047/19601] APM: ✓ (1 split(s))
[1048/19601] APMIW: ✓ (no splits)
[1049/19601] APMI: ✓ (no splits)
[1050/19601] APMIU: ✓ (no splits)
[1051/19601] APMU: ✓ (no splits)
[1052/19601] APN: ✓ (no splits)
[1053/19601] APN.U: ✓ (no splits)
[1054/19601] APN.WS: ✓ (no splits)
[1055/19601] APO: ✓ (no splits)
[1056/19601] APOC: ✓ (no splits)
[1057/19601] APOG: ✓ (no splits)
[1058/19601] APOP: ✓ (no splits)
[1059/19601] APOPW: ✓ (no splits)
[1060/19601] APOS: ✓ (no splits)
[1061/19601] APOpA: ✓ (no splits)
[1062/19601] APOpB: ✓ (no splits)
[1063/19601] APP: ✓ (no splits)
[1064/19601] APPF: ✓ (no splits)
[1065/19601] APPH: ✓ (no splits)
[1066/19601] APPHW: ✓ (no splits)
[1067/19601] APPN: ✓ (no splits)
[1068/19601] APPS: ✓ (no splits)
[1069/19601] APPX: ✓ (1 split(s))
[1070/19601] APR: ✓ (no splits)
[1071/19601] APRB: ✓ (no splits)
[1072/19601] APRD: ✓ (no splits)
[1073/19601] APRH: ✓ (no splits)
[1074/19601] APRE: ✓ (1 split(s))
[1075/19601] APRJ: ✓ (no splits)
[1076/19601] APRN: ✓ (1 split(s))
[1077/19601] APRP: ✓ (no splits)
[1078/19601] APRQ: ✓ (no splits)
[1079/19601] APRT: ✓ (no splits)
[1080/19601] APRW: ✓ (no splits)
[1081/19601] APRZ: ✓ (no splits)
[1082/19601] APSG: ✓ (no splits)
[1083/19601] APSG.U: ✓ (no splits)
[1084/19601] APSG.WS: ✓ (no splits)
[1085/19601] APT: ✓ (no splits)
[1086/19601] APTM: ✓ (no splits)
[1087/19601] APTMU: ✓ (no splits)
[1088/19601] APTS: ✓ (no splits)
[1089/19601] APTO: ✓ (2 split(s))
[1090/19601] APTMW: ✓ (no splits)
[1091/19601] APTV: ✓ (no splits)
[1092/19601] APTX: ✓ (no splits)
[1093/19601] APTVpA: ✓ (no splits)
[1094/19601] APUE: ✓ (no splits)
[1095/19601] APUS: ✓ (no splits)
[1096/19601] APVO: ✓ (3 split(s))
[1097/19601] APWC: ✓ (no splits)
[1098/19601] APXH: ✓ (no splits)
[1099/19601] APXI: ✓ (no splits)
[1100/19601] APXIU: ✓ (no splits)
[1101/19601] APXIW: ✓ (no splits)
[1102/19601] APXM: ✓ (no splits)
[1103/19601] APXT: ✓ (no splits)
[1104/19601] APXTU: ✓ (no splits)
[1105/19601] APXTW: ✓ (no splits)
[1106/19601] APYX: ✓ (no splits)
[1107/19601] AQB: ✓ (1 split(s))
[1108/19601] AQEC: ✓ (no splits)
[1109/19601] AQLT: ✓ (no splits)
[1110/19601] AQGX: ✓ (no splits)
[1111/19601] AQMS: ✓ (2 split(s))
[1112/19601] AQN: ✓ (no splits)
[1113/19601] AQNB: ✓ (no splits)
[1114/19601] AQNA: ✓ (no splits)
[1115/19601] AQST: ✓ (no splits)
[1116/19601] AQNU: ✓ (no splits)
[1117/19601] AQU: ✓ (no splits)
[1118/19601] AQUA: ✓ (no splits)
[1119/19601] AQUNR: ✓ (no splits)
[1120/19601] AQUNU: ✓ (no splits)
[1121/19601] AQWA: ✓ (no splits)
[1122/19601] AR: ✓ (no splits)
[1123/19601] ARA: ✓ (no splits)
[1124/19601] ARAI: ✓ (no splits)
[1125/19601] ARAV: ✓ (no splits)
[1126/19601] ARAY: ✓ (no splits)
[1127/19601] ARB: ✓ (no splits)
[1128/19601] ARBB: ✓ (1 split(s))
[1129/19601] ARBEW: ✓ (no splits)
[1130/19601] ARBE: ✓ (no splits)
[1131/19601] ARBG: ✓ (no splits)
[1132/19601] ARBGU: ✓ (no splits)
[1133/19601] ARBK: ✓ (no splits)
[1134/19601] ARBGW: ✓ (no splits)
[1135/19601] ARBKL: ✓ (no splits)
[1136/19601] ARC: ✓ (no splits)
[1137/19601] ARCB: ✓ (no splits)
[1138/19601] ARCC: ✓ (no splits)
[1139/19601] ARCE: ✓ (no splits)
[1140/19601] ARCH: ✓ (no splits)
[1141/19601] ARCK: ✓ (no splits)
[1142/19601] ARCKW: ✓ (no splits)
[1143/19601] ARCKU: ✓ (no splits)
[1144/19601] ARCM: ✓ (no splits)
[1145/19601] ARCO: ✓ (1 split(s))
[1146/19601] ARCT: ✓ (no splits)
[1147/19601] ARCX: ✓ (1 split(s))
[1148/19601] ARD: ✓ (no splits)
[1149/19601] ARDC: ✓ (no splits)
[1150/19601] ARDS: ✓ (no splits)
[1151/19601] ARDT: ✓ (no splits)
[1152/19601] ARDX: ✓ (no splits)
[1153/19601] AREA: ✓ (no splits)
[1154/19601] ARE: ✓ (no splits)
[1155/19601] AREB: ✓ (5 split(s))
[1156/19601] AREBW: ✓ (no splits)
[1157/19601] AREC: ✓ (no splits)
[1158/19601] AREN: ✓ (no splits)
[1159/19601] ARES: ✓ (no splits)
[1160/19601] ARESpA: ✓ (no splits)
[1161/19601] ARESpB: ✓ (no splits)
[1162/19601] ARGD: ✓ (no splits)
[1163/19601] ARGO: ✓ (no splits)
[1164/19601] ARGOpA: ✓ (no splits)
[1165/19601] ARGT: ✓ (no splits)
[1166/19601] ARGU: ✓ (no splits)
[1167/19601] ARGUU: ✓ (no splits)
[1168/19601] ARGUW: ✓ (no splits)
[1169/19601] ARGX: ✓ (no splits)
[1170/19601] ARHS: ✓ (no splits)
[1171/19601] ARI: ✓ (no splits)
[1172/19601] ARIS: ✓ (no splits)
[1173/19601] ARIZ: ✓ (no splits)
[1174/19601] ARIZR: ✓ (no splits)
[1175/19601] ARIZU: ✓ (no splits)
[1176/19601] ARIZW: ✓ (no splits)
[1177/19601] ARKA: ✓ (no splits)
[1178/19601] ARKC: ✓ (no splits)
[1179/19601] ARKB: ✓ (1 split(s))
[1180/19601] ARKF: ✓ (no splits)
[1181/19601] ARKD: ✓ (no splits)
[1182/19601] ARKG: ✓ (no splits)
[1183/19601] ARKK: ✓ (no splits)
[1184/19601] ARKO: ✓ (no splits)
[1185/19601] ARKIU: ✓ (no splits)
[1186/19601] ARKQ: ✓ (no splits)
[1187/19601] ARKOW: ✓ (no splits)
[1188/19601] ARKR: ✓ (no splits)
[1189/19601] ARKT: ✓ (no splits)
[1190/19601] ARKW: ✓ (no splits)
[1191/19601] ARKX: ✓ (no splits)
[1192/19601] ARKY: ✓ (no splits)
[1193/19601] ARL: ✓ (no splits)
[1194/19601] ARKZ: ✓ (no splits)
[1195/19601] ARLO: ✓ (no splits)
[1196/19601] ARLP: ✓ (no splits)
[1197/19601] ARLU: ✓ (no splits)
[1198/19601] ARM: ✓ (no splits)
[1199/19601] ARMG: ✓ (no splits)
[1200/19601] ARMK: ✓ (no splits)
[1201/19601] ARMH: ✓ (no splits)
[1202/19601] ARMKw: ✓ (no splits)
[1203/19601] ARMN: ✓ (no splits)
[1204/19601] ARMP: ✓ (no splits)
[1205/19601] ARMR: ✓ (no splits)
[1206/19601] ARMU: ✓ (no splits)
[1207/19601] ARMW: ✓ (no splits)
[1208/19601] ARNA: ✓ (no splits)
[1209/19601] ARNC: ✓ (no splits)
[1210/19601] AROC: ✓ (no splits)
[1211/19601] AROW: ✓ (3 split(s))
[1212/19601] ARP: ✓ (no splits)
[1213/19601] ARQ: ✓ (no splits)
[1214/19601] ARPO: ✓ (1 split(s))
[1215/19601] ARQQ: ✓ (1 split(s))
[1216/19601] ARQQW: ✓ (no splits)
[1217/19601] ARQT: ✓ (no splits)
[1218/19601] ARRW: ✓ (no splits)
[1219/19601] ARR: ✓ (1 split(s))
[1220/19601] ARRWU: ✓ (no splits)
[1221/19601] ARRWW: ✓ (no splits)
[1222/19601] ARRY: ✓ (no splits)
[1223/19601] ARRpC: ✓ (no splits)
[1224/19601] ARTAU: ✓ (no splits)
[1225/19601] ARTA: ✓ (no splits)
[1226/19601] ARTAW: ✓ (no splits)
[1227/19601] ARTE: ✓ (no splits)
[1228/19601] ARTEU: ✓ (no splits)
[1229/19601] ARTEW: ✓ (no splits)
[1230/19601] ARTL: ✓ (2 split(s))
[1231/19601] ARTLW: ✓ (no splits)
[1232/19601] ARTNA: ✓ (no splits)
[1233/19601] ARTV: ✓ (no splits)
[1234/19601] ARTW: ✓ (no splits)
[1235/19601] ARTY: ✓ (no splits)
[1236/19601] ARVLW: ✓ (no splits)
[1237/19601] ARVL: ✓ (1 split(s))
[1238/19601] ARVN: ✓ (no splits)
[1239/19601] ARVR: ✓ (no splits)
[1240/19601] ARWR: ✓ (no splits)
[1241/19601] ARW: ✓ (no splits)
[1242/19601] ARX: ✓ (no splits)
[1243/19601] ARYA: ✓ (no splits)
[1244/19601] ARYD: ✓ (no splits)
[1245/19601] ASA: ✓ (no splits)
[1246/19601] ARYE: ✓ (no splits)
[1247/19601] AS: ✓ (no splits)
[1248/19601] ASAN: ✓ (no splits)
[1249/19601] ASAIw: ✓ (no splits)
[1250/19601] ASAI: ✓ (no splits)
[1251/19601] ASAP: ✓ (no splits)
[1252/19601] ASAQ: ✓ (no splits)
[1253/19601] ASAQ.WS: ✓ (no splits)
[1254/19601] ASAQ.U: ✓ (no splits)
[1255/19601] ASAX: ✓ (no splits)
[1256/19601] ASAXU: ✓ (no splits)
[1257/19601] ASAXW: ✓ (no splits)
[1258/19601] ASB: ✓ (no splits)
[1259/19601] ASBA: ✓ (no splits)
[1260/19601] ASBPW: ✓ (no splits)
[1261/19601] ASBP: ✓ (no splits)
[1262/19601] ASBpC: ✓ (no splits)
[1263/19601] ASBpD: ✓ (no splits)
[1264/19601] ASBpE: ✓ (no splits)
[1265/19601] ASBpF: ✓ (no splits)
[1266/19601] ASC: ✓ (no splits)
[1267/19601] ASCA: ✓ (no splits)
[1268/19601] ASCAR: ✓ (no splits)
[1269/19601] ASCAW: ✓ (no splits)
[1270/19601] ASCB: ✓ (no splits)
[1271/19601] ASCAU: ✓ (no splits)
[1272/19601] ASCBR: ✓ (no splits)
[1273/19601] ASCBU: ✓ (no splits)
[1274/19601] ASCBW: ✓ (no splits)
[1275/19601] ASCE: ✓ (no splits)
[1276/19601] ASEA: ✓ (no splits)
[1277/19601] ASCI: ✓ (no splits)
[1278/19601] ASET: ✓ (no splits)
[1279/19601] ASG: ✓ (no splits)
[1280/19601] ASGI: ✓ (no splits)
[1281/19601] ASGM: ✓ (no splits)
[1282/19601] ASGN: ✓ (no splits)
[1283/19601] ASH: ✓ (no splits)
[1284/19601] ASHR: ✓ (no splits)
[1285/19601] ASHS: ✓ (no splits)
[1286/19601] ASHX: ✓ (no splits)
[1287/19601] ASIA: ✓ (no splits)
[1288/19601] ASIC: ✓ (no splits)
[1289/19601] ASIX: ✓ (no splits)
[1290/19601] ASLE: ✓ (no splits)
[1291/19601] ASLEW: ✓ (no splits)
[1292/19601] ASLN: ✓ (2 split(s))
[1293/19601] ASLV: ✓ (no splits)
[1294/19601] ASM: ✓ (no splits)
[1295/19601] ASMB: ✓ (1 split(s))
[1296/19601] ASMG: ✓ (no splits)
[1297/19601] ASMF: ✓ (no splits)
[1298/19601] ASML: ✓ (no splits)
[1299/19601] ASMH: ✓ (no splits)
[1300/19601] ASND: ✓ (no splits)
[1301/19601] ASNS: ✓ (2 split(s))
[1302/19601] ASO: ✓ (no splits)
[1303/19601] ASPA: ✓ (no splits)
[1304/19601] ASPAU: ✓ (no splits)
[1305/19601] ASPAW: ✓ (no splits)
[1306/19601] ASPC: ✓ (no splits)
[1307/19601] ASPCR: ✓ (no splits)
[1308/19601] ASPCU: ✓ (no splits)
[1309/19601] ASPCW: ✓ (no splits)
[1310/19601] ASPI: ✓ (no splits)
[1311/19601] ASPL: ✓ (no splits)
[1312/19601] ASPL.U: ✓ (no splits)
[1313/19601] ASPL.WS: ✓ (no splits)
[1314/19601] ASPS: ✓ (2 split(s))
[1315/19601] ASPN: ✓ (no splits)
[1316/19601] ASPSW: ✓ (no splits)
[1317/19601] ASPU: ✓ (no splits)
[1318/19601] ASPSZ: ✓ (no splits)
[1319/19601] ASR: ✓ (no splits)
[1320/19601] ASPY: ✓ (no splits)
[1321/19601] ASRV: ✓ (no splits)
[1322/19601] ASRT: ✓ (1 split(s))
[1323/19601] ASRVP: ✓ (no splits)
[1324/19601] ASST: ✓ (1 split(s))
[1325/19601] ASTC: ✓ (1 split(s))
[1326/19601] ASTE: ✓ (no splits)
[1327/19601] ASTH: ✓ (no splits)
[1328/19601] ASTI: ✓ (3 split(s))
[1329/19601] ASTL: ✓ (no splits)
[1330/19601] ASTLW: ✓ (no splits)
[1331/19601] ASTR: ✓ (1 split(s))
[1332/19601] ASTRW: ✓ (no splits)
[1333/19601] ASTS: ✓ (no splits)
[1334/19601] ASTSW: ✓ (no splits)
[1335/19601] ASTX: ✓ (no splits)
[1336/19601] ASUR: ✓ (no splits)
[1337/19601] ASZ: ✓ (no splits)
[1338/19601] ASX: ✓ (no splits)
[1339/19601] ASXC: ✓ (no splits)
[1340/19601] ASZ.WS: ✓ (no splits)
[1341/19601] ASYS: ✓ (no splits)
[1342/19601] ASZ.U: ✓ (no splits)
[1343/19601] AT: ✓ (no splits)
[1344/19601] ATA: ✓ (no splits)
[1345/19601] ATA.U: ✓ (no splits)
[1346/19601] ATA.WS: ✓ (no splits)
[1347/19601] ATAC: ✓ (no splits)
[1348/19601] ATAC.U: ✓ (no splits)
[1349/19601] ATAC.WS: ✓ (no splits)
[1350/19601] ATAI: ✓ (no splits)
[1351/19601] ATAK: ✓ (no splits)
[1352/19601] ATAKR: ✓ (no splits)
[1353/19601] ATAKU: ✓ (no splits)
[1354/19601] ATAKW: ✓ (no splits)
[1355/19601] ATAQ: ✓ (no splits)
[1356/19601] ATAQ.U: ✓ (no splits)
[1357/19601] ATAQ.WS: ✓ (no splits)
[1358/19601] ATAT: ✓ (no splits)
[1359/19601] ATAX: ✓ (2 split(s))
[1360/19601] ATC: ✓ (no splits)
[1361/19601] ATCOL: ✓ (no splits)
[1362/19601] ATCH: ✓ (1 split(s))
[1363/19601] ATCO: ✓ (no splits)
[1364/19601] ATCOpD: ✓ (no splits)
[1365/19601] ATCOpE: ✓ (no splits)
[1366/19601] ATCOpG: ✓ (no splits)
[1367/19601] ATCOpH: ✓ (no splits)
[1368/19601] ATCOpI: ✓ (no splits)
[1369/19601] ATCX: ✓ (no splits)
[1370/19601] ATEC: ✓ (no splits)
[1371/19601] ATEK: ✓ (no splits)
[1372/19601] ATEK.U: ✓ (no splits)
[1373/19601] ATEK.WS: ✓ (no splits)
[1374/19601] ATEN: ✓ (no splits)
[1375/19601] ATER: ✓ (1 split(s))
[1376/19601] ATEST: ✓ (no splits)
[1377/19601] ATEX: ✓ (no splits)
[1378/19601] ATFV: ✓ (no splits)
[1379/19601] ATGE: ✓ (no splits)
[1380/19601] ATGL: ✓ (no splits)
[1381/19601] ATH: ✓ (no splits)
[1382/19601] ATHA: ✓ (1 split(s))
[1383/19601] ATHE: ✓ (1 split(s))
[1384/19601] ATHN.WS: ✓ (no splits)
[1385/19601] ATHM: ✓ (no splits)
[1386/19601] ATHN: ✓ (no splits)
[1387/19601] ATHR: ✓ (no splits)
[1388/19601] ATHN.U: ✓ (no splits)
[1389/19601] ATHS: ✓ (no splits)
[1390/19601] ATHX: ✓ (1 split(s))
[1391/19601] ATHpA: ✓ (no splits)
[1392/19601] ATHpB: ✓ (no splits)
[1393/19601] ATHpC: ✓ (no splits)
[1394/19601] ATHpD: ✓ (no splits)
[1395/19601] ATHpE: ✓ (no splits)
[1396/19601] ATI: ✓ (no splits)
[1397/19601] ATIF: ✓ (1 split(s))
[1398/19601] ATIIU: ✓ (no splits)
[1399/19601] ATII: ✓ (no splits)
[1400/19601] ATIIW: ✓ (no splits)
[1401/19601] ATIP: ✓ (1 split(s))
[1402/19601] ATIP.WS: ✓ (no splits)
[1403/19601] ATKR: ✓ (no splits)
[1404/19601] ATLC: ✓ (no splits)
[1405/19601] ATLCP: ✓ (no splits)
[1406/19601] ATLCL: ✓ (no splits)
[1407/19601] ATLN: ✓ (no splits)
[1408/19601] ATLO: ✓ (no splits)
[1409/19601] ATLCZ: ✓ (no splits)
[1410/19601] ATLX: ✓ (1 split(s))
[1411/19601] ATMC: ✓ (no splits)
[1412/19601] ATMCR: ✓ (no splits)
[1413/19601] ATMCU: ✓ (no splits)
[1414/19601] ATMCW: ✓ (no splits)
[1415/19601] ATMP: ✓ (no splits)
[1416/19601] ATMR: ✓ (no splits)
[1417/19601] ATMR.U: ✓ (no splits)
[1418/19601] ATMR.WS: ✓ (no splits)
[1419/19601] ATMU: ✓ (no splits)
[1420/19601] ATMUw: ✓ (no splits)
[1421/19601] ATMV: ✓ (no splits)
[1422/19601] ATMVR: ✓ (no splits)
[1423/19601] ATMVU: ✓ (no splits)
[1424/19601] ATNF: ✓ (2 split(s))
[1425/19601] ATNFW: ✓ (no splits)
[1426/19601] ATNI: ✓ (no splits)
[1427/19601] ATNX: ✓ (1 split(s))
[1428/19601] ATO: ✓ (no splits)
[1429/19601] ATNM: ✓ (no splits)
[1430/19601] ATOM: ✓ (no splits)
[1431/19601] ATOS: ✓ (no splits)
[1432/19601] ATON: ✓ (no splits)
[1433/19601] ATPC: ✓ (1 split(s))
[1434/19601] ATRA: ✓ (1 split(s))
[1435/19601] ATR: ✓ (no splits)
[1436/19601] ATRC: ✓ (no splits)
[1437/19601] ATRI: ✓ (no splits)
[1438/19601] ATRO: ✓ (no splits)
[1439/19601] ATRS: ✓ (no splits)
[1440/19601] ATS: ✓ (no splits)
[1441/19601] ATSG: ✓ (no splits)
[1442/19601] ATSPT: ✓ (no splits)
[1443/19601] ATSPU: ✓ (no splits)
[1444/19601] ATSPW: ✓ (no splits)
[1445/19601] ATTO: ✓ (no splits)
[1446/19601] ATTR: ✓ (no splits)
[1447/19601] ATUS: ✓ (no splits)
[1448/19601] ATV: ✓ (no splits)
[1449/19601] ATVC: ✓ (no splits)
[1450/19601] ATVCU: ✓ (no splits)
[1451/19601] ATVCW: ✓ (no splits)
[1452/19601] ATXG: ✓ (1 split(s))
[1453/19601] ATVI: ✓ (no splits)
[1454/19601] ATY: ✓ (no splits)
[1455/19601] ATXS: ✓ (1 split(s))
[1456/19601] ATXI: ✓ (2 split(s))
[1457/19601] AU: ✓ (no splits)
[1458/19601] AUB: ✓ (no splits)
[1459/19601] ATYR: ✓ (no splits)
[1460/19601] AUBAP: ✓ (no splits)
[1461/19601] AUBpA: ✓ (no splits)
[1462/19601] AUBN: ✓ (no splits)
[1463/19601] AUD: ✓ (1 split(s))
[1464/19601] AUGM: ✓ (no splits)
[1465/19601] AUDC: ✓ (no splits)
[1466/19601] AUGP: ✓ (no splits)
[1467/19601] AUGO: ✓ (no splits)
[1468/19601] AUGT: ✓ (no splits)
[1469/19601] AUGU: ✓ (no splits)
[1470/19601] AUGW: ✓ (no splits)
[1471/19601] AUGX: ✓ (no splits)
[1472/19601] AUGZ: ✓ (no splits)
[1473/19601] AULTpD: ✓ (no splits)
[1474/19601] AUID: ✓ (1 split(s))
[1475/19601] AULT: ✓ (2 split(s))
[1476/19601] AUMI: ✓ (no splits)
[1477/19601] AUMN: ✓ (1 split(s))
[1478/19601] AUPH: ✓ (no splits)
[1479/19601] AUNA: ✓ (no splits)
[1480/19601] AUR: ✓ (no splits)
[1481/19601] AURC: ✓ (no splits)
[1482/19601] AURA: ✓ (no splits)
[1483/19601] AURCU: ✓ (no splits)
[1484/19601] AURE: ✓ (no splits)
[1485/19601] AURCW: ✓ (no splits)
[1486/19601] AUROW: ✓ (no splits)
[1487/19601] AURU: ✓ (no splits)
[1488/19601] AUS: ✓ (no splits)
[1489/19601] AUS.U: ✓ (no splits)
[1490/19601] AUS.WS: ✓ (no splits)
[1491/19601] AUSF: ✓ (no splits)
[1492/19601] AUSM: ✓ (no splits)
[1493/19601] AUST: ✓ (no splits)
[1494/19601] AUTL: ✓ (no splits)
[1495/19601] AUTO: ✓ (no splits)
[1496/19601] AUUD: ✓ (2 split(s))
[1497/19601] AUUDW: ✓ (no splits)
[1498/19601] AUVIP: ✓ (no splits)
[1499/19601] AUVI: ✓ (2 split(s))
[1500/19601] AUY: ✓ (no splits)
  → Checkpoint saved: 213 splits so far
[1501/19601] AVAC: ✓ (no splits)
[1502/19601] AVA: ✓ (no splits)
[1503/19601] AVACU: ✓ (no splits)
[1504/19601] AVAH: ✓ (no splits)
[1505/19601] AVACW: ✓ (no splits)
[1506/19601] AVAL: ✓ (no splits)
[1507/19601] AVAN: ✓ (no splits)
[1508/19601] AVAN.U: ✓ (no splits)
[1509/19601] AVAN.WS: ✓ (no splits)
[1510/19601] AVAV: ✓ (no splits)
[1511/19601] AVB: ✓ (no splits)
[1512/19601] AVBC: ✓ (no splits)
[1513/19601] AVBH: ✓ (no splits)
[1514/19601] AVBP: ✓ (no splits)
[1515/19601] AVCT: ✓ (1 split(s))
[1516/19601] AVCO: ✓ (no splits)
[1517/19601] AVCTW: ✓ (no splits)
[1518/19601] AVD: ✓ (no splits)
[1519/19601] AVDE: ✓ (no splits)
[1520/19601] AVDG: ✓ (no splits)
[1521/19601] AVDL: ✓ (no splits)
[1522/19601] AVDR: ✓ (no splits)
[1523/19601] AVDS: ✓ (no splits)
[1524/19601] AVDX: ✓ (no splits)
[1525/19601] AVDV: ✓ (no splits)
[1526/19601] AVEE: ✓ (no splits)
[1527/19601] AVEM: ✓ (no splits)
[1528/19601] AVEO: ✓ (no splits)
[1529/19601] AVES: ✓ (no splits)
[1530/19601] AVGB: ✓ (no splits)
[1531/19601] AVGE: ✓ (no splits)
[1532/19601] AVGG: ✓ (no splits)
[1533/19601] AVGO: ✓ (1 split(s))
[1534/19601] AVGOP: ✓ (no splits)
[1535/19601] AVGR: ✓ (2 split(s))
[1536/19601] AVGU: ✓ (no splits)
[1537/19601] AVGV: ✓ (no splits)
[1538/19601] AVGW: ✓ (no splits)
[1539/19601] AVGX: ✓ (no splits)
[1540/19601] AVHI: ✓ (no splits)
[1541/19601] AVHIW: ✓ (no splits)
[1542/19601] AVID: ✓ (no splits)
[1543/19601] AVHIU: ✓ (no splits)
[1544/19601] AVIE: ✓ (no splits)
[1545/19601] AVIG: ✓ (no splits)
[1546/19601] AVIR: ✓ (no splits)
[1547/19601] AVIV: ✓ (no splits)
[1548/19601] AVK: ✓ (no splits)
[1549/19601] AVKr: ✓ (no splits)
[1550/19601] AVKrw: ✓ (no splits)
[1551/19601] AVL: ✓ (no splits)
[1552/19601] AVLC: ✓ (no splits)
[1553/19601] AVLR: ✓ (no splits)
[1554/19601] AVLV: ✓ (no splits)
[1555/19601] AVMA: ✓ (no splits)
[1556/19601] AVMC: ✓ (no splits)
[1557/19601] AVMU: ✓ (no splits)
[1558/19601] AVMV: ✓ (no splits)
[1559/19601] AVNM: ✓ (no splits)
[1560/19601] AVNT: ✓ (no splits)
[1561/19601] AVNS: ✓ (no splits)
[1562/19601] AVNV: ✓ (no splits)
[1563/19601] AVNW: ✓ (1 split(s))
[1564/19601] AVO: ✓ (no splits)
[1565/19601] AVPT: ✓ (no splits)
[1566/19601] AVR: ✓ (no splits)
[1567/19601] AVPTW: ✓ (no splits)
[1568/19601] AVRE: ✓ (no splits)
[1569/19601] AVRO: ✓ (1 split(s))
[1570/19601] AVS: ✓ (no splits)
[1571/19601] AVSC: ✓ (no splits)
[1572/19601] AVSD: ✓ (no splits)
[1573/19601] AVSF: ✓ (no splits)
[1574/19601] AVSE: ✓ (no splits)
[1575/19601] AVSU: ✓ (no splits)
[1576/19601] AVT: ✓ (no splits)
[1577/19601] AVTA: ✓ (no splits)
[1578/19601] AVTE: ✓ (1 split(s))
[1579/19601] AVTR: ✓ (no splits)
[1580/19601] AVTRpA: ✓ (no splits)
[1581/19601] AVTX: ✓ (2 split(s))
[1582/19601] AVUQ: ✓ (no splits)
[1583/19601] AVXC: ✓ (no splits)
[1584/19601] AVX: ✓ (1 split(s))
[1585/19601] AVUS: ✓ (no splits)
[1586/19601] AVUV: ✓ (no splits)
[1587/19601] AVXL: ✓ (no splits)
[1588/19601] AVXX: ✓ (no splits)
[1589/19601] AVY: ✓ (no splits)
[1590/19601] AVYA: ✓ (no splits)
[1591/19601] AWAY: ✓ (no splits)
[1592/19601] AWEG: ✓ (no splits)
[1593/19601] AWF: ✓ (no splits)
[1594/19601] AWH: ✓ (1 split(s))
[1595/19601] AWIN: ✓ (1 split(s))
[1596/19601] AWI: ✓ (no splits)
[1597/19601] AWINW: ✓ (no splits)
[1598/19601] AWK: ✓ (no splits)
[1599/19601] AWP: ✓ (no splits)
[1600/19601] AWR: ✓ (no splits)
[1601/19601] AWRE: ✓ (no splits)
[1602/19601] AWTM: ✓ (no splits)
[1603/19601] AX: ✓ (no splits)
[1604/19601] AXAC: ✓ (no splits)
[1605/19601] AXAC.U: ✓ (no splits)
[1606/19601] AWYX: ✓ (no splits)
[1607/19601] AXAC.WS: ✓ (no splits)
[1608/19601] AWX: ✓ (no splits)
[1609/19601] AXACr: ✓ (no splits)
[1610/19601] AXAS: ✓ (no splits)
[1611/19601] AXDX: ✓ (1 split(s))
[1612/19601] AXG: ✓ (no splits)
[1613/19601] AXGN: ✓ (no splits)
[1614/19601] AXH: ✓ (no splits)
[1615/19601] AXH.U: ✓ (no splits)
[1616/19601] AXH.WS: ✓ (no splits)
[1617/19601] AXIA: ✓ (no splits)
[1618/19601] AXIAp: ✓ (no splits)
[1619/19601] AXIL: ✓ (no splits)
[1620/19601] AXIN: ✓ (no splits)
[1621/19601] AXINR: ✓ (no splits)
[1622/19601] AXINU: ✓ (no splits)
[1623/19601] AXLA: ✓ (1 split(s))
[1624/19601] AXL: ✓ (no splits)
[1625/19601] AXO: ✓ (no splits)
[1626/19601] AXNX: ✓ (no splits)
[1627/19601] AXON: ✓ (no splits)
[1628/19601] AXP: ✓ (no splits)
[1629/19601] AXS: ✓ (no splits)
[1630/19601] AXR: ✓ (no splits)
[1631/19601] AXSM: ✓ (no splits)
[1632/19601] AXSpE: ✓ (no splits)
[1633/19601] AXTA: ✓ (no splits)
[1634/19601] AXTI: ✓ (no splits)
[1635/19601] AXUP: ✓ (no splits)
[1636/19601] AXU: ✓ (no splits)
[1637/19601] AY: ✓ (no splits)
[1638/19601] AYI: ✓ (no splits)
[1639/19601] AYLA: ✓ (no splits)
[1640/19601] AYRO: ✓ (1 split(s))
[1641/19601] AYTU: ✓ (2 split(s))
[1642/19601] AYX: ✓ (no splits)
[1643/19601] AZ: ✓ (1 split(s))
[1644/19601] AZAA: ✓ (no splits)
[1645/19601] AZAJ: ✓ (no splits)
[1646/19601] AZAO: ✓ (no splits)
[1647/19601] AZAL: ✓ (no splits)
[1648/19601] AZBA: ✓ (no splits)
[1649/19601] AZBJ: ✓ (no splits)
[1650/19601] AZEK: ✓ (no splits)
[1651/19601] AZBL: ✓ (no splits)
[1652/19601] AZBO: ✓ (no splits)
[1653/19601] AZI: ✓ (no splits)
[1654/19601] AZNH: ✓ (no splits)
[1655/19601] AZN: ✓ (no splits)
[1656/19601] AZRE: ✓ (no splits)
[1657/19601] AZO: ✓ (no splits)
[1658/19601] AZPN: ✓ (no splits)
[1659/19601] AZRX: ✓ (no splits)
[1660/19601] AZTA: ✓ (no splits)
[1661/19601] AZTD: ✓ (no splits)
[1662/19601] AZTR: ✓ (2 split(s))
[1663/19601] AZUL: ✓ (no splits)
[1664/19601] AZYO: ✓ (no splits)
[1665/19601] AZYY: ✓ (no splits)
[1666/19601] AZZ: ✓ (no splits)
[1667/19601] B: ✓ (no splits)
[1668/19601] BA: ✓ (no splits)
[1669/19601] BAB: ✓ (no splits)
[1670/19601] BABA: ✓ (no splits)
[1671/19601] BABW: ✓ (no splits)
[1672/19601] BABO: ✓ (no splits)
[1673/19601] BABX: ✓ (no splits)
[1674/19601] BAC: ✓ (no splits)
[1675/19601] BACA.WS: ✓ (no splits)
[1676/19601] BACA: ✓ (no splits)
[1677/19601] BACA.U: ✓ (no splits)
[1678/19601] BACC: ✓ (no splits)
[1679/19601] BACCU: ✓ (no splits)
[1680/19601] BACCR: ✓ (no splits)
[1681/19601] BACK: ✓ (1 split(s))
[1682/19601] BACQ: ✓ (no splits)
[1683/19601] BACQR: ✓ (no splits)
[1684/19601] BACQU: ✓ (no splits)
[1685/19601] BACpA: ✓ (no splits)
[1686/19601] BACpB: ✓ (no splits)
[1687/19601] BACpC: ✓ (no splits)
[1688/19601] BACpE: ✓ (no splits)
[1689/19601] BACpK: ✓ (no splits)
[1690/19601] BACpL: ✓ (no splits)
[1691/19601] BACpM: ✓ (no splits)
[1692/19601] BACpN: ✓ (no splits)
[1693/19601] BACpO: ✓ (no splits)
[1694/19601] BACpP: ✓ (no splits)
[1695/19601] BACpQ: ✓ (no splits)
[1696/19601] BACpS: ✓ (no splits)
[1697/19601] BAFE: ✓ (no splits)
[1698/19601] BAD: ✓ (no splits)
[1699/19601] BAER: ✓ (no splits)
[1700/19601] BAF: ✓ (no splits)
[1701/19601] BAERW: ✓ (no splits)
[1702/19601] BAFN: ✓ (no splits)
[1703/19601] BAGY: ✓ (no splits)
[1704/19601] BAH: ✓ (no splits)
[1705/19601] BAI: ✓ (no splits)
[1706/19601] BAIG: ✓ (no splits)
[1707/19601] BAK: ✓ (no splits)
[1708/19601] BAL: ✓ (no splits)
[1709/19601] BALI: ✓ (no splits)
[1710/19601] BALQ: ✓ (no splits)
[1711/19601] BALL: ✓ (no splits)
[1712/19601] BALT: ✓ (no splits)
[1713/19601] BALY: ✓ (no splits)
[1714/19601] BALY.T: ✓ (no splits)
[1715/19601] BAM: ✓ (no splits)
[1716/19601] BAMA: ✓ (no splits)
[1717/19601] BAMB: ✓ (no splits)
[1718/19601] BAMI: ✓ (no splits)
[1719/19601] BAMD: ✓ (no splits)
[1720/19601] BAMH: ✓ (no splits)
[1721/19601] BAMO: ✓ (no splits)
[1722/19601] BAMG: ✓ (no splits)
[1723/19601] BAMR: ✓ (no splits)
[1724/19601] BAMU: ✓ (no splits)
[1725/19601] BAMV: ✓ (no splits)
[1726/19601] BAMY: ✓ (no splits)
[1727/19601] BAMw: ✓ (no splits)
[1728/19601] BANC: ✓ (no splits)
[1729/19601] BANCpD: ✓ (no splits)
[1730/19601] BANCpE: ✓ (no splits)
[1731/19601] BANCpF: ✓ (no splits)
[1732/19601] BAND: ✓ (no splits)
[1733/19601] BANF: ✓ (no splits)
[1734/19601] BANFP: ✓ (no splits)
[1735/19601] BANL: ✓ (no splits)
[1736/19601] BANR: ✓ (no splits)
[1737/19601] BANX: ✓ (no splits)
[1738/19601] BAR: ✓ (no splits)
[1739/19601] BAOS: ✓ (2 split(s))
[1740/19601] BAP: ✓ (no splits)
[1741/19601] BAPR: ✓ (no splits)
[1742/19601] BARK: ✓ (no splits)
[1743/19601] BARK.WS: ✓ (no splits)
[1744/19601] BASE: ✓ (no splits)
[1745/19601] BASG: ✓ (no splits)
[1746/19601] BASI: ✓ (no splits)
[1747/19601] BASV: ✓ (no splits)
[1748/19601] BATL: ✓ (no splits)
[1749/19601] BATRA: ✓ (no splits)
[1750/19601] BAUG: ✓ (no splits)
[1751/19601] BATT: ✓ (no splits)
[1752/19601] BATRK: ✓ (no splits)
[1753/19601] BAX: ✓ (no splits)
[1754/19601] BAYA: ✓ (no splits)
[1755/19601] BAYAR: ✓ (no splits)
[1756/19601] BAYAU: ✓ (no splits)
[1757/19601] BApA: ✓ (no splits)
[1758/19601] BB: ✓ (no splits)
[1759/19601] BBAI: ✓ (no splits)
[1760/19601] BBAG: ✓ (1 split(s))
[1761/19601] BBAI.WS: ✓ (no splits)
[1762/19601] BBAR: ✓ (no splits)
[1763/19601] BBAX: ✓ (1 split(s))
[1764/19601] BBB: ✓ (no splits)
[1765/19601] BBBI: ✓ (no splits)
[1766/19601] BBBL: ✓ (no splits)
[1767/19601] BBBS: ✓ (no splits)
[1768/19601] BBBY: ✓ (1 split(s))
[1769/19601] BBBY.WS: ✓ (no splits)
[1770/19601] BBC: ✓ (no splits)
[1771/19601] BBCB: ✓ (no splits)
[1772/19601] BBCA: ✓ (1 split(s))
[1773/19601] BBCP: ✓ (no splits)
[1774/19601] BBD: ✓ (2 split(s))
[1775/19601] BBDC: ✓ (no splits)
[1776/19601] BBDO: ✓ (2 split(s))
[1777/19601] BBEM: ✓ (no splits)
[1778/19601] BBEU: ✓ (1 split(s))
[1779/19601] BBF: ✓ (no splits)
[1780/19601] BBGI: ✓ (1 split(s))
[1781/19601] BBH: ✓ (no splits)
[1782/19601] BBHM: ✓ (no splits)
[1783/19601] BBHL: ✓ (no splits)
[1784/19601] BBHY: ✓ (no splits)
[1785/19601] BBIB: ✓ (no splits)
[1786/19601] BBI: ✓ (no splits)
[1787/19601] BBIN: ✓ (no splits)
[1788/19601] BBIG: ✓ (1 split(s))
[1789/19601] BBIGV: ✓ (no splits)
[1790/19601] BBIO: ✓ (no splits)
[1791/19601] BBL: ✓ (no splits)
[1792/19601] BBK: ✓ (no splits)
[1793/19601] BBJP: ✓ (1 split(s))
[1794/19601] BBLB: ✓ (no splits)
[1795/19601] BBIP: ✓ (no splits)
[1796/19601] BBLG: ✓ (4 split(s))
[1797/19601] BBLGW: ✓ (1 split(s))
[1798/19601] BBLN: ✓ (1 split(s))
[1799/19601] BBLN.WS: ✓ (no splits)
[1800/19601] BBLU: ✓ (no splits)
[1801/19601] BBMC: ✓ (no splits)
[1802/19601] BBN: ✓ (no splits)
[1803/19601] BBNX: ✓ (no splits)
[1804/19601] BBOT: ✓ (no splits)
[1805/19601] BBP: ✓ (no splits)
[1806/19601] BBQ: ✓ (no splits)
[1807/19601] BBRE: ✓ (no splits)
[1808/19601] BBSB: ✓ (no splits)
[1809/19601] BBSA: ✓ (1 split(s))
[1810/19601] BBSC: ✓ (no splits)
[1811/19601] BBSI: ✓ (1 split(s))
[1812/19601] BBUS: ✓ (no splits)
[1813/19601] BBUCw: ✓ (no splits)
[1814/19601] BBUC: ✓ (no splits)
[1815/19601] BBT: ✓ (no splits)
[1816/19601] BBU: ✓ (no splits)
[1817/19601] BBUw: ✓ (no splits)
[1818/19601] BBVA: ✓ (no splits)
[1819/19601] BBW: ✓ (no splits)
[1820/19601] BBWI: ✓ (no splits)
[1821/19601] BBWIw: ✓ (no splits)
[1822/19601] BBY: ✓ (no splits)
[1823/19601] BBYY: ✓ (no splits)
[1824/19601] BC: ✓ (no splits)
[1825/19601] BCAB: ✓ (no splits)
[1826/19601] BCAC: ✓ (no splits)
[1827/19601] BCACU: ✓ (no splits)
[1828/19601] BCACW: ✓ (no splits)
[1829/19601] BCAL: ✓ (no splits)
[1830/19601] BCAN: ✓ (2 split(s))
[1831/19601] BCAR: ✓ (no splits)
[1832/19601] BCARW: ✓ (no splits)
[1833/19601] BCAX: ✓ (no splits)
[1834/19601] BCARU: ✓ (no splits)
[1835/19601] BCBP: ✓ (no splits)
[1836/19601] BCAT: ✓ (no splits)
[1837/19601] BCC: ✓ (no splits)
[1838/19601] BCCC: ✓ (no splits)
[1839/19601] BCD: ✓ (no splits)
[1840/19601] BCDA: ✓ (1 split(s))
[1841/19601] BCDAW: ✓ (no splits)
[1842/19601] BCE: ✓ (no splits)
[1843/19601] BCDF: ✓ (no splits)
[1844/19601] BCEL: ✓ (no splits)
[1845/19601] BCEI: ✓ (no splits)
[1846/19601] BCG: ✓ (no splits)
[1847/19601] BCGWW: ✓ (no splits)
[1848/19601] BCHI: ✓ (no splits)
[1849/19601] BCH: ✓ (no splits)
[1850/19601] BCHP: ✓ (no splits)
[1851/19601] BCI: ✓ (no splits)
[1852/19601] BCIC: ✓ (no splits)
[1853/19601] BCIL: ✓ (no splits)
[1854/19601] BCLI: ✓ (1 split(s))
[1855/19601] BCLO: ✓ (no splits)
[1856/19601] BCIM: ✓ (no splits)
[1857/19601] BCM: ✓ (no splits)
[1858/19601] BCKT: ✓ (no splits)
[1859/19601] BCML: ✓ (no splits)
[1860/19601] BCO: ✓ (no splits)
[1861/19601] BCOR: ✓ (no splits)
[1862/19601] BCOV: ✓ (no splits)
[1863/19601] BCOW: ✓ (no splits)
[1864/19601] BCRX: ✓ (no splits)
[1865/19601] BCPC: ✓ (no splits)
[1866/19601] BCS: ✓ (no splits)
[1867/19601] BCSA: ✓ (no splits)
[1868/19601] BCSAU: ✓ (no splits)
[1869/19601] BCSAW: ✓ (no splits)
[1870/19601] BCSF: ✓ (no splits)
[1871/19601] BCSS: ✓ (no splits)
[1872/19601] BCSS.U: ✓ (no splits)
[1873/19601] BCSS.WS: ✓ (no splits)
[1874/19601] BCTXW: ✓ (no splits)
[1875/19601] BCTX: ✓ (2 split(s))
[1876/19601] BCTG: ✓ (no splits)
[1877/19601] BCUS: ✓ (no splits)
[1878/19601] BCTXZ: ✓ (no splits)
[1879/19601] BCVpA: ✓ (no splits)
[1880/19601] BCV: ✓ (no splits)
[1881/19601] BCX: ✓ (no splits)
[1882/19601] BCYP: ✓ (no splits)
[1883/19601] BCYC: ✓ (no splits)
[1884/19601] BCYPU: ✓ (no splits)
[1885/19601] BCYPW: ✓ (no splits)
[1886/19601] BCpA: ✓ (no splits)
[1887/19601] BCpB: ✓ (no splits)
[1888/19601] BCpC: ✓ (no splits)
[1889/19601] BDBT: ✓ (no splits)
[1890/19601] BDC: ✓ (no splits)
[1891/19601] BDCI: ✓ (no splits)
[1892/19601] BDCIU: ✓ (no splits)
[1893/19601] BDCIW: ✓ (no splits)
[1894/19601] BDCX: ✓ (no splits)
[1895/19601] BDCY: ✓ (no splits)
[1896/19601] BDEC: ✓ (no splits)
[1897/19601] BDCZ: ✓ (no splits)
[1898/19601] BDGE: ✓ (no splits)
[1899/19601] BDGS: ✓ (no splits)
[1900/19601] BDJ: ✓ (no splits)
[1901/19601] BDIV: ✓ (no splits)
[1902/19601] BDL: ✓ (no splits)
[1903/19601] BDMD: ✓ (no splits)
[1904/19601] BDMDW: ✓ (no splits)
[1905/19601] BDR: ✓ (no splits)
[1906/19601] BDN: ✓ (no splits)
[1907/19601] BDRX: ✓ (5 split(s))
[1908/19601] BDRY: ✓ (no splits)
[1909/19601] BDSI: ✓ (no splits)
[1910/19601] BDSX: ✓ (1 split(s))
[1911/19601] BDTX: ✓ (no splits)
[1912/19601] BDVG: ✓ (no splits)
[1913/19601] BDVL: ✓ (no splits)
[1914/19601] BDXB: ✓ (no splits)
[1915/19601] BDX: ✓ (no splits)
[1916/19601] BEAG: ✓ (no splits)
[1917/19601] BDYN: ✓ (no splits)
[1918/19601] BE: ✓ (no splits)
[1919/19601] BEAGU: ✓ (no splits)
[1920/19601] BEAM: ✓ (no splits)
[1921/19601] BEAGR: ✓ (no splits)
[1922/19601] BEATW: ✓ (no splits)
[1923/19601] BEAT: ✓ (no splits)
[1924/19601] BECN: ✓ (no splits)
[1925/19601] BECO: ✓ (no splits)
[1926/19601] BEDU: ✓ (1 split(s))
[1927/19601] BEDZ: ✓ (no splits)
[1928/19601] BEEM: ✓ (no splits)
[1929/19601] BEEMW: ✓ (no splits)
[1930/19601] BEEP: ✓ (no splits)
[1931/19601] BEEX: ✓ (no splits)
[1932/19601] BEEZ: ✓ (no splits)
[1933/19601] BEGS: ✓ (no splits)
[1934/19601] BEKE: ✓ (no splits)
[1935/19601] BELFA: ✓ (no splits)
[1936/19601] BELFB: ✓ (no splits)
[1937/19601] BEMB: ✓ (no splits)
[1938/19601] BELT: ✓ (no splits)
[1939/19601] BEN: ✓ (no splits)
[1940/19601] BENE: ✓ (no splits)
[1941/19601] BENER: ✓ (no splits)
[1942/19601] BENEW: ✓ (no splits)
[1943/19601] BENEU: ✓ (no splits)
[1944/19601] BENJ: ✓ (no splits)
[1945/19601] BENF: ✓ (1 split(s))
[1946/19601] BENFW: ✓ (no splits)
[1947/19601] BEP: ✓ (1 split(s))
[1948/19601] BEPC: ✓ (1 split(s))
[1949/19601] BEPH: ✓ (no splits)
[1950/19601] BEPI: ✓ (no splits)
[1951/19601] BEPJ: ✓ (no splits)
[1952/19601] BEPpA: ✓ (no splits)
[1953/19601] BERY: ✓ (no splits)
[1954/19601] BERZ: ✓ (1 split(s))
[1955/19601] BESF: ✓ (no splits)
[1956/19601] BEST: ✓ (2 split(s))
[1957/19601] BETE: ✓ (no splits)
[1958/19601] BETA: ✓ (no splits)
[1959/19601] BETH: ✓ (no splits)
[1960/19601] BETR: ✓ (1 split(s))
[1961/19601] BETRW: ✓ (no splits)
[1962/19601] BETS: ✓ (2 split(s))
[1963/19601] BETZ: ✓ (no splits)
[1964/19601] BEX: ✓ (no splits)
[1965/19601] BF.A: ✓ (no splits)
[1966/19601] BF.B: ✓ (no splits)
[1967/19601] BFAC: ✓ (no splits)
[1968/19601] BFAC.U: ✓ (no splits)
[1969/19601] BFAC.WS: ✓ (no splits)
[1970/19601] BFAM: ✓ (no splits)
[1971/19601] BFAP: ✓ (no splits)
[1972/19601] BFC: ✓ (no splits)
[1973/19601] BFEB: ✓ (no splits)
[1974/19601] BFH: ✓ (no splits)
[1975/19601] BFHpA: ✓ (no splits)
[1976/19601] BFI: ✓ (no splits)
[1977/19601] BFIIW: ✓ (no splits)
[1978/19601] BFIN: ✓ (no splits)
[1979/19601] BFIT: ✓ (no splits)
[1980/19601] BFIX: ✓ (no splits)
[1981/19601] BFJL: ✓ (no splits)
[1982/19601] BFLB: ✓ (no splits)
[1983/19601] BFK: ✓ (no splits)
[1984/19601] BFLY: ✓ (no splits)
[1985/19601] BFLY.WS: ✓ (no splits)
[1986/19601] BFO: ✓ (no splits)
[1987/19601] BFOC: ✓ (no splits)
[1988/19601] BFOR: ✓ (no splits)
[1989/19601] BFRE: ✓ (no splits)
[1990/19601] BFRA: ✓ (no splits)
[1991/19601] BFRG: ✓ (no splits)
[1992/19601] BFRGW: ✓ (no splits)
[1993/19601] BFRI: ✓ (1 split(s))
[1994/19601] BFRIW: ✓ (no splits)
[1995/19601] BFRZ: ✓ (no splits)
[1996/19601] BFS: ✓ (no splits)
[1997/19601] BFST: ✓ (no splits)
[1998/19601] BFSpD: ✓ (no splits)
[1999/19601] BFSpE: ✓ (no splits)
[2000/19601] BFT: ✓ (no splits)
  → Checkpoint saved: 279 splits so far
[2001/19601] BFT.U: ✓ (no splits)
[2002/19601] BFT.WS: ✓ (no splits)
[2003/19601] BFTR: ✓ (no splits)
[2004/19601] BFX: ✓ (no splits)
[2005/19601] BFY: ✓ (no splits)
[2006/19601] BFZ: ✓ (no splits)
[2007/19601] BG: ✓ (no splits)
[2008/19601] BGB: ✓ (no splits)
[2009/19601] BGCP: ✓ (no splits)
[2010/19601] BGC: ✓ (no splits)
[2011/19601] BGDV: ✓ (no splits)
[2012/19601] BGFV: ✓ (no splits)
[2013/19601] BGH: ✓ (no splits)
[2014/19601] BGI: ✓ (no splits)
[2015/19601] BGIG: ✓ (no splits)
[2016/19601] BGIN: ✓ (no splits)
[2017/19601] BGIO: ✓ (no splits)
[2018/19601] BGL: ✓ (no splits)
[2019/19601] BGLC: ✓ (2 split(s))
[2020/19601] BGLD: ✓ (no splits)
[2021/19601] BGLWW: ✓ (no splits)
[2022/19601] BGMS: ✓ (2 split(s))
[2023/19601] BGM: ✓ (no splits)
[2024/19601] BGMSP: ✓ (no splits)
[2025/19601] BGNE: ✓ (no splits)
[2026/19601] BGR: ✓ (no splits)
[2027/19601] BGRN: ✓ (no splits)
[2028/19601] BGRO: ✓ (no splits)
[2029/19601] BGRY: ✓ (no splits)
[2030/19601] BGRYW: ✓ (no splits)
[2031/19601] BGS: ✓ (no splits)
[2032/19601] BGSF: ✓ (no splits)
[2033/19601] BGSI: ✓ (no splits)
[2034/19601] BGSX: ✓ (no splits)
[2035/19601] BGSX.U: ✓ (no splits)
[2036/19601] BGSX.WS: ✓ (no splits)
[2037/19601] BGT: ✓ (no splits)
[2038/19601] BGX: ✓ (no splits)
[2039/19601] BGXX: ✓ (no splits)
[2040/19601] BH: ✓ (no splits)
[2041/19601] BGY: ✓ (no splits)
[2042/19601] BH.A: ✓ (no splits)
[2043/19601] BHAC: ✓ (no splits)
[2044/19601] BHACU: ✓ (no splits)
[2045/19601] BHACW: ✓ (no splits)
[2046/19601] BHAT: ✓ (2 split(s))
[2047/19601] BHB: ✓ (no splits)
[2048/19601] BHC: ✓ (no splits)
[2049/19601] BHE: ✓ (no splits)
[2050/19601] BHF: ✓ (no splits)
[2051/19601] BHFAL: ✓ (no splits)
[2052/19601] BHFAN: ✓ (no splits)
[2053/19601] BHFAM: ✓ (no splits)
[2054/19601] BHFAO: ✓ (no splits)
[2055/19601] BHFAP: ✓ (no splits)
[2056/19601] BHG: ✓ (1 split(s))
[2057/19601] BHIL: ✓ (1 split(s))
[2058/19601] BHIL.WS: ✓ (no splits)
[2059/19601] BHK: ✓ (no splits)
[2060/19601] BHKrw: ✓ (no splits)
[2061/19601] BHKr: ✓ (no splits)
[2062/19601] BHLB: ✓ (no splits)
[2063/19601] BHM: ✓ (no splits)
[2064/19601] BHMw: ✓ (no splits)
[2065/19601] BHR: ✓ (no splits)
[2066/19601] BHP: ✓ (no splits)
[2067/19601] BHRB: ✓ (1 split(s))
[2068/19601] BHRpB: ✓ (no splits)
[2069/19601] BHRpD: ✓ (no splits)
[2070/19601] BHSE: ✓ (no splits)
[2071/19601] BHSEU: ✓ (no splits)
[2072/19601] BHSEW: ✓ (no splits)
[2073/19601] BHST: ✓ (no splits)
[2074/19601] BHTG: ✓ (no splits)
[2075/19601] BHV: ✓ (no splits)
[2076/19601] BHVN: ✓ (no splits)
[2077/19601] BHVNw: ✓ (no splits)
[2078/19601] BHYB: ✓ (no splits)
[2079/19601] BIAF: ✓ (1 split(s))
[2080/19601] BIB: ✓ (no splits)
[2081/19601] BIAFW: ✓ (no splits)
[2082/19601] BIBL: ✓ (no splits)
[2083/19601] BICK: ✓ (no splits)
[2084/19601] BIDD: ✓ (no splits)
[2085/19601] BIDS: ✓ (no splits)
[2086/19601] BIDU: ✓ (no splits)
[2087/19601] BIF: ✓ (no splits)
[2088/19601] BIG: ✓ (no splits)
[2089/19601] BIGB: ✓ (no splits)
[2090/19601] BIGC: ✓ (no splits)
[2091/19601] BIGY: ✓ (no splits)
[2092/19601] BIGT: ✓ (no splits)
[2093/19601] BIGZ: ✓ (no splits)
[2094/19601] BIIB: ✓ (no splits)
[2095/19601] BIL: ✓ (no splits)
[2096/19601] BILD: ✓ (no splits)
[2097/19601] BILI: ✓ (no splits)
[2098/19601] BILS: ✓ (no splits)
[2099/19601] BILL: ✓ (no splits)
[2100/19601] BILT: ✓ (no splits)
[2101/19601] BILZ: ✓ (no splits)
[2102/19601] BIMI: ✓ (2 split(s))
[2103/19601] BINC: ✓ (no splits)
[2104/19601] BINI: ✓ (3 split(s))
[2105/19601] BINT: ✓ (no splits)
[2106/19601] BINV: ✓ (no splits)
[2107/19601] BIO: ✓ (no splits)
[2108/19601] BIO.B: ✓ (no splits)
[2109/19601] BIOA: ✓ (no splits)
[2110/19601] BIOC: ✓ (1 split(s))
[2111/19601] BIOL: ✓ (2 split(s))
[2112/19601] BIOR: ✓ (2 split(s))
[2113/19601] BIOS: ✓ (no splits)
[2114/19601] BIOSU: ✓ (no splits)
[2115/19601] BIOSW: ✓ (no splits)
[2116/19601] BIOT: ✓ (no splits)
[2117/19601] BIOTU: ✓ (no splits)
[2118/19601] BIOTW: ✓ (no splits)
[2119/19601] BIOX: ✓ (no splits)
[2120/19601] BIP: ✓ (1 split(s))
[2121/19601] BIPC: ✓ (1 split(s))
[2122/19601] BIPH: ✓ (no splits)
[2123/19601] BIPI: ✓ (no splits)
[2124/19601] BIPJ: ✓ (no splits)
[2125/19601] BIPpA: ✓ (no splits)
[2126/19601] BIPpB: ✓ (no splits)
[2127/19601] BIRD: ✓ (1 split(s))
[2128/19601] BIRK: ✓ (no splits)
[2129/19601] BIS: ✓ (no splits)
[2130/19601] BIT: ✓ (no splits)
[2131/19601] BITC: ✓ (no splits)
[2132/19601] BITB: ✓ (no splits)
[2133/19601] BITE: ✓ (no splits)
[2134/19601] BITE.U: ✓ (no splits)
[2135/19601] BITE.WS: ✓ (no splits)
[2136/19601] BITF: ✓ (no splits)
[2137/19601] BITI: ✓ (1 split(s))
[2138/19601] BITK: ✓ (no splits)
[2139/19601] BITO: ✓ (no splits)
[2140/19601] BITQ: ✓ (no splits)
[2141/19601] BITS: ✓ (1 split(s))
[2142/19601] BITU: ✓ (no splits)
[2143/19601] BITX: ✓ (no splits)
[2144/19601] BITr: ✓ (no splits)
[2145/19601] BITY: ✓ (no splits)
[2146/19601] BITrw: ✓ (no splits)
[2147/19601] BIV: ✓ (no splits)
[2148/19601] BIVI: ✓ (2 split(s))
[2149/19601] BIVIW: ✓ (no splits)
[2150/19601] BIXIU: ✓ (no splits)
[2151/19601] BIYA: ✓ (no splits)
[2152/19601] BJ: ✓ (no splits)
[2153/19601] BIZD: ✓ (no splits)
[2154/19601] BJAN: ✓ (no splits)
[2155/19601] BJDX: ✓ (3 split(s))
[2156/19601] BJK: ✓ (no splits)
[2157/19601] BJRI: ✓ (no splits)
[2158/19601] BJUN: ✓ (no splits)
[2159/19601] BJUL: ✓ (no splits)
[2160/19601] BK: ✓ (no splits)
[2161/19601] BKAG: ✓ (no splits)
[2162/19601] BKCC: ✓ (no splits)
[2163/19601] BKCG: ✓ (no splits)
[2164/19601] BKCI: ✓ (no splits)
[2165/19601] BKCH: ✓ (1 split(s))
[2166/19601] BKD: ✓ (no splits)
[2167/19601] BKDT: ✓ (no splits)
[2168/19601] BKDV: ✓ (no splits)
[2169/19601] BKE: ✓ (no splits)
[2170/19601] BKEM: ✓ (no splits)
[2171/19601] BKEP: ✓ (no splits)
[2172/19601] BKES: ✓ (no splits)
[2173/19601] BKEPP: ✓ (no splits)
[2174/19601] BKF: ✓ (no splits)
[2175/19601] BKGI: ✓ (no splits)
[2176/19601] BKH: ✓ (no splits)
[2177/19601] BKHA: ✓ (no splits)
[2178/19601] BKHAR: ✓ (no splits)
[2179/19601] BKHAU: ✓ (no splits)
[2180/19601] BKHY: ✓ (no splits)
[2181/19601] BKI: ✓ (no splits)
[2182/19601] BKIS: ✓ (no splits)
[2183/19601] BKIE: ✓ (no splits)
[2184/19601] BKIV: ✓ (no splits)
[2185/19601] BKK: ✓ (no splits)
[2186/19601] BKKT: ✓ (1 split(s))
[2187/19601] BKKT.WS: ✓ (no splits)
[2188/19601] BKLC: ✓ (no splits)
[2189/19601] BKMC: ✓ (no splits)
[2190/19601] BKLN: ✓ (no splits)
[2191/19601] BKN: ✓ (no splits)
[2192/19601] BKNG: ✓ (no splits)
[2193/19601] BKNU: ✓ (no splits)
[2194/19601] BKR: ✓ (no splits)
[2195/19601] BKSB: ✓ (no splits)
[2196/19601] BKSC: ✓ (no splits)
[2197/19601] BKSE: ✓ (no splits)
[2198/19601] BKSY: ✓ (1 split(s))
[2199/19601] BKSY.WS: ✓ (no splits)
[2200/19601] BKT: ✓ (1 split(s))
[2201/19601] BKTI: ✓ (1 split(s))
[2202/19601] BKTrw: ✓ (no splits)
[2203/19601] BKTr: ✓ (no splits)
[2204/19601] BKU: ✓ (no splits)
[2205/19601] BKUI: ✓ (no splits)
[2206/19601] BKUS: ✓ (no splits)
[2207/19601] BKV: ✓ (no splits)
[2208/19601] BKWO: ✓ (no splits)
[2209/19601] BKpC: ✓ (no splits)
[2210/19601] BKYI: ✓ (1 split(s))
[2211/19601] BKpK: ✓ (no splits)
[2212/19601] BL: ✓ (no splits)
[2213/19601] BLAC: ✓ (no splits)
[2214/19601] BLACR: ✓ (no splits)
[2215/19601] BLACU: ✓ (no splits)
[2216/19601] BLACW: ✓ (no splits)
[2217/19601] BLBD: ✓ (no splits)
[2218/19601] BLBX: ✓ (1 split(s))
[2219/19601] BLCM: ✓ (no splits)
[2220/19601] BLCN: ✓ (no splits)
[2221/19601] BLCO: ✓ (no splits)
[2222/19601] BLCT: ✓ (no splits)
[2223/19601] BLCR: ✓ (no splits)
[2224/19601] BLCV: ✓ (no splits)
[2225/19601] BLD: ✓ (no splits)
[2226/19601] BLDE: ✓ (no splits)
[2227/19601] BLDEW: ✓ (no splits)
[2228/19601] BLDG: ✓ (no splits)
[2229/19601] BLDP: ✓ (no splits)
[2230/19601] BLDR: ✓ (no splits)
[2231/19601] BLE: ✓ (no splits)
[2232/19601] BLES: ✓ (no splits)
[2233/19601] BLEU: ✓ (no splits)
[2234/19601] BLEUR: ✓ (no splits)
[2235/19601] BLEUW: ✓ (no splits)
[2236/19601] BLEUU: ✓ (no splits)
[2237/19601] BLFS: ✓ (no splits)
[2238/19601] BLFY: ✓ (no splits)
[2239/19601] BLGR: ✓ (no splits)
[2240/19601] BLHY: ✓ (no splits)
[2241/19601] BLI: ✓ (no splits)
[2242/19601] BLIN: ✓ (no splits)
[2243/19601] BLIV: ✓ (no splits)
[2244/19601] BLK: ✓ (no splits)
[2245/19601] BLKB: ✓ (no splits)
[2246/19601] BLKC: ✓ (no splits)
[2247/19601] BLL: ✓ (no splits)
[2248/19601] BLLD: ✓ (no splits)
[2249/19601] BLLN: ✓ (no splits)
[2250/19601] BLMN: ✓ (no splits)
[2251/19601] BLMZ: ✓ (1 split(s))
[2252/19601] BLNE: ✓ (1 split(s))
[2253/19601] BLND: ✓ (no splits)
[2254/19601] BLNG: ✓ (no splits)
[2255/19601] BLNGU: ✓ (no splits)
[2256/19601] BLNGW: ✓ (no splits)
[2257/19601] BLNK: ✓ (no splits)
[2258/19601] BLOK: ✓ (no splits)
[2259/19601] BLNKW: ✓ (no splits)
[2260/19601] BLOX: ✓ (no splits)
[2261/19601] BLPH: ✓ (no splits)
[2262/19601] BLRX: ✓ (1 split(s))
[2263/19601] BLSA: ✓ (no splits)
[2264/19601] BLSG: ✓ (no splits)
[2265/19601] BLSH: ✓ (no splits)
[2266/19601] BLST: ✓ (no splits)
[2267/19601] BLSX: ✓ (no splits)
[2268/19601] BLTD: ✓ (no splits)
[2269/19601] BLTE: ✓ (no splits)
[2270/19601] BLTS: ✓ (no splits)
[2271/19601] BLTSU: ✓ (no splits)
[2272/19601] BLU: ✓ (no splits)
[2273/19601] BLTSW: ✓ (no splits)
[2274/19601] BLUA.WS: ✓ (no splits)
[2275/19601] BLUA.U: ✓ (no splits)
[2276/19601] BLUA: ✓ (no splits)
[2277/19601] BLUC: ✓ (no splits)
[2278/19601] BLUE: ✓ (1 split(s))
[2279/19601] BLUI: ✓ (no splits)
[2280/19601] BLUW: ✓ (no splits)
[2281/19601] BLUWU: ✓ (no splits)
[2282/19601] BLUWW: ✓ (no splits)
[2283/19601] BLUX: ✓ (no splits)
[2284/19601] BLV: ✓ (no splits)
[2285/19601] BLW: ✓ (no splits)
[2286/19601] BLX: ✓ (no splits)
[2287/19601] BLZE: ✓ (no splits)
[2288/19601] BLZR: ✓ (no splits)
[2289/19601] BLZRU: ✓ (no splits)
[2290/19601] BLZRW: ✓ (no splits)
[2291/19601] BMA: ✓ (no splits)
[2292/19601] BMAC: ✓ (no splits)
[2293/19601] BMAC.U: ✓ (no splits)
[2294/19601] BMAC.WS: ✓ (no splits)
[2295/19601] BMAQR: ✓ (no splits)
[2296/19601] BMAQ: ✓ (no splits)
[2297/19601] BMAQU: ✓ (no splits)
[2298/19601] BMAX: ✓ (no splits)
[2299/19601] BMAQW: ✓ (no splits)
[2300/19601] BMAR: ✓ (no splits)
[2301/19601] BMAY: ✓ (no splits)
[2302/19601] BMBL: ✓ (no splits)
[2303/19601] BMCH: ✓ (no splits)
[2304/19601] BMDL: ✓ (no splits)
[2305/19601] BMEA: ✓ (no splits)
[2306/19601] BME: ✓ (no splits)
[2307/19601] BMED: ✓ (no splits)
[2308/19601] BMEZ: ✓ (no splits)
[2309/19601] BMGL: ✓ (no splits)
[2310/19601] BMHL: ✓ (no splits)
[2311/19601] BMI: ✓ (no splits)
[2312/19601] BMLP: ✓ (no splits)
[2313/19601] BMLpG: ✓ (no splits)
[2314/19601] BMLpH: ✓ (no splits)
[2315/19601] BMN: ✓ (no splits)
[2316/19601] BMLpJ: ✓ (no splits)
[2317/19601] BMLpL: ✓ (no splits)
[2318/19601] BMNG: ✓ (no splits)
[2319/19601] BMNU: ✓ (no splits)
[2320/19601] BMNZ: ✓ (no splits)
[2321/19601] BMNR: ✓ (2 split(s))
[2322/19601] BMO: ✓ (no splits)
[2323/19601] BMR: ✓ (no splits)
[2324/19601] BMRA: ✓ (1 split(s))
[2325/19601] BMRN: ✓ (no splits)
[2326/19601] BMRC: ✓ (no splits)
[2327/19601] BMTC: ✓ (no splits)
[2328/19601] BMTX: ✓ (no splits)
[2329/19601] BMTX.WS: ✓ (no splits)
[2330/19601] BMVP: ✓ (1 split(s))
[2331/19601] BMY: ✓ (no splits)
[2332/19601] BMYr: ✓ (no splits)
[2333/19601] BN: ✓ (1 split(s))
[2334/19601] BNAI: ✓ (no splits)
[2335/19601] BNAIW: ✓ (no splits)
[2336/19601] BNBX: ✓ (1 split(s))
[2337/19601] BNC: ✓ (no splits)
[2338/19601] BNCWW: ✓ (no splits)
[2339/19601] BNDC: ✓ (no splits)
[2340/19601] BND: ✓ (no splits)
[2341/19601] BNDI: ✓ (no splits)
[2342/19601] BNDD: ✓ (1 split(s))
[2343/19601] BNDP: ✓ (no splits)
[2344/19601] BNDS: ✓ (no splits)
[2345/19601] BNDX: ✓ (no splits)
[2346/19601] BNDW: ✓ (no splits)
[2347/19601] BNDY: ✓ (no splits)
[2348/19601] BNE: ✓ (no splits)
[2349/19601] BNED: ✓ (1 split(s))
[2350/19601] BNFT: ✓ (no splits)
[2351/19601] BNGE: ✓ (no splits)
[2352/19601] BNGO: ✓ (2 split(s))
[2353/19601] BNGOW: ✓ (no splits)
[2354/19601] BNH: ✓ (no splits)
[2355/19601] BNIX: ✓ (no splits)
[2356/19601] BNIXR: ✓ (no splits)
[2357/19601] BNIXU: ✓ (no splits)
[2358/19601] BNIXW: ✓ (no splits)
[2359/19601] BNJ: ✓ (no splits)
[2360/19601] BNKD: ✓ (2 split(s))
[2361/19601] BNKKW: ✓ (no splits)
[2362/19601] BNKK: ✓ (no splits)
[2363/19601] BNKO: ✓ (no splits)
[2364/19601] BNKZ: ✓ (no splits)
[2365/19601] BNKU: ✓ (no splits)
[2366/19601] BNMV: ✓ (no splits)
[2367/19601] BNL: ✓ (no splits)
[2368/19601] BNNR: ✓ (no splits)
[2369/19601] BNNRW: ✓ (no splits)
[2370/19601] BNNRU: ✓ (no splits)
[2371/19601] BNO: ✓ (no splits)
[2372/19601] BNOV: ✓ (no splits)
[2373/19601] BNOX: ✓ (no splits)
[2374/19601] BNR: ✓ (1 split(s))
[2375/19601] BNRE.A: ✓ (no splits)
[2376/19601] BNRE: ✓ (no splits)
[2377/19601] BNRG: ✓ (2 split(s))
[2378/19601] BNS: ✓ (no splits)
[2379/19601] BNSO: ✓ (no splits)
[2380/19601] BNT: ✓ (1 split(s))
[2381/19601] BNTX: ✓ (no splits)
[2382/19601] BNTC: ✓ (1 split(s))
[2383/19601] BNY: ✓ (no splits)
[2384/19601] BNZI: ✓ (2 split(s))
[2385/19601] BNZIW: ✓ (no splits)
[2386/19601] BOAC.U: ✓ (no splits)
[2387/19601] BOAC: ✓ (no splits)
[2388/19601] BNw: ✓ (no splits)
[2389/19601] BOAS: ✓ (no splits)
[2390/19601] BOAC.WS: ✓ (no splits)
[2391/19601] BOAS.U: ✓ (no splits)
[2392/19601] BOAS.WS: ✓ (no splits)
[2393/19601] BOAT: ✓ (no splits)
[2394/19601] BOB: ✓ (no splits)
[2395/19601] BOCH: ✓ (no splits)
[2396/19601] BOC: ✓ (no splits)
[2397/19601] BOBP: ✓ (no splits)
[2398/19601] BOCN: ✓ (no splits)
[2399/19601] BOCNW: ✓ (no splits)
[2400/19601] BOCNU: ✓ (no splits)
[2401/19601] BOCT: ✓ (no splits)
[2402/19601] BODI: ✓ (no splits)
[2403/19601] BODY: ✓ (1 split(s))
[2404/19601] BOE: ✓ (no splits)
[2405/19601] BODY.WS: ✓ (no splits)
[2406/19601] BOED: ✓ (no splits)
[2407/19601] BOEU: ✓ (no splits)
[2408/19601] BOEG: ✓ (no splits)
[2409/19601] BOHpA: ✓ (no splits)
[2410/19601] BOH: ✓ (no splits)
[2411/19601] BOF: ✓ (no splits)
[2412/19601] BOHpB: ✓ (no splits)
[2413/19601] BOIL: ✓ (2 split(s))
[2414/19601] BOKF: ✓ (no splits)
[2415/19601] BOLT: ✓ (1 split(s))
[2416/19601] BOKFL: ✓ (no splits)
[2417/19601] BOLD: ✓ (no splits)
[2418/19601] BOMN: ✓ (no splits)
[2419/19601] BON: ✓ (2 split(s))
[2420/19601] BOND: ✓ (no splits)
[2421/19601] BOOM: ✓ (no splits)
[2422/19601] BORR: ✓ (1 split(s))
[2423/19601] BOOT: ✓ (no splits)
[2424/19601] BOSC: ✓ (no splits)
[2425/19601] BOSS: ✓ (no splits)
[2426/19601] BOTJ: ✓ (1 split(s))
[2427/19601] BOTT: ✓ (no splits)
[2428/19601] BOTZ: ✓ (no splits)
[2429/19601] BOUT: ✓ (no splits)
[2430/19601] BOWL: ✓ (no splits)
[2431/19601] BOW: ✓ (no splits)
[2432/19601] BOWL.WS: ✓ (no splits)
[2433/19601] BOWN: ✓ (no splits)
[2434/19601] BOWNR: ✓ (no splits)
[2435/19601] BOWNU: ✓ (no splits)
[2436/19601] BOWX: ✓ (no splits)
[2437/19601] BOWXU: ✓ (no splits)
[2438/19601] BOWXW: ✓ (no splits)
[2439/19601] BOX: ✓ (no splits)
[2440/19601] BOXA: ✓ (no splits)
[2441/19601] BOXD: ✓ (no splits)
[2442/19601] BOXL: ✓ (2 split(s))
[2443/19601] BOXD.WS: ✓ (no splits)
[2444/19601] BOXX: ✓ (no splits)
[2445/19601] BP: ✓ (no splits)
[2446/19601] BPAC: ✓ (no splits)
[2447/19601] BPACU: ✓ (no splits)
[2448/19601] BPACW: ✓ (no splits)
[2449/19601] BPH: ✓ (no splits)
[2450/19601] BPAY: ✓ (no splits)
[2451/19601] BPFH: ✓ (no splits)
[2452/19601] BPI: ✓ (no splits)
[2453/19601] BPMC: ✓ (no splits)
[2454/19601] BPMP: ✓ (no splits)
[2455/19601] BPOP: ✓ (no splits)
[2456/19601] BPOPN: ✓ (no splits)
[2457/19601] BPRN: ✓ (no splits)
[2458/19601] BPOPM: ✓ (no splits)
[2459/19601] BPT: ✓ (no splits)
[2460/19601] BPTH: ✓ (1 split(s))
[2461/19601] BPY: ✓ (no splits)
[2462/19601] BPTS: ✓ (2 split(s))
[2463/19601] BPYPM: ✓ (no splits)
[2464/19601] BPYPN: ✓ (no splits)
[2465/19601] BPYPO: ✓ (no splits)
[2466/19601] BPYPP: ✓ (no splits)
[2467/19601] BPYU: ✓ (no splits)
[2468/19601] BPYUP: ✓ (no splits)
[2469/19601] BRAC: ✓ (no splits)
[2470/19601] BQ: ✓ (3 split(s))
[2471/19601] BR: ✓ (no splits)
[2472/19601] BRACR: ✓ (no splits)
[2473/19601] BRACU: ✓ (no splits)
[2474/19601] BRAG: ✓ (no splits)
[2475/19601] BRAZ: ✓ (no splits)
[2476/19601] BRBI: ✓ (no splits)
[2477/19601] BRBRw: ✓ (no splits)
[2478/19601] BRBR: ✓ (no splits)
[2479/19601] BRC: ✓ (no splits)
[2480/19601] BRBS: ✓ (1 split(s))
[2481/19601] BRCB: ✓ (no splits)
[2482/19601] BRCC: ✓ (no splits)
[2483/19601] BRCC.WS: ✓ (no splits)
[2484/19601] BRCE: ✓ (no splits)
[2485/19601] BRCN: ✓ (no splits)
[2486/19601] BRD: ✓ (no splits)
[2487/19601] BRD.U: ✓ (no splits)
[2488/19601] BRD.WS: ✓ (no splits)
[2489/19601] BRDG: ✓ (no splits)
[2490/19601] BRDS: ✓ (1 split(s))
[2491/19601] BRDS.WS: ✓ (no splits)
[2492/19601] BREM: ✓ (no splits)
[2493/19601] BREA: ✓ (no splits)
[2494/19601] BREZ: ✓ (no splits)
[2495/19601] BREZR: ✓ (no splits)
[2496/19601] BREZU: ✓ (no splits)
[2497/19601] BREZW: ✓ (no splits)
[2498/19601] BRF: ✓ (no splits)
[2499/19601] BRFH: ✓ (1 split(s))
[2500/19601] BRFS: ✓ (no splits)
  → Checkpoint saved: 358 splits so far
[2501/19601] BRG: ✓ (no splits)
[2502/19601] BRGpA: ✓ (no splits)
[2503/19601] BRGpC: ✓ (no splits)
[2504/19601] BRGpD: ✓ (no splits)
[2505/19601] BRHY: ✓ (no splits)
[2506/19601] BRIA: ✓ (no splits)
[2507/19601] BRID: ✓ (no splits)
[2508/19601] BRIE: ✓ (no splits)
[2509/19601] BRIF: ✓ (no splits)
[2510/19601] BRIVU: ✓ (no splits)
[2511/19601] BRIV: ✓ (no splits)
[2512/19601] BRIVW: ✓ (no splits)
[2513/19601] BRK.A: ✓ (no splits)
[2514/19601] BRK.B: ✓ (no splits)
[2515/19601] BRKC: ✓ (no splits)
[2516/19601] BRKD: ✓ (no splits)
[2517/19601] BRKH: ✓ (no splits)
[2518/19601] BRKHU: ✓ (no splits)
[2519/19601] BRKHW: ✓ (no splits)
[2520/19601] BRKL: ✓ (no splits)
[2521/19601] BRKR: ✓ (no splits)
[2522/19601] BRKRP: ✓ (no splits)
[2523/19601] BRKS: ✓ (no splits)
[2524/19601] BRKU: ✓ (no splits)
[2525/19601] BRKW: ✓ (no splits)
[2526/19601] BRKY: ✓ (no splits)
[2527/19601] BRLI: ✓ (no splits)
[2528/19601] BRLIR: ✓ (no splits)
[2529/19601] BRLIU: ✓ (no splits)
[2530/19601] BRLIW: ✓ (no splits)
[2531/19601] BRLN: ✓ (no splits)
[2532/19601] BRLS: ✓ (no splits)
[2533/19601] BRLT: ✓ (no splits)
[2534/19601] BRLSW: ✓ (no splits)
[2535/19601] BRMK: ✓ (no splits)
[2536/19601] BRMK.WS: ✓ (no splits)
[2537/19601] BRNS: ✓ (no splits)
[2538/19601] BRN: ✓ (no splits)
[2539/19601] BRNY: ✓ (no splits)
[2540/19601] BRO: ✓ (no splits)
[2541/19601] BROG: ✓ (no splits)
[2542/19601] BROS: ✓ (no splits)
[2543/19601] BROGW: ✓ (no splits)
[2544/19601] BRPA: ✓ (no splits)
[2545/19601] BRP: ✓ (no splits)
[2546/19601] BRPAR: ✓ (no splits)
[2547/19601] BRPAU: ✓ (no splits)
[2548/19601] BRPAW: ✓ (no splits)
[2549/19601] BRPM: ✓ (no splits)
[2550/19601] BRPMU: ✓ (no splits)
[2551/19601] BRPMW: ✓ (no splits)
[2552/19601] BRQS: ✓ (2 split(s))
[2553/19601] BRRR: ✓ (no splits)
[2554/19601] BRR: ✓ (no splits)
[2555/19601] BRRWU: ✓ (no splits)
[2556/19601] BRRWW: ✓ (no splits)
[2557/19601] BRSH: ✓ (1 split(s))
[2558/19601] BRSHW: ✓ (no splits)
[2559/19601] BRSL: ✓ (no splits)
[2560/19601] BRSP: ✓ (no splits)
[2561/19601] BRT: ✓ (no splits)
[2562/19601] BRTX: ✓ (1 split(s))
[2563/19601] BRTR: ✓ (no splits)
[2564/19601] BRW: ✓ (1 split(s))
[2565/19601] BRWr: ✓ (no splits)
[2566/19601] BRX: ✓ (no splits)
[2567/19601] BRWrw: ✓ (no splits)
[2568/19601] BRY: ✓ (no splits)
[2569/19601] BRZE: ✓ (no splits)
[2570/19601] BRZU: ✓ (no splits)
[2571/19601] BSA: ✓ (no splits)
[2572/19601] BSAA: ✓ (no splits)
[2573/19601] BSAAR: ✓ (no splits)
[2574/19601] BSAAU: ✓ (no splits)
[2575/19601] BSAC: ✓ (no splits)
[2576/19601] BSAE: ✓ (no splits)
[2577/19601] BSAQ: ✓ (no splits)
[2578/19601] BSAQ.U: ✓ (no splits)
[2579/19601] BSAQ.WS: ✓ (no splits)
[2580/19601] BSBE: ✓ (no splits)
[2581/19601] BSBK: ✓ (no splits)
[2582/19601] BSBR: ✓ (no splits)
[2583/19601] BSCE: ✓ (no splits)
[2584/19601] BSCL: ✓ (no splits)
[2585/19601] BSCK: ✓ (no splits)
[2586/19601] BSCN: ✓ (no splits)
[2587/19601] BSCM: ✓ (no splits)
[2588/19601] BSCO: ✓ (no splits)
[2589/19601] BSCP: ✓ (no splits)
[2590/19601] BSCQ: ✓ (no splits)
[2591/19601] BSCR: ✓ (no splits)
[2592/19601] BSCS: ✓ (no splits)
[2593/19601] BSCT: ✓ (no splits)
[2594/19601] BSCU: ✓ (no splits)
[2595/19601] BSCV: ✓ (no splits)
[2596/19601] BSCW: ✓ (no splits)
[2597/19601] BSCZ: ✓ (no splits)
[2598/19601] BSCX: ✓ (no splits)
[2599/19601] BSCY: ✓ (no splits)
[2600/19601] BSD: ✓ (no splits)
[2601/19601] BSDE: ✓ (no splits)
[2602/19601] BSE: ✓ (no splits)
[2603/19601] BSEA: ✓ (no splits)
[2604/19601] BSEP: ✓ (no splits)
[2605/19601] BSET: ✓ (no splits)
[2606/19601] BSGA: ✓ (no splits)
[2607/19601] BSFC: ✓ (2 split(s))
[2608/19601] BSGAR: ✓ (no splits)
[2609/19601] BSGAU: ✓ (no splits)
[2610/19601] BSGM: ✓ (1 split(s))
[2611/19601] BSIG: ✓ (no splits)
[2612/19601] BSII: ✓ (no splits)
[2613/19601] BSIIU: ✓ (no splits)
[2614/19601] BSIIW: ✓ (no splits)
[2615/19601] BSJK: ✓ (no splits)
[2616/19601] BSJL: ✓ (no splits)
[2617/19601] BSJM: ✓ (no splits)
[2618/19601] BSJO: ✓ (no splits)
[2619/19601] BSJN: ✓ (no splits)
[2620/19601] BSJP: ✓ (no splits)
[2621/19601] BSJQ: ✓ (no splits)
[2622/19601] BSJR: ✓ (no splits)
[2623/19601] BSJS: ✓ (no splits)
[2624/19601] BSJT: ✓ (no splits)
[2625/19601] BSJU: ✓ (no splits)
[2626/19601] BSJV: ✓ (no splits)
[2627/19601] BSJX: ✓ (no splits)
[2628/19601] BSJW: ✓ (no splits)
[2629/19601] BSKY: ✓ (no splits)
[2630/19601] BSKYU: ✓ (no splits)
[2631/19601] BSKYW: ✓ (no splits)
[2632/19601] BSL: ✓ (no splits)
[2633/19601] BSLK: ✓ (1 split(s))
[2634/19601] BSM: ✓ (no splits)
[2635/19601] BSLKW: ✓ (no splits)
[2636/19601] BSMC: ✓ (no splits)
[2637/19601] BSMM: ✓ (no splits)
[2638/19601] BSML: ✓ (no splits)
[2639/19601] BSMP: ✓ (no splits)
[2640/19601] BSMO: ✓ (no splits)
[2641/19601] BSMN: ✓ (no splits)
[2642/19601] BSMQ: ✓ (no splits)
[2643/19601] BSMR: ✓ (no splits)
[2644/19601] BSMS: ✓ (no splits)
[2645/19601] BSMT: ✓ (no splits)
[2646/19601] BSMW: ✓ (no splits)
[2647/19601] BSMX: ✓ (no splits)
[2648/19601] BSMV: ✓ (no splits)
[2649/19601] BSMU: ✓ (no splits)
[2650/19601] BSMY: ✓ (no splits)
[2651/19601] BSMZ: ✓ (no splits)
[2652/19601] BSN: ✓ (no splits)
[2653/19601] BSN.U: ✓ (no splits)
[2654/19601] BSN.WS: ✓ (no splits)
[2655/19601] BSOL: ✓ (no splits)
[2656/19601] BSPE: ✓ (no splits)
[2657/19601] BSQR: ✓ (no splits)
[2658/19601] BSR: ✓ (no splits)
[2659/19601] BSRR: ✓ (no splits)
[2660/19601] BSSX: ✓ (no splits)
[2661/19601] BST: ✓ (no splits)
[2662/19601] BSTP: ✓ (no splits)
[2663/19601] BSTr: ✓ (no splits)
[2664/19601] BSTZ: ✓ (no splits)
[2665/19601] BSTrw: ✓ (no splits)
[2666/19601] BSV: ✓ (no splits)
[2667/19601] BSVO: ✓ (no splits)
[2668/19601] BSX: ✓ (no splits)
[2669/19601] BSVN: ✓ (no splits)
[2670/19601] BSXpA: ✓ (no splits)
[2671/19601] BSY: ✓ (no splits)
[2672/19601] BTA: ✓ (no splits)
[2673/19601] BTAI: ✓ (1 split(s))
[2674/19601] BTAL: ✓ (no splits)
[2675/19601] BTAQ: ✓ (no splits)
[2676/19601] BTAQU: ✓ (no splits)
[2677/19601] BTAQW: ✓ (no splits)
[2678/19601] BTB: ✓ (no splits)
[2679/19601] BTBD: ✓ (1 split(s))
[2680/19601] BTBDW: ✓ (no splits)
[2681/19601] BTBT: ✓ (no splits)
[2682/19601] BTCC: ✓ (no splits)
[2683/19601] BTCI: ✓ (no splits)
[2684/19601] BTC: ✓ (1 split(s))
[2685/19601] BTCL: ✓ (no splits)
[2686/19601] BTCM: ✓ (1 split(s))
[2687/19601] BTCO: ✓ (no splits)
[2688/19601] BTCR: ✓ (no splits)
[2689/19601] BTCS: ✓ (2 split(s))
[2690/19601] BTCT: ✓ (2 split(s))
[2691/19601] BTCTW: ✓ (no splits)
[2692/19601] BTCW: ✓ (no splits)
[2693/19601] BTCY: ✓ (1 split(s))
[2694/19601] BTCZ: ✓ (no splits)
[2695/19601] BTDR: ✓ (no splits)
[2696/19601] BTE: ✓ (no splits)
[2697/19601] BTEC: ✓ (no splits)
[2698/19601] BTEK: ✓ (no splits)
[2699/19601] BTFX: ✓ (no splits)
[2700/19601] BTF: ✓ (no splits)
[2701/19601] BTG: ✓ (no splits)
[2702/19601] BTI: ✓ (no splits)
[2703/19601] BTGD: ✓ (no splits)
[2704/19601] BTHM: ✓ (no splits)
[2705/19601] BTM: ✓ (no splits)
[2706/19601] BTMD: ✓ (no splits)
[2707/19601] BTMDW: ✓ (no splits)
[2708/19601] BTMWW: ✓ (no splits)
[2709/19601] BTN: ✓ (no splits)
[2710/19601] BTNB: ✓ (no splits)
[2711/19601] BTO: ✓ (no splits)
[2712/19601] BTOC: ✓ (no splits)
[2713/19601] BTOG: ✓ (1 split(s))
[2714/19601] BTQ: ✓ (no splits)
[2715/19601] BTOP: ✓ (no splits)
[2716/19601] BTR: ✓ (no splits)
[2717/19601] BTRS: ✓ (no splits)
[2718/19601] BTRN: ✓ (no splits)
[2719/19601] BTRSW: ✓ (no splits)
[2720/19601] BTSG: ✓ (no splits)
[2721/19601] BTSGU: ✓ (no splits)
[2722/19601] BTT: ✓ (no splits)
[2723/19601] BTTR: ✓ (2 split(s))
[2724/19601] BTTC: ✓ (1 split(s))
[2725/19601] BTTX: ✓ (no splits)
[2726/19601] BTU: ✓ (no splits)
[2727/19601] BTWN: ✓ (no splits)
[2728/19601] BTWNW: ✓ (no splits)
[2729/19601] BTWNU: ✓ (no splits)
[2730/19601] BTX: ✓ (2 split(s))
[2731/19601] BTZ: ✓ (no splits)
[2732/19601] BU: ✓ (no splits)
[2733/19601] BUCK: ✓ (no splits)
[2734/19601] BUD: ✓ (no splits)
[2735/19601] BUDX: ✓ (no splits)
[2736/19601] BUFB: ✓ (no splits)
[2737/19601] BUFD: ✓ (no splits)
[2738/19601] BUFC: ✓ (no splits)
[2739/19601] BUFF: ✓ (no splits)
[2740/19601] BUFH: ✓ (no splits)
[2741/19601] BUFG: ✓ (no splits)
[2742/19601] BUFI: ✓ (no splits)
[2743/19601] BUFM: ✓ (no splits)
[2744/19601] BUFR: ✓ (no splits)
[2745/19601] BUFQ: ✓ (no splits)
[2746/19601] BUFS: ✓ (no splits)
[2747/19601] BUFP: ✓ (no splits)
[2748/19601] BUFT: ✓ (no splits)
[2749/19601] BUFX: ✓ (no splits)
[2750/19601] BUFY: ✓ (no splits)
[2751/19601] BUG: ✓ (no splits)
[2752/19601] BUI: ✓ (no splits)
[2753/19601] BUFZ: ✓ (no splits)
[2754/19601] BUJAR: ✓ (no splits)
[2755/19601] BUJA: ✓ (no splits)
[2756/19601] BUJAU: ✓ (no splits)
[2757/19601] BUL: ✓ (no splits)
[2758/19601] BUJAW: ✓ (no splits)
[2759/19601] BULD: ✓ (no splits)
[2760/19601] BULL: ✓ (no splits)
[2761/19601] BULG: ✓ (no splits)
[2762/19601] BULLW: ✓ (no splits)
[2763/19601] BULLZ: ✓ (no splits)
[2764/19601] BULU: ✓ (no splits)
[2765/19601] BULZ: ✓ (1 split(s))
[2766/19601] BULX: ✓ (no splits)
[2767/19601] BUR: ✓ (no splits)
[2768/19601] BURL: ✓ (no splits)
[2769/19601] BURU: ✓ (1 split(s))
[2770/19601] BUSE: ✓ (no splits)
[2771/19601] BURU.WS: ✓ (no splits)
[2772/19601] BUSEP: ✓ (no splits)
[2773/19601] BUSA: ✓ (no splits)
[2774/19601] BUUU: ✓ (no splits)
[2775/19601] BUXX: ✓ (no splits)
[2776/19601] BUYO: ✓ (no splits)
[2777/19601] BUZZ: ✓ (no splits)
[2778/19601] BUYW: ✓ (no splits)
[2779/19601] BUYZ: ✓ (no splits)
[2780/19601] BVAL: ✓ (no splits)
[2781/19601] BV: ✓ (no splits)
[2782/19601] BVFL: ✓ (no splits)
[2783/19601] BVH: ✓ (no splits)
[2784/19601] BVN: ✓ (no splits)
[2785/19601] BVXV: ✓ (no splits)
[2786/19601] BVS: ✓ (no splits)
[2787/19601] BWAC: ✓ (no splits)
[2788/19601] BWA: ✓ (no splits)
[2789/19601] BW: ✓ (no splits)
[2790/19601] BWACU: ✓ (no splits)
[2791/19601] BWACW: ✓ (no splits)
[2792/19601] BWAQ: ✓ (no splits)
[2793/19601] BWAQR: ✓ (no splits)
[2794/19601] BWAQU: ✓ (no splits)
[2795/19601] BWAQW: ✓ (no splits)
[2796/19601] BWAY: ✓ (no splits)
[2797/19601] BWAw: ✓ (no splits)
[2798/19601] BWBBP: ✓ (no splits)
[2799/19601] BWB: ✓ (no splits)
[2800/19601] BWCAU: ✓ (no splits)
[2801/19601] BWC: ✓ (no splits)
[2802/19601] BWCAW: ✓ (no splits)
[2803/19601] BWEB: ✓ (no splits)
[2804/19601] BWEN: ✓ (no splits)
[2805/19601] BWFG: ✓ (no splits)
[2806/19601] BWET: ✓ (no splits)
[2807/19601] BWIN: ✓ (no splits)
[2808/19601] BWG: ✓ (no splits)
[2809/19601] BWL.A: ✓ (no splits)
[2810/19601] BWLP: ✓ (no splits)
[2811/19601] BWMN: ✓ (no splits)
[2812/19601] BWMX: ✓ (no splits)
[2813/19601] BWSN: ✓ (no splits)
[2814/19601] BWNB: ✓ (no splits)
[2815/19601] BWTG: ✓ (no splits)
[2816/19601] BWOW: ✓ (no splits)
[2817/19601] BWV: ✓ (no splits)
[2818/19601] BWX: ✓ (no splits)
[2819/19601] BWpA: ✓ (no splits)
[2820/19601] BWXT: ✓ (no splits)
[2821/19601] BWZ: ✓ (no splits)
[2822/19601] BX: ✓ (no splits)
[2823/19601] BXC: ✓ (no splits)
[2824/19601] BXG: ✓ (no splits)
[2825/19601] BXP: ✓ (no splits)
[2826/19601] BXPpB: ✓ (no splits)
[2827/19601] BXRX: ✓ (3 split(s))
[2828/19601] BXMT: ✓ (no splits)
[2829/19601] BXMX: ✓ (no splits)
[2830/19601] BXS: ✓ (no splits)
[2831/19601] BXSL: ✓ (no splits)
[2832/19601] BXSpA: ✓ (no splits)
[2833/19601] BY: ✓ (no splits)
[2834/19601] BYD: ✓ (no splits)
[2835/19601] BYFC: ✓ (1 split(s))
[2836/19601] BYAH: ✓ (no splits)
[2837/19601] BYLD: ✓ (no splits)
[2838/19601] BYM: ✓ (no splits)
[2839/19601] BYN.U: ✓ (no splits)
[2840/19601] BYN: ✓ (no splits)
[2841/19601] BYN.WS: ✓ (no splits)
[2842/19601] BYND: ✓ (no splits)
[2843/19601] BYNO: ✓ (no splits)
[2844/19601] BYNOU: ✓ (no splits)
[2845/19601] BYOB: ✓ (no splits)
[2846/19601] BYNOW: ✓ (no splits)
[2847/19601] BYSI: ✓ (no splits)
[2848/19601] BYRN: ✓ (1 split(s))
[2849/19601] BYRE: ✓ (no splits)
[2850/19601] BYON: ✓ (no splits)
[2851/19601] BYTE: ✓ (no splits)
[2852/19601] BYTS: ✓ (no splits)
[2853/19601] BYTSU: ✓ (no splits)
[2854/19601] BYTSW: ✓ (no splits)
[2855/19601] BYU: ✓ (1 split(s))
[2856/19601] BZ: ✓ (no splits)
[2857/19601] BZAI: ✓ (no splits)
[2858/19601] BZAIW: ✓ (no splits)
[2859/19601] BZFD: ✓ (1 split(s))
[2860/19601] BZH: ✓ (no splits)
[2861/19601] BZM: ✓ (no splits)
[2862/19601] BZFDW: ✓ (no splits)
[2863/19601] BZQ: ✓ (3 split(s))
[2864/19601] BZUN: ✓ (no splits)
[2865/19601] C: ✓ (no splits)
[2866/19601] CA: ✓ (no splits)
[2867/19601] CAAA: ✓ (no splits)
[2868/19601] CAAP: ✓ (no splits)
[2869/19601] CABA: ✓ (no splits)
[2870/19601] CAAS: ✓ (no splits)
[2871/19601] CABO: ✓ (no splits)
[2872/19601] CABR: ✓ (no splits)
[2873/19601] CAC: ✓ (no splits)
[2874/19601] CACG: ✓ (no splits)
[2875/19601] CACC: ✓ (no splits)
[2876/19601] CACI: ✓ (no splits)
[2877/19601] CACO: ✓ (no splits)
[2878/19601] CADE: ✓ (no splits)
[2879/19601] CADEpA: ✓ (no splits)
[2880/19601] CAEP: ✓ (no splits)
[2881/19601] CAE: ✓ (no splits)
[2882/19601] CADL: ✓ (no splits)
[2883/19601] CAF: ✓ (no splits)
[2884/19601] CAFG: ✓ (no splits)
[2885/19601] CAFX: ✓ (no splits)
[2886/19601] CAG: ✓ (no splits)
[2887/19601] CAH: ✓ (no splits)
[2888/19601] CAHC: ✓ (no splits)
[2889/19601] CAHCU: ✓ (no splits)
[2890/19601] CAHCW: ✓ (no splits)
[2891/19601] CAIE: ✓ (no splits)
[2892/19601] CAI: ✓ (no splits)
[2893/19601] CAIQ: ✓ (no splits)
[2894/19601] CAJ: ✓ (no splits)
[2895/19601] CAIpA: ✓ (no splits)
[2896/19601] CAL: ✓ (no splits)
[2897/19601] CAIpB: ✓ (no splits)
[2898/19601] CAKE: ✓ (no splits)
[2899/19601] CALA: ✓ (1 split(s))
[2900/19601] CALC: ✓ (1 split(s))
[2901/19601] CALF: ✓ (no splits)
[2902/19601] CALB: ✓ (no splits)
[2903/19601] CALM: ✓ (no splits)
[2904/19601] CALI: ✓ (no splits)
[2905/19601] CALT: ✓ (no splits)
[2906/19601] CALX: ✓ (no splits)
[2907/19601] CALY: ✓ (no splits)
[2908/19601] CAM: ✓ (no splits)
[2909/19601] CAML: ✓ (no splits)
[2910/19601] CAMP: ✓ (1 split(s))
[2911/19601] CAMX: ✓ (no splits)
[2912/19601] CAMT: ✓ (no splits)
[2913/19601] CAN: ✓ (no splits)
[2914/19601] CANC: ✓ (no splits)
[2915/19601] CANE: ✓ (no splits)
[2916/19601] CANO: ✓ (1 split(s))
[2917/19601] CANF: ✓ (1 split(s))
[2918/19601] CANG: ✓ (no splits)
[2919/19601] CANO.WS: ✓ (no splits)
[2920/19601] CANQ: ✓ (no splits)
[2921/19601] CAP: ✓ (no splits)
[2922/19601] CAOS: ✓ (1 split(s))
[2923/19601] CAP.WS: ✓ (no splits)
[2924/19601] CAP.U: ✓ (no splits)
[2925/19601] CAPA: ✓ (no splits)
[2926/19601] CAPAU: ✓ (no splits)
[2927/19601] CAPAW: ✓ (no splits)
[2928/19601] CAPD: ✓ (1 split(s))
[2929/19601] CAPE: ✓ (no splits)
[2930/19601] CAPL: ✓ (no splits)
[2931/19601] CAPNR: ✓ (no splits)
[2932/19601] CAPN: ✓ (no splits)
[2933/19601] CAPNU: ✓ (no splits)
[2934/19601] CAPR: ✓ (no splits)
[2935/19601] CAPS: ✓ (no splits)
[2936/19601] CAPT: ✓ (no splits)
[2937/19601] CAPTW: ✓ (no splits)
[2938/19601] CAR: ✓ (no splits)
[2939/19601] CARA: ✓ (2 split(s))
[2940/19601] CARD: ✓ (no splits)
[2941/19601] CARE: ✓ (no splits)
[2942/19601] CARL: ✓ (no splits)
[2943/19601] CARK: ✓ (no splits)
[2944/19601] CARG: ✓ (no splits)
[2945/19601] CARM: ✓ (1 split(s))
[2946/19601] CARR: ✓ (no splits)
[2947/19601] CARS: ✓ (no splits)
[2948/19601] CART: ✓ (no splits)
[2949/19601] CARU: ✓ (no splits)
[2950/19601] CARV: ✓ (no splits)
[2951/19601] CARY: ✓ (no splits)
[2952/19601] CARZ: ✓ (no splits)
[2953/19601] CAS: ✓ (no splits)
[2954/19601] CAS.U: ✓ (no splits)
[2955/19601] CAS.WS: ✓ (no splits)
[2956/19601] CASH: ✓ (no splits)
[2957/19601] CASA: ✓ (no splits)
[2958/19601] CASI: ✓ (1 split(s))
[2959/19601] CASK: ✓ (no splits)
[2960/19601] CASS: ✓ (no splits)
[2961/19601] CAT: ✓ (no splits)
[2962/19601] CASY: ✓ (no splits)
[2963/19601] CATC: ✓ (no splits)
[2964/19601] CATB: ✓ (no splits)
[2965/19601] CATF: ✓ (no splits)
[2966/19601] CATH: ✓ (no splits)
[2967/19601] CATM: ✓ (no splits)
[2968/19601] CATO: ✓ (no splits)
[2969/19601] CATX: ✓ (1 split(s))
[2970/19601] CATY: ✓ (no splits)
[2971/19601] CAVA: ✓ (no splits)
[2972/19601] CAUD: ✓ (no splits)
[2973/19601] CB: ✓ (no splits)
[2974/19601] CBAH: ✓ (no splits)
[2975/19601] CBAH.U: ✓ (no splits)
[2976/19601] CBAN: ✓ (no splits)
[2977/19601] CBAH.WS: ✓ (no splits)
[2978/19601] CBAT: ✓ (no splits)
[2979/19601] CBAY: ✓ (no splits)
[2980/19601] CBBpB: ✓ (no splits)
[2981/19601] CBB: ✓ (no splits)
[2982/19601] CBDw: ✓ (no splits)
[2983/19601] CBC: ✓ (no splits)
[2984/19601] CBD: ✓ (no splits)
[2985/19601] CBFV: ✓ (no splits)
[2986/19601] CBH: ✓ (no splits)
[2987/19601] CBIO: ✓ (1 split(s))
[2988/19601] CBK: ✓ (no splits)
[2989/19601] CBL: ✓ (no splits)
[2990/19601] CBLI: ✓ (no splits)
[2991/19601] CBLL: ✓ (no splits)
[2992/19601] CBLS: ✓ (no splits)
[2993/19601] CBMB: ✓ (no splits)
[2994/19601] CBNA: ✓ (no splits)
[2995/19601] CBMG: ✓ (no splits)
[2996/19601] CBO: ✓ (no splits)
[2997/19601] CBNK: ✓ (no splits)
[2998/19601] CBOA: ✓ (no splits)
[2999/19601] CBOE: ✓ (no splits)
[3000/19601] CBOL: ✓ (no splits)
  → Checkpoint saved: 407 splits so far
[3001/19601] CBOJ: ✓ (no splits)
[3002/19601] CBON: ✓ (no splits)
[3003/19601] CBOO: ✓ (no splits)
[3004/19601] CBOY: ✓ (no splits)
[3005/19601] CBPO: ✓ (no splits)
[3006/19601] CBRE: ✓ (no splits)
[3007/19601] CBRG: ✓ (no splits)
[3008/19601] CBRGU: ✓ (no splits)
[3009/19601] CBRL: ✓ (no splits)
[3010/19601] CBRGW: ✓ (no splits)
[3011/19601] CBSE: ✓ (no splits)
[3012/19601] CBSH: ✓ (5 split(s))
[3013/19601] CBT: ✓ (no splits)
[3014/19601] CBTA: ✓ (no splits)
[3015/19601] CBTG: ✓ (no splits)
[3016/19601] CBTO: ✓ (no splits)
[3017/19601] CBTL: ✓ (no splits)
[3018/19601] CBTJ: ✓ (no splits)
[3019/19601] CBTX: ✓ (no splits)
[3020/19601] CBTY: ✓ (no splits)
[3021/19601] CBU: ✓ (no splits)
[3022/19601] CBUS: ✓ (1 split(s))
[3023/19601] CBXJ: ✓ (no splits)
[3024/19601] CBXA: ✓ (no splits)
[3025/19601] CBX: ✓ (no splits)
[3026/19601] CBXL: ✓ (no splits)
[3027/19601] CBXO: ✓ (no splits)
[3028/19601] CBXY: ✓ (no splits)
[3029/19601] CBZ: ✓ (no splits)
[3030/19601] CC: ✓ (no splits)
[3031/19601] CCAC: ✓ (no splits)
[3032/19601] CCAC.U: ✓ (no splits)
[3033/19601] CCAC.WS: ✓ (no splits)
[3034/19601] CCAI: ✓ (no splits)
[3035/19601] CCAIU: ✓ (no splits)
[3036/19601] CCAP: ✓ (no splits)
[3037/19601] CCAIW: ✓ (no splits)
[3038/19601] CCB: ✓ (no splits)
[3039/19601] CCBG: ✓ (no splits)
[3040/19601] CCCC: ✓ (no splits)
[3041/19601] CCC: ✓ (no splits)
[3042/19601] CCCM: ✓ (no splits)
[3043/19601] CCCMW: ✓ (no splits)
[3044/19601] CCCMU: ✓ (no splits)
[3045/19601] CCCS: ✓ (no splits)
[3046/19601] CCCS.WS: ✓ (no splits)
[3047/19601] CCCX: ✓ (no splits)
[3048/19601] CCCXU: ✓ (no splits)
[3049/19601] CCCXW: ✓ (no splits)
[3050/19601] CCD: ✓ (no splits)
[3051/19601] CCEC: ✓ (no splits)
[3052/19601] CCEF: ✓ (no splits)
[3053/19601] CCEL: ✓ (no splits)
[3054/19601] CCEP: ✓ (no splits)
[3055/19601] CCF: ✓ (no splits)
[3056/19601] CCFE: ✓ (no splits)
[3057/19601] CCG: ✓ (no splits)
[3058/19601] CCGWW: ✓ (no splits)
[3059/19601] CCHH: ✓ (no splits)
[3060/19601] CCI: ✓ (no splits)
[3061/19601] CCIA: ✓ (no splits)
[3062/19601] CCID: ✓ (no splits)
[3063/19601] CCIF: ✓ (no splits)
[3064/19601] CCII: ✓ (no splits)
[3065/19601] CCIIU: ✓ (no splits)
[3066/19601] CCIIW: ✓ (no splits)
[3067/19601] CCIR: ✓ (no splits)
[3068/19601] CCIRU: ✓ (no splits)
[3069/19601] CCIRW: ✓ (no splits)
[3070/19601] CCIV: ✓ (no splits)
[3071/19601] CCIV.U: ✓ (no splits)
[3072/19601] CCIV.WS: ✓ (no splits)
[3073/19601] CCIX: ✓ (no splits)
[3074/19601] CCIXU: ✓ (no splits)
[3075/19601] CCIXW: ✓ (no splits)
[3076/19601] CCJ: ✓ (no splits)
[3077/19601] CCK: ✓ (no splits)
[3078/19601] CCL: ✓ (no splits)
[3079/19601] CCLD: ✓ (no splits)
[3080/19601] CCLDO: ✓ (no splits)
[3081/19601] CCLDP: ✓ (no splits)
[3082/19601] CCLP: ✓ (no splits)
[3083/19601] CCMG: ✓ (no splits)
[3084/19601] CCM: ✓ (1 split(s))
[3085/19601] CCMP: ✓ (no splits)
[3086/19601] CCNC: ✓ (no splits)
[3087/19601] CCNE: ✓ (no splits)
[3088/19601] CCNEP: ✓ (no splits)
[3089/19601] CCNR: ✓ (no splits)
[3090/19601] CCO: ✓ (no splits)
[3091/19601] CCOI: ✓ (no splits)
[3092/19601] CCON: ✓ (no splits)
[3093/19601] CCOR: ✓ (no splits)
[3094/19601] CCR: ✓ (no splits)
[3095/19601] CCRC: ✓ (no splits)
[3096/19601] CCRD: ✓ (no splits)
[3097/19601] CCRN: ✓ (no splits)
[3098/19601] CCRV: ✓ (no splits)
[3099/19601] CCS: ✓ (no splits)
[3100/19601] CCSB: ✓ (no splits)
[3101/19601] CCSI: ✓ (no splits)
[3102/19601] CCSIV: ✓ (no splits)
[3103/19601] CCSO: ✓ (no splits)
[3104/19601] CCTG: ✓ (no splits)
[3105/19601] CCTS: ✓ (no splits)
[3106/19601] CCTSU: ✓ (no splits)
[3107/19601] CCTSW: ✓ (no splits)
[3108/19601] CCU: ✓ (no splits)
[3109/19601] CCUP: ✓ (no splits)
[3110/19601] CCV: ✓ (no splits)
[3111/19601] CCV.U: ✓ (no splits)
[3112/19601] CCV.WS: ✓ (no splits)
[3113/19601] CCVI: ✓ (no splits)
[3114/19601] CCVI.U: ✓ (no splits)
[3115/19601] CCVI.WS: ✓ (no splits)
[3116/19601] CCX: ✓ (no splits)
[3117/19601] CCX.U: ✓ (no splits)
[3118/19601] CCX.WS: ✓ (no splits)
[3119/19601] CCXI: ✓ (no splits)
[3120/19601] CCZ: ✓ (no splits)
[3121/19601] CDAK: ✓ (no splits)
[3122/19601] CD: ✓ (no splits)
[3123/19601] CDAQ: ✓ (no splits)
[3124/19601] CDAQU: ✓ (no splits)
[3125/19601] CDAQW: ✓ (no splits)
[3126/19601] CDAY: ✓ (no splits)
[3127/19601] CDC: ✓ (no splits)
[3128/19601] CDE: ✓ (no splits)
[3129/19601] CDEI: ✓ (no splits)
[3130/19601] CDEV: ✓ (no splits)
[3131/19601] CDIOW: ✓ (no splits)
[3132/19601] CDIG: ✓ (no splits)
[3133/19601] CDIO: ✓ (1 split(s))
[3134/19601] CDL: ✓ (no splits)
[3135/19601] CDLR: ✓ (no splits)
[3136/19601] CDK: ✓ (no splits)
[3137/19601] CDLRw: ✓ (no splits)
[3138/19601] CDLX: ✓ (no splits)
[3139/19601] CDMO: ✓ (no splits)
[3140/19601] CDMOP: ✓ (no splits)
[3141/19601] CDNS: ✓ (no splits)
[3142/19601] CDNA: ✓ (no splits)
[3143/19601] CDP: ✓ (no splits)
[3144/19601] CDOR: ✓ (no splits)
[3145/19601] CDR: ✓ (no splits)
[3146/19601] CDRE: ✓ (no splits)
[3147/19601] CDRO: ✓ (no splits)
[3148/19601] CDROW: ✓ (no splits)
[3149/19601] CDRpB: ✓ (no splits)
[3150/19601] CDRpC: ✓ (no splits)
[3151/19601] CDT: ✓ (3 split(s))
[3152/19601] CDTTW: ✓ (no splits)
[3153/19601] CDTG: ✓ (no splits)
[3154/19601] CDTX: ✓ (1 split(s))
[3155/19601] CDW: ✓ (no splits)
[3156/19601] CDX: ✓ (no splits)
[3157/19601] CDXC: ✓ (no splits)
[3158/19601] CDZI: ✓ (no splits)
[3159/19601] CDXS: ✓ (no splits)
[3160/19601] CE: ✓ (no splits)
[3161/19601] CDZIP: ✓ (no splits)
[3162/19601] CEA: ✓ (no splits)
[3163/19601] CEAD: ✓ (2 split(s))
[3164/19601] CEADW: ✓ (no splits)
[3165/19601] CECE: ✓ (no splits)
[3166/19601] CECO: ✓ (no splits)
[3167/19601] CEE: ✓ (no splits)
[3168/19601] CEF: ✓ (no splits)
[3169/19601] CEFA: ✓ (no splits)
[3170/19601] CEFD: ✓ (no splits)
[3171/19601] CEFZ: ✓ (no splits)
[3172/19601] CEFS: ✓ (no splits)
[3173/19601] CEG: ✓ (no splits)
[3174/19601] CEGX: ✓ (no splits)
[3175/19601] CEGVV: ✓ (no splits)
[3176/19601] CEI: ✓ (1 split(s))
[3177/19601] CEIX: ✓ (no splits)
[3178/19601] CEL: ✓ (no splits)
[3179/19601] CELC: ✓ (no splits)
[3180/19601] CELGr: ✓ (no splits)
[3181/19601] CELH: ✓ (1 split(s))
[3182/19601] CELL: ✓ (no splits)
[3183/19601] CELP: ✓ (no splits)
[3184/19601] CELT: ✓ (no splits)
[3185/19601] CELU: ✓ (1 split(s))
[3186/19601] CELUW: ✓ (no splits)
[3187/19601] CELZ: ✓ (2 split(s))
[3188/19601] CEM: ✓ (no splits)
[3189/19601] CEMB: ✓ (no splits)
[3190/19601] CEMI: ✓ (no splits)
[3191/19601] CEN: ✓ (no splits)
[3192/19601] CENH: ✓ (no splits)
[3193/19601] CENHU: ✓ (no splits)
[3194/19601] CENN: ✓ (2 split(s))
[3195/19601] CENHW: ✓ (no splits)
[3196/19601] CENQ: ✓ (no splits)
[3197/19601] CENQW: ✓ (no splits)
[3198/19601] CENQU: ✓ (no splits)
[3199/19601] CENT: ✓ (1 split(s))
[3200/19601] CENX: ✓ (no splits)
[3201/19601] CENTA: ✓ (1 split(s))
[3202/19601] CEO: ✓ (no splits)
[3203/19601] CEP: ✓ (no splits)
[3204/19601] CEPF: ✓ (no splits)
[3205/19601] CEPI: ✓ (no splits)
[3206/19601] CEPO: ✓ (no splits)
[3207/19601] CEPT: ✓ (no splits)
[3208/19601] CEPU: ✓ (no splits)
[3209/19601] CEPV: ✓ (no splits)
[3210/19601] CEQP: ✓ (no splits)
[3211/19601] CEQPp: ✓ (no splits)
[3212/19601] CERC: ✓ (no splits)
[3213/19601] CERE: ✓ (no splits)
[3214/19601] CEREW: ✓ (no splits)
[3215/19601] CERN: ✓ (no splits)
[3216/19601] CERO: ✓ (2 split(s))
[3217/19601] CEROW: ✓ (no splits)
[3218/19601] CERS: ✓ (no splits)
[3219/19601] CERT: ✓ (no splits)
[3220/19601] CET: ✓ (no splits)
[3221/19601] CETF: ✓ (no splits)
[3222/19601] CERY: ✓ (no splits)
[3223/19601] CETH: ✓ (no splits)
[3224/19601] CETUR: ✓ (no splits)
[3225/19601] CETUU: ✓ (no splits)
[3226/19601] CETU: ✓ (no splits)
[3227/19601] CETUW: ✓ (no splits)
[3228/19601] CETX: ✓ (4 split(s))
[3229/19601] CETXP: ✓ (9 split(s))
[3230/19601] CETXW: ✓ (no splits)
[3231/19601] CETY: ✓ (2 split(s))
[3232/19601] CEVA: ✓ (no splits)
[3233/19601] CEV: ✓ (no splits)
[3234/19601] CEW: ✓ (no splits)
[3235/19601] CEY: ✓ (no splits)
[3236/19601] CEZ: ✓ (no splits)
[3237/19601] CF: ✓ (no splits)
[3238/19601] CFA: ✓ (no splits)
[3239/19601] CFAC: ✓ (no splits)
[3240/19601] CFACU: ✓ (no splits)
[3241/19601] CFACW: ✓ (no splits)
[3242/19601] CFB: ✓ (no splits)
[3243/19601] CFBI: ✓ (no splits)
[3244/19601] CFBK: ✓ (no splits)
[3245/19601] CFCV: ✓ (no splits)
[3246/19601] CFFE: ✓ (no splits)
[3247/19601] CFFEU: ✓ (no splits)
[3248/19601] CFFEW: ✓ (no splits)
[3249/19601] CFFI: ✓ (no splits)
[3250/19601] CFFN: ✓ (no splits)
[3251/19601] CFFS: ✓ (no splits)
[3252/19601] CFFSW: ✓ (no splits)
[3253/19601] CFFSU: ✓ (no splits)
[3254/19601] CFFVU: ✓ (no splits)
[3255/19601] CFFVW: ✓ (no splits)
[3256/19601] CFG: ✓ (no splits)
[3257/19601] CFGpD: ✓ (no splits)
[3258/19601] CFGpE: ✓ (no splits)
[3259/19601] CFGpH: ✓ (no splits)
[3260/19601] CFGpI: ✓ (no splits)
[3261/19601] CFII: ✓ (no splits)
[3262/19601] CFIIU: ✓ (no splits)
[3263/19601] CFIIW: ✓ (no splits)
[3264/19601] CFIT: ✓ (no splits)
[3265/19601] CFIVU: ✓ (no splits)
[3266/19601] CFIV: ✓ (no splits)
[3267/19601] CFIVW: ✓ (no splits)
[3268/19601] CFMS: ✓ (1 split(s))
[3269/19601] CFLT: ✓ (no splits)
[3270/19601] CFND: ✓ (no splits)
[3271/19601] CFO: ✓ (no splits)
[3272/19601] CFR: ✓ (no splits)
[3273/19601] CFRX: ✓ (1 split(s))
[3274/19601] CFRpB: ✓ (no splits)
[3275/19601] CFSB: ✓ (no splits)
[3276/19601] CFV: ✓ (no splits)
[3277/19601] CFVI: ✓ (no splits)
[3278/19601] CFVIW: ✓ (no splits)
[3279/19601] CFVIU: ✓ (no splits)
[3280/19601] CFX: ✓ (1 split(s))
[3281/19601] CFXA: ✓ (no splits)
[3282/19601] CGA: ✓ (no splits)
[3283/19601] CG: ✓ (no splits)
[3284/19601] CGABL: ✓ (no splits)
[3285/19601] CGAU: ✓ (no splits)
[3286/19601] CGBDL: ✓ (no splits)
[3287/19601] CGBD: ✓ (no splits)
[3288/19601] CGBL: ✓ (no splits)
[3289/19601] CGBS: ✓ (no splits)
[3290/19601] CGBSW: ✓ (no splits)
[3291/19601] CGC: ✓ (1 split(s))
[3292/19601] CGCB: ✓ (no splits)
[3293/19601] CGCP: ✓ (no splits)
[3294/19601] CGCT: ✓ (no splits)
[3295/19601] CGCTU: ✓ (no splits)
[3296/19601] CGCTW: ✓ (no splits)
[3297/19601] CGCV: ✓ (no splits)
[3298/19601] CGEM: ✓ (no splits)
[3299/19601] CGDG: ✓ (no splits)
[3300/19601] CGDV: ✓ (no splits)
[3301/19601] CGEN: ✓ (no splits)
[3302/19601] CGGE: ✓ (no splits)
[3303/19601] CGGG: ✓ (no splits)
[3304/19601] CGGO: ✓ (no splits)
[3305/19601] CGHY: ✓ (no splits)
[3306/19601] CGGR: ✓ (no splits)
[3307/19601] CGHM: ✓ (no splits)
[3308/19601] CGIB: ✓ (no splits)
[3309/19601] CGIC: ✓ (no splits)
[3310/19601] CGIE: ✓ (no splits)
[3311/19601] CGIX: ✓ (no splits)
[3312/19601] CGMS: ✓ (no splits)
[3313/19601] CGMU: ✓ (no splits)
[3314/19601] CGMM: ✓ (no splits)
[3315/19601] CGNG: ✓ (no splits)
[3316/19601] CGNT: ✓ (no splits)
[3317/19601] CGNTV: ✓ (no splits)
[3318/19601] CGO: ✓ (no splits)
[3319/19601] CGON: ✓ (no splits)
[3320/19601] CGNX: ✓ (no splits)
[3321/19601] CGRN: ✓ (no splits)
[3322/19601] CGRO: ✓ (no splits)
[3323/19601] CGROW: ✓ (no splits)
[3324/19601] CGROU: ✓ (no splits)
[3325/19601] CGSD: ✓ (no splits)
[3326/19601] CGSM: ✓ (no splits)
[3327/19601] CGTL: ✓ (no splits)
[3328/19601] CGTX: ✓ (no splits)
[3329/19601] CGUI: ✓ (no splits)
[3330/19601] CGUS: ✓ (no splits)
[3331/19601] CGV: ✓ (no splits)
[3332/19601] CGVV: ✓ (no splits)
[3333/19601] CGW: ✓ (no splits)
[3334/19601] CGXU: ✓ (no splits)
[3335/19601] CHAA: ✓ (no splits)
[3336/19601] CHAA.U: ✓ (no splits)
[3337/19601] CHA: ✓ (no splits)
[3338/19601] CHAA.WS: ✓ (no splits)
[3339/19601] CHAC: ✓ (no splits)
[3340/19601] CHACR: ✓ (no splits)
[3341/19601] CHACU: ✓ (no splits)
[3342/19601] CHAD: ✓ (no splits)
[3343/19601] CHAI: ✓ (no splits)
[3344/19601] CHAQ: ✓ (no splits)
[3345/19601] CHAQ.WS: ✓ (no splits)
[3346/19601] CHAQ.U: ✓ (no splits)
[3347/19601] CHAR: ✓ (no splits)
[3348/19601] CHARR: ✓ (no splits)
[3349/19601] CHARU: ✓ (no splits)
[3350/19601] CHAT: ✓ (no splits)
[3351/19601] CHAU: ✓ (no splits)
[3352/19601] CHB: ✓ (no splits)
[3353/19601] CHCO: ✓ (no splits)
[3354/19601] CHCI: ✓ (no splits)
[3355/19601] CHCT: ✓ (no splits)
[3356/19601] CHD: ✓ (no splits)
[3357/19601] CHDN: ✓ (1 split(s))
[3358/19601] CHE: ✓ (no splits)
[3359/19601] CHEA: ✓ (no splits)
[3360/19601] CHEAU: ✓ (no splits)
[3361/19601] CHEB: ✓ (no splits)
[3362/19601] CHEAW: ✓ (no splits)
[3363/19601] CHEB.U: ✓ (no splits)
[3364/19601] CHEB.WS: ✓ (no splits)
[3365/19601] CHEC: ✓ (no splits)
[3366/19601] CHECU: ✓ (no splits)
[3367/19601] CHECW: ✓ (no splits)
[3368/19601] CHEF: ✓ (no splits)
[3369/19601] CHEK: ✓ (1 split(s))
[3370/19601] CHEKZ: ✓ (no splits)
[3371/19601] CHEP: ✓ (no splits)
[3372/19601] CHFS: ✓ (no splits)
[3373/19601] CHFW.U: ✓ (no splits)
[3374/19601] CHFW: ✓ (no splits)
[3375/19601] CHG: ✓ (no splits)
[3376/19601] CHGG: ✓ (no splits)
[3377/19601] CHFW.WS: ✓ (no splits)
[3378/19601] CHGX: ✓ (no splits)
[3379/19601] CHH: ✓ (no splits)
[3380/19601] CHI: ✓ (no splits)
[3381/19601] CHIC: ✓ (no splits)
[3382/19601] CHIE: ✓ (no splits)
[3383/19601] CHII: ✓ (no splits)
[3384/19601] CHIH: ✓ (no splits)
[3385/19601] CHIK: ✓ (no splits)
[3386/19601] CHIM: ✓ (no splits)
[3387/19601] CHIL: ✓ (no splits)
[3388/19601] CHIR: ✓ (1 split(s))
[3389/19601] CHIQ: ✓ (no splits)
[3390/19601] CHIS: ✓ (no splits)
[3391/19601] CHIU: ✓ (no splits)
[3392/19601] CHIX: ✓ (no splits)
[3393/19601] CHKEL: ✓ (no splits)
[3394/19601] CHK: ✓ (no splits)
[3395/19601] CHKEW: ✓ (no splits)
[3396/19601] CHKEZ: ✓ (no splits)
[3397/19601] CHKP: ✓ (no splits)
[3398/19601] CHL: ✓ (no splits)
[3399/19601] CHLD: ✓ (no splits)
[3400/19601] CHMA: ✓ (no splits)
[3401/19601] CHMG: ✓ (no splits)
[3402/19601] CHMI: ✓ (no splits)
[3403/19601] CHMIpA: ✓ (no splits)
[3404/19601] CHMIpB: ✓ (no splits)
[3405/19601] CHN: ✓ (no splits)
[3406/19601] CHNA: ✓ (no splits)
[3407/19601] CHNG: ✓ (no splits)
[3408/19601] CHNGU: ✓ (no splits)
[3409/19601] CHNR: ✓ (2 split(s))
[3410/19601] CHOW: ✓ (no splits)
[3411/19601] CHPG: ✓ (no splits)
[3412/19601] CHPGR: ✓ (no splits)
[3413/19601] CHPM: ✓ (no splits)
[3414/19601] CHPGU: ✓ (no splits)
[3415/19601] CHPMU: ✓ (no splits)
[3416/19601] CHPMW: ✓ (no splits)
[3417/19601] CHPS: ✓ (no splits)
[3418/19601] CHPT: ✓ (1 split(s))
[3419/19601] CHPT.WS: ✓ (no splits)
[3420/19601] CHPX: ✓ (no splits)
[3421/19601] CHPY: ✓ (no splits)
[3422/19601] CHR: ✓ (1 split(s))
[3423/19601] CHRB: ✓ (no splits)
[3424/19601] CHRA: ✓ (1 split(s))
[3425/19601] CHRD: ✓ (no splits)
[3426/19601] CHRG: ✓ (no splits)
[3427/19601] CHRI: ✓ (no splits)
[3428/19601] CHRO: ✓ (1 split(s))
[3429/19601] CHRW: ✓ (no splits)
[3430/19601] CHRS: ✓ (no splits)
[3431/19601] CHS: ✓ (no splits)
[3432/19601] CHSCL: ✓ (no splits)
[3433/19601] CHSCN: ✓ (no splits)
[3434/19601] CHSCM: ✓ (no splits)
[3435/19601] CHSCO: ✓ (no splits)
[3436/19601] CHSN: ✓ (1 split(s))
[3437/19601] CHSCP: ✓ (no splits)
[3438/19601] CHT: ✓ (no splits)
[3439/19601] CHTR: ✓ (no splits)
[3440/19601] CHU: ✓ (no splits)
[3441/19601] CHUY: ✓ (no splits)
[3442/19601] CHW: ✓ (no splits)
[3443/19601] CHWA: ✓ (no splits)
[3444/19601] CHWAU: ✓ (no splits)
[3445/19601] CHWAW: ✓ (no splits)
[3446/19601] CHWY: ✓ (no splits)
[3447/19601] CHX: ✓ (no splits)
[3448/19601] CHY: ✓ (no splits)
[3449/19601] CI: ✓ (no splits)
[3450/19601] CHYM: ✓ (no splits)
[3451/19601] CIA: ✓ (no splits)
[3452/19601] CIAN: ✓ (no splits)
[3453/19601] CIB: ✓ (no splits)
[3454/19601] CIBR: ✓ (no splits)
[3455/19601] CICB: ✓ (no splits)
[3456/19601] CID: ✓ (no splits)
[3457/19601] CIEN: ✓ (no splits)
[3458/19601] CIDM: ✓ (no splits)
[3459/19601] CIF: ✓ (no splits)
[3460/19601] CIFR: ✓ (no splits)
[3461/19601] CIFU: ✓ (no splits)
[3462/19601] CIFRW: ✓ (no splits)
[3463/19601] CIG: ✓ (3 split(s))
[3464/19601] CIG.C: ✓ (no splits)
[3465/19601] CIGI: ✓ (no splits)
[3466/19601] CIGL: ✓ (no splits)
[3467/19601] CIH: ✓ (no splits)
[3468/19601] CIICU: ✓ (no splits)
[3469/19601] CII: ✓ (no splits)
[3470/19601] CIIC: ✓ (no splits)
[3471/19601] CIICW: ✓ (no splits)
[3472/19601] CIIG: ✓ (no splits)
[3473/19601] CIIGU: ✓ (no splits)
[3474/19601] CIIGW: ✓ (no splits)
[3475/19601] CIIT: ✓ (no splits)
[3476/19601] CIK: ✓ (no splits)
[3477/19601] CIM: ✓ (1 split(s))
[3478/19601] CIL: ✓ (no splits)
[3479/19601] CIMN: ✓ (no splits)
[3480/19601] CIMO: ✓ (no splits)
[3481/19601] CIMpA: ✓ (no splits)
[3482/19601] CIMP: ✓ (no splits)
[3483/19601] CIMpB: ✓ (no splits)
[3484/19601] CIMpC: ✓ (no splits)
[3485/19601] CIMpD: ✓ (no splits)
[3486/19601] CINC: ✓ (no splits)
[3487/19601] CINF: ✓ (no splits)
[3488/19601] CING: ✓ (2 split(s))
[3489/19601] CINGW: ✓ (no splits)
[3490/19601] CINR: ✓ (no splits)
[3491/19601] CINT: ✓ (no splits)
[3492/19601] CIO: ✓ (no splits)
[3493/19601] CION: ✓ (no splits)
[3494/19601] CIOpA: ✓ (no splits)
[3495/19601] CIR: ✓ (no splits)
[3496/19601] CIRC: ✓ (no splits)
[3497/19601] CISS: ✓ (3 split(s))
[3498/19601] CISO: ✓ (1 split(s))
[3499/19601] CISSV: ✓ (no splits)
[3500/19601] CITEU: ✓ (no splits)
  → Checkpoint saved: 471 splits so far
[3501/19601] CITE: ✓ (no splits)
[3502/19601] CIT: ✓ (no splits)
[3503/19601] CITEW: ✓ (no splits)
[3504/19601] CITpB: ✓ (no splits)
[3505/19601] CITR: ✓ (no splits)
[3506/19601] CIVB: ✓ (no splits)
[3507/19601] CIVI: ✓ (no splits)
[3508/19601] CIZ: ✓ (no splits)
[3509/19601] CIX: ✓ (no splits)
[3510/19601] CIXX: ✓ (no splits)
[3511/19601] CIZN: ✓ (no splits)
[3512/19601] CJET: ✓ (2 split(s))
[3513/19601] CJJD: ✓ (2 split(s))
[3514/19601] CJMB: ✓ (no splits)
[3515/19601] CKH: ✓ (no splits)
[3516/19601] CKPT: ✓ (1 split(s))
[3517/19601] CKX: ✓ (no splits)
[3518/19601] CL: ✓ (no splits)
[3519/19601] CLA: ✓ (no splits)
[3520/19601] CLAA: ✓ (no splits)
[3521/19601] CLA.WS: ✓ (no splits)
[3522/19601] CLA.U: ✓ (no splits)
[3523/19601] CLAA.U: ✓ (no splits)
[3524/19601] CLAA.WS: ✓ (no splits)
[3525/19601] CLAQ: ✓ (no splits)
[3526/19601] CLAQR: ✓ (no splits)
[3527/19601] CLAQU: ✓ (no splits)
[3528/19601] CLAQW: ✓ (no splits)
[3529/19601] CLAS: ✓ (no splits)
[3530/19601] CLAR: ✓ (no splits)
[3531/19601] CLAS.U: ✓ (no splits)
[3532/19601] CLAS.WS: ✓ (no splits)
[3533/19601] CLAY: ✓ (no splits)
[3534/19601] CLAYU: ✓ (no splits)
[3535/19601] CLAYW: ✓ (no splits)
[3536/19601] CLB: ✓ (no splits)
[3537/19601] CLBK: ✓ (no splits)
[3538/19601] CLBR: ✓ (no splits)
[3539/19601] CLBR.U: ✓ (no splits)
[3540/19601] CLBR.WS: ✓ (no splits)
[3541/19601] CLBS: ✓ (1 split(s))
[3542/19601] CLBT: ✓ (no splits)
[3543/19601] CLBTW: ✓ (no splits)
[3544/19601] CLCO: ✓ (no splits)
[3545/19601] CLCG: ✓ (no splits)
[3546/19601] CLCT: ✓ (no splits)
[3547/19601] CLCV: ✓ (no splits)
[3548/19601] CLDB: ✓ (no splits)
[3549/19601] CLDI: ✓ (2 split(s))
[3550/19601] CLDI.WS: ✓ (no splits)
[3551/19601] CLDL: ✓ (no splits)
[3552/19601] CLDR: ✓ (no splits)
[3553/19601] CLDS: ✓ (no splits)
[3554/19601] CLDTpA: ✓ (no splits)
[3555/19601] CLDT: ✓ (no splits)
[3556/19601] CLDX: ✓ (no splits)
[3557/19601] CLF: ✓ (no splits)
[3558/19601] CLFD: ✓ (no splits)
[3559/19601] CLEU: ✓ (3 split(s))
[3560/19601] CLGN: ✓ (no splits)
[3561/19601] CLGX: ✓ (no splits)
[3562/19601] CLI: ✓ (no splits)
[3563/19601] CLH: ✓ (no splits)
[3564/19601] CLIA: ✓ (no splits)
[3565/19601] CLII: ✓ (no splits)
[3566/19601] CLII.WS: ✓ (no splits)
[3567/19601] CLII.U: ✓ (no splits)
[3568/19601] CLIK: ✓ (1 split(s))
[3569/19601] CLIM.U: ✓ (no splits)
[3570/19601] CLIM: ✓ (no splits)
[3571/19601] CLIM.WS: ✓ (no splits)
[3572/19601] CLIN: ✓ (no splits)
[3573/19601] CLINR: ✓ (no splits)
[3574/19601] CLINU: ✓ (no splits)
[3575/19601] CLINW: ✓ (no splits)
[3576/19601] CLIP: ✓ (1 split(s))
[3577/19601] CLIR: ✓ (no splits)
[3578/19601] CLLS: ✓ (no splits)
[3579/19601] CLIX: ✓ (no splits)
[3580/19601] CLM: ✓ (no splits)
[3581/19601] CLMT: ✓ (no splits)
[3582/19601] CLMA: ✓ (no splits)
[3583/19601] CLMB: ✓ (no splits)
[3584/19601] CLNC: ✓ (no splits)
[3585/19601] CLNE: ✓ (no splits)
[3586/19601] CLNNW: ✓ (no splits)
[3587/19601] CLNN: ✓ (1 split(s))
[3588/19601] CLNR: ✓ (no splits)
[3589/19601] CLNY: ✓ (no splits)
[3590/19601] CLNYpG: ✓ (no splits)
[3591/19601] CLNYpH: ✓ (no splits)
[3592/19601] CLNYpI: ✓ (no splits)
[3593/19601] CLNYpJ: ✓ (no splits)
[3594/19601] CLOB: ✓ (no splits)
[3595/19601] CLOC: ✓ (no splits)
[3596/19601] CLOA: ✓ (no splits)
[3597/19601] CLOD: ✓ (no splits)
[3598/19601] CLOER: ✓ (no splits)
[3599/19601] CLOE: ✓ (no splits)
[3600/19601] CLOEU: ✓ (no splits)
[3601/19601] CLOV: ✓ (no splits)
[3602/19601] CLOU: ✓ (no splits)
[3603/19601] CLOI: ✓ (no splits)
[3604/19601] CLOVW: ✓ (no splits)
[3605/19601] CLOX: ✓ (no splits)
[3606/19601] CLOZ: ✓ (no splits)
[3607/19601] CLPS: ✓ (no splits)
[3608/19601] CLPR: ✓ (no splits)
[3609/19601] CLPT: ✓ (no splits)
[3610/19601] CLR: ✓ (no splits)
[3611/19601] CLRB: ✓ (2 split(s))
[3612/19601] CLRBZ: ✓ (no splits)
[3613/19601] CLRC: ✓ (no splits)
[3614/19601] CLRCR: ✓ (no splits)
[3615/19601] CLRCU: ✓ (no splits)
[3616/19601] CLRCW: ✓ (no splits)
[3617/19601] CLRG: ✓ (no splits)
[3618/19601] CLRMU: ✓ (no splits)
[3619/19601] CLRM: ✓ (no splits)
[3620/19601] CLRMW: ✓ (no splits)
[3621/19601] CLRO: ✓ (1 split(s))
[3622/19601] CLS: ✓ (no splits)
[3623/19601] CLSA: ✓ (no splits)
[3624/19601] CLSC: ✓ (no splits)
[3625/19601] CLSD: ✓ (1 split(s))
[3626/19601] CLSE: ✓ (no splits)
[3627/19601] CLSKW: ✓ (no splits)
[3628/19601] CLSK: ✓ (no splits)
[3629/19601] CLSN: ✓ (no splits)
[3630/19601] CLSM: ✓ (no splits)
[3631/19601] CLST: ✓ (no splits)
[3632/19601] CLSX: ✓ (no splits)
[3633/19601] CLTL: ✓ (no splits)
[3634/19601] CLVR: ✓ (1 split(s))
[3635/19601] CLVRW: ✓ (no splits)
[3636/19601] CLVS: ✓ (no splits)
[3637/19601] CLVT: ✓ (no splits)
[3638/19601] CLVTpA: ✓ (no splits)
[3639/19601] CLW: ✓ (no splits)
[3640/19601] CLWT: ✓ (2 split(s))
[3641/19601] CLX: ✓ (no splits)
[3642/19601] CLXT: ✓ (2 split(s))
[3643/19601] CLYM: ✓ (no splits)
[3644/19601] CMA: ✓ (no splits)
[3645/19601] CM: ✓ (1 split(s))
[3646/19601] CMAX: ✓ (1 split(s))
[3647/19601] CMApB: ✓ (no splits)
[3648/19601] CMAXW: ✓ (no splits)
[3649/19601] CMBM: ✓ (no splits)
[3650/19601] CMBO: ✓ (no splits)
[3651/19601] CMBS: ✓ (no splits)
[3652/19601] CMBT: ✓ (no splits)
[3653/19601] CMC: ✓ (no splits)
[3654/19601] CMCA: ✓ (no splits)
[3655/19601] CMCAU: ✓ (no splits)
[3656/19601] CMCAW: ✓ (no splits)
[3657/19601] CMCI: ✓ (no splits)
[3658/19601] CMCL: ✓ (no splits)
[3659/19601] CMCM: ✓ (1 split(s))
[3660/19601] CMCO: ✓ (no splits)
[3661/19601] CMCSA: ✓ (no splits)
[3662/19601] CMCTP: ✓ (no splits)
[3663/19601] CMCT: ✓ (3 split(s))
[3664/19601] CMD: ✓ (no splits)
[3665/19601] CMDBw: ✓ (no splits)
[3666/19601] CMDB: ✓ (no splits)
[3667/19601] CMDY: ✓ (no splits)
[3668/19601] CMDT: ✓ (no splits)
[3669/19601] CME: ✓ (no splits)
[3670/19601] CMF: ✓ (no splits)
[3671/19601] CMFNL: ✓ (no splits)
[3672/19601] CMG: ✓ (1 split(s))
[3673/19601] CMGG: ✓ (no splits)
[3674/19601] CMI: ✓ (no splits)
[3675/19601] CMI.WD: ✓ (no splits)
[3676/19601] CMIIU: ✓ (no splits)
[3677/19601] CMII: ✓ (no splits)
[3678/19601] CMIIW: ✓ (no splits)
[3679/19601] CMLF: ✓ (no splits)
[3680/19601] CMLFU: ✓ (no splits)
[3681/19601] CMLFW: ✓ (no splits)
[3682/19601] CMLT: ✓ (no splits)
[3683/19601] CMLS: ✓ (no splits)
[3684/19601] CMLTU: ✓ (no splits)
[3685/19601] CMMB: ✓ (1 split(s))
[3686/19601] CMLTW: ✓ (no splits)
[3687/19601] CMND: ✓ (1 split(s))
[3688/19601] CMO: ✓ (no splits)
[3689/19601] CMOpE: ✓ (no splits)
[3690/19601] CMP: ✓ (no splits)
[3691/19601] CMPI: ✓ (no splits)
[3692/19601] CMPO: ✓ (no splits)
[3693/19601] CMPOV: ✓ (no splits)
[3694/19601] CMPOW: ✓ (no splits)
[3695/19601] CMPR: ✓ (no splits)
[3696/19601] CMPS: ✓ (no splits)
[3697/19601] CMPX: ✓ (no splits)
[3698/19601] CMRA: ✓ (no splits)
[3699/19601] CMRAW: ✓ (no splits)
[3700/19601] CMRC: ✓ (no splits)
[3701/19601] CMRE: ✓ (no splits)
[3702/19601] CMREpC: ✓ (no splits)
[3703/19601] CMREpB: ✓ (no splits)
[3704/19601] CMREpD: ✓ (no splits)
[3705/19601] CMREpE: ✓ (no splits)
[3706/19601] CMREw: ✓ (no splits)
[3707/19601] CMRX: ✓ (no splits)
[3708/19601] CMSA: ✓ (no splits)
[3709/19601] CMS: ✓ (no splits)
[3710/19601] CMSD: ✓ (no splits)
[3711/19601] CMSC: ✓ (no splits)
[3712/19601] CMSpB: ✓ (no splits)
[3713/19601] CMSpC: ✓ (no splits)
[3714/19601] CMT: ✓ (no splits)
[3715/19601] CMTG: ✓ (no splits)
[3716/19601] CMU: ✓ (no splits)
[3717/19601] CMTL: ✓ (no splits)
[3718/19601] CN: ✓ (no splits)
[3719/19601] CNA: ✓ (no splits)
[3720/19601] CNAV: ✓ (no splits)
[3721/19601] CNBKA: ✓ (no splits)
[3722/19601] CNC: ✓ (no splits)
[3723/19601] CNBS: ✓ (1 split(s))
[3724/19601] CNCE: ✓ (no splits)
[3725/19601] CNCK: ✓ (no splits)
[3726/19601] CNCKW: ✓ (no splits)
[3727/19601] CNCR: ✓ (no splits)
[3728/19601] CND: ✓ (no splits)
[3729/19601] CND.U: ✓ (no splits)
[3730/19601] CNDA: ✓ (no splits)
[3731/19601] CNDA.U: ✓ (no splits)
[3732/19601] CND.WS: ✓ (no splits)
[3733/19601] CNDA.WS: ✓ (no splits)
[3734/19601] CNDB: ✓ (no splits)
[3735/19601] CNDB.U: ✓ (no splits)
[3736/19601] CNDB.WS: ✓ (no splits)
[3737/19601] CNDT: ✓ (no splits)
[3738/19601] CNEQ: ✓ (no splits)
[3739/19601] CNET: ✓ (2 split(s))
[3740/19601] CNEY: ✓ (2 split(s))
[3741/19601] CNF: ✓ (1 split(s))
[3742/19601] CNFR: ✓ (no splits)
[3743/19601] CNFRL: ✓ (no splits)
[3744/19601] CNFRZ: ✓ (no splits)
[3745/19601] CNGL: ✓ (no splits)
[3746/19601] CNGLU: ✓ (no splits)
[3747/19601] CNGLW: ✓ (no splits)
[3748/19601] CNH: ✓ (no splits)
[3749/19601] CNHI: ✓ (no splits)
[3750/19601] CNI: ✓ (no splits)
[3751/19601] CNK: ✓ (no splits)
[3752/19601] CNL: ✓ (no splits)
[3753/19601] CNM: ✓ (no splits)
[3754/19601] CNMD: ✓ (no splits)
[3755/19601] CNNB: ✓ (no splits)
[3756/19601] CNNE: ✓ (no splits)
[3757/19601] CNO: ✓ (no splits)
[3758/19601] CNOB: ✓ (no splits)
[3759/19601] CNOBP: ✓ (no splits)
[3760/19601] CNOpA: ✓ (no splits)
[3761/19601] CNP: ✓ (no splits)
[3762/19601] CNQ: ✓ (1 split(s))
[3763/19601] CNPpB: ✓ (no splits)
[3764/19601] CNQQ: ✓ (no splits)
[3765/19601] CNR: ✓ (no splits)
[3766/19601] CNRG: ✓ (no splits)
[3767/19601] CNS: ✓ (no splits)
[3768/19601] CNSL: ✓ (no splits)
[3769/19601] CNSP: ✓ (4 split(s))
[3770/19601] CNST: ✓ (no splits)
[3771/19601] CNTB: ✓ (no splits)
[3772/19601] CNTA: ✓ (no splits)
[3773/19601] CNTG: ✓ (no splits)
[3774/19601] CNTQ: ✓ (no splits)
[3775/19601] CNTM: ✓ (no splits)
[3776/19601] CNTQU: ✓ (no splits)
[3777/19601] CNTQW: ✓ (no splits)
[3778/19601] CNTY: ✓ (no splits)
[3779/19601] CNTX: ✓ (no splits)
[3780/19601] CNVY: ✓ (no splits)
[3781/19601] CNVS: ✓ (1 split(s))
[3782/19601] CNXA: ✓ (2 split(s))
[3783/19601] CNX: ✓ (no splits)
[3784/19601] CNXC: ✓ (no splits)
[3785/19601] CNXN: ✓ (no splits)
[3786/19601] CNXT: ✓ (no splits)
[3787/19601] CNYA: ✓ (no splits)
[3788/19601] COAL: ✓ (no splits)
[3789/19601] CO: ✓ (no splits)
[3790/19601] COCHW: ✓ (no splits)
[3791/19601] COCH: ✓ (no splits)
[3792/19601] COCO: ✓ (no splits)
[3793/19601] COCP: ✓ (1 split(s))
[3794/19601] CODA: ✓ (no splits)
[3795/19601] CODI: ✓ (no splits)
[3796/19601] CODIpA: ✓ (no splits)
[3797/19601] CODIpB: ✓ (no splits)
[3798/19601] CODIpC: ✓ (no splits)
[3799/19601] CODX: ✓ (no splits)
[3800/19601] COE: ✓ (1 split(s))
[3801/19601] COEP: ✓ (1 split(s))
[3802/19601] COEPW: ✓ (no splits)
[3803/19601] COF: ✓ (no splits)
[3804/19601] COFS: ✓ (no splits)
[3805/19601] COFpG: ✓ (no splits)
[3806/19601] COFpH: ✓ (no splits)
[3807/19601] COFpI: ✓ (no splits)
[3808/19601] COFpK: ✓ (no splits)
[3809/19601] COFpJ: ✓ (no splits)
[3810/19601] COFpL: ✓ (no splits)
[3811/19601] COFpN: ✓ (no splits)
[3812/19601] COG: ✓ (no splits)
[3813/19601] COGT: ✓ (no splits)
[3814/19601] COHR: ✓ (no splits)
[3815/19601] COHN: ✓ (no splits)
[3816/19601] COHU: ✓ (no splits)
[3817/19601] COIA: ✓ (no splits)
[3818/19601] COIG: ✓ (no splits)
[3819/19601] COII: ✓ (no splits)
[3820/19601] COIN: ✓ (no splits)
[3821/19601] COIO: ✓ (no splits)
[3822/19601] COIW: ✓ (no splits)
[3823/19601] COKE: ✓ (1 split(s))
[3824/19601] COLA: ✓ (no splits)
[3825/19601] COLAR: ✓ (no splits)
[3826/19601] COLAU: ✓ (no splits)
[3827/19601] COLB: ✓ (no splits)
[3828/19601] COLI: ✓ (no splits)
[3829/19601] COLD: ✓ (no splits)
[3830/19601] COLIU: ✓ (no splits)
[3831/19601] COLIW: ✓ (no splits)
[3832/19601] COLM: ✓ (no splits)
[3833/19601] COLL: ✓ (no splits)
[3834/19601] COM: ✓ (no splits)
[3835/19601] COLO: ✓ (no splits)
[3836/19601] COMB: ✓ (no splits)
[3837/19601] COMM: ✓ (no splits)
[3838/19601] COMP: ✓ (no splits)
[3839/19601] COMS: ✓ (2 split(s))
[3840/19601] COMSP: ✓ (no splits)
[3841/19601] COMSW: ✓ (no splits)
[3842/19601] COMT: ✓ (no splits)
[3843/19601] CONE: ✓ (no splits)
[3844/19601] CON: ✓ (no splits)
[3845/19601] CONI: ✓ (1 split(s))
[3846/19601] CONL: ✓ (no splits)
[3847/19601] CONN: ✓ (no splits)
[3848/19601] CONX: ✓ (no splits)
[3849/19601] CONXU: ✓ (no splits)
[3850/19601] CONXW: ✓ (no splits)
[3851/19601] CONw: ✓ (no splits)
[3852/19601] CONY: ✓ (1 split(s))
[3853/19601] COO: ✓ (1 split(s))
[3854/19601] COOK: ✓ (no splits)
[3855/19601] COOL: ✓ (no splits)
[3856/19601] COOLU: ✓ (no splits)
[3857/19601] COOLW: ✓ (no splits)
[3858/19601] COOP: ✓ (no splits)
[3859/19601] COOT: ✓ (no splits)
[3860/19601] COOTW: ✓ (no splits)
[3861/19601] COP: ✓ (no splits)
[3862/19601] COPA: ✓ (no splits)
[3863/19601] COPL: ✓ (no splits)
[3864/19601] COPJ: ✓ (no splits)
[3865/19601] COPL.U: ✓ (no splits)
[3866/19601] COPL.WS: ✓ (no splits)
[3867/19601] COPP: ✓ (no splits)
[3868/19601] COPX: ✓ (no splits)
[3869/19601] COPY: ✓ (no splits)
[3870/19601] COR: ✓ (no splits)
[3871/19601] CORD: ✓ (no splits)
[3872/19601] CORE: ✓ (no splits)
[3873/19601] CORB: ✓ (no splits)
[3874/19601] CORN: ✓ (no splits)
[3875/19601] CORO: ✓ (no splits)
[3876/19601] CORP: ✓ (no splits)
[3877/19601] CORR: ✓ (no splits)
[3878/19601] CORRpA: ✓ (no splits)
[3879/19601] CORS: ✓ (no splits)
[3880/19601] CORS.WS: ✓ (no splits)
[3881/19601] CORS.U: ✓ (no splits)
[3882/19601] CORT: ✓ (no splits)
[3883/19601] CORX: ✓ (no splits)
[3884/19601] CORZ: ✓ (no splits)
[3885/19601] CORZZ: ✓ (no splits)
[3886/19601] CORZW: ✓ (no splits)
[3887/19601] COSM: ✓ (1 split(s))
[3888/19601] COSO: ✓ (no splits)
[3889/19601] COST: ✓ (no splits)
[3890/19601] COSW: ✓ (no splits)
[3891/19601] COTY: ✓ (no splits)
[3892/19601] COTG: ✓ (no splits)
[3893/19601] COUP: ✓ (no splits)
[3894/19601] COUR: ✓ (no splits)
[3895/19601] COVAU: ✓ (no splits)
[3896/19601] COVA: ✓ (no splits)
[3897/19601] COVAW: ✓ (no splits)
[3898/19601] COW: ✓ (no splits)
[3899/19601] COWG: ✓ (no splits)
[3900/19601] COWN: ✓ (no splits)
[3901/19601] COWNL: ✓ (no splits)
[3902/19601] COWNZ: ✓ (no splits)
[3903/19601] COWS: ✓ (no splits)
[3904/19601] COWZ: ✓ (no splits)
[3905/19601] COYA: ✓ (no splits)
[3906/19601] COZX: ✓ (no splits)
[3907/19601] CP: ✓ (1 split(s))
[3908/19601] COYY: ✓ (no splits)
[3909/19601] CPA: ✓ (no splits)
[3910/19601] CPAA: ✓ (no splits)
[3911/19601] CPAAW: ✓ (no splits)
[3912/19601] CPAAU: ✓ (no splits)
[3913/19601] CPAC: ✓ (no splits)
[3914/19601] CPAG: ✓ (no splits)
[3915/19601] CPAQ: ✓ (no splits)
[3916/19601] CPAH: ✓ (no splits)
[3917/19601] CPAI: ✓ (no splits)
[3918/19601] CPAQU: ✓ (no splits)
[3919/19601] CPAQW: ✓ (no splits)
[3920/19601] CPARU: ✓ (no splits)
[3921/19601] CPAR: ✓ (no splits)
[3922/19601] CPARW: ✓ (no splits)
[3923/19601] CPAY: ✓ (no splits)
[3924/19601] CPB: ✓ (no splits)
[3925/19601] CPBI: ✓ (no splits)
[3926/19601] CPER: ✓ (no splits)
[3927/19601] CPE: ✓ (no splits)
[3928/19601] CPF: ✓ (no splits)
[3929/19601] CPG: ✓ (no splits)
[3930/19601] CPHC: ✓ (no splits)
[3931/19601] CPHI: ✓ (3 split(s))
[3932/19601] CPI: ✓ (no splits)
[3933/19601] CPHY: ✓ (no splits)
[3934/19601] CPII: ✓ (no splits)
[3935/19601] CPK: ✓ (no splits)
[3936/19601] CPIX: ✓ (no splits)
[3937/19601] CPLB: ✓ (no splits)
[3938/19601] CPLG: ✓ (no splits)
[3939/19601] CPLP: ✓ (no splits)
[3940/19601] CPNG: ✓ (no splits)
[3941/19601] CPLS: ✓ (no splits)
[3942/19601] CPNJ: ✓ (no splits)
[3943/19601] CPNQ: ✓ (no splits)
[3944/19601] CPNM: ✓ (no splits)
[3945/19601] CPNS: ✓ (no splits)
[3946/19601] CPOP: ✓ (1 split(s))
[3947/19601] CPRJ: ✓ (no splits)
[3948/19601] CPRA: ✓ (no splits)
[3949/19601] CPRI: ✓ (no splits)
[3950/19601] CPRO: ✓ (no splits)
[3951/19601] CPRT: ✓ (2 split(s))
[3952/19601] CPRX: ✓ (no splits)
[3953/19601] CPRY: ✓ (no splits)
[3954/19601] CPS: ✓ (no splits)
[3955/19601] CPSA: ✓ (no splits)
[3956/19601] CPSF: ✓ (no splits)
[3957/19601] CPSD: ✓ (no splits)
[3958/19601] CPSI: ✓ (no splits)
[3959/19601] CPSH: ✓ (no splits)
[3960/19601] CPSJ: ✓ (no splits)
[3961/19601] CPSL: ✓ (no splits)
[3962/19601] CPSM: ✓ (no splits)
[3963/19601] CPSO: ✓ (no splits)
[3964/19601] CPSN: ✓ (no splits)
[3965/19601] CPSP: ✓ (no splits)
[3966/19601] CPSR: ✓ (no splits)
[3967/19601] CPSR.U: ✓ (no splits)
[3968/19601] CPSR.WS: ✓ (no splits)
[3969/19601] CPSS: ✓ (no splits)
[3970/19601] CPST: ✓ (no splits)
[3971/19601] CPSU: ✓ (no splits)
[3972/19601] CPSY: ✓ (no splits)
[3973/19601] CPT: ✓ (no splits)
[3974/19601] CPTA: ✓ (no splits)
[3975/19601] CPTAG: ✓ (no splits)
[3976/19601] CPTAL: ✓ (no splits)
[3977/19601] CPTK: ✓ (no splits)
[3978/19601] CPTK.U: ✓ (no splits)
[3979/19601] CPTNW: ✓ (no splits)
[3980/19601] CPTN: ✓ (1 split(s))
[3981/19601] CPTK.WS: ✓ (no splits)
[3982/19601] CPUH: ✓ (no splits)
[3983/19601] CPUH.WS: ✓ (no splits)
[3984/19601] CPUH.U: ✓ (no splits)
[3985/19601] CPXR: ✓ (no splits)
[3986/19601] CPZ: ✓ (no splits)
[3987/19601] CQQQ: ✓ (no splits)
[3988/19601] CRACU: ✓ (no splits)
[3989/19601] CR: ✓ (no splits)
[3990/19601] CQP: ✓ (no splits)
[3991/19601] CRAK: ✓ (no splits)
[3992/19601] CRAQ: ✓ (no splits)
[3993/19601] CRAI: ✓ (no splits)
[3994/19601] CRAQR: ✓ (no splits)
[3995/19601] CRAQU: ✓ (no splits)
[3996/19601] CRBG: ✓ (no splits)
[3997/19601] CRBD: ✓ (no splits)
[3998/19601] CRBN: ✓ (no splits)
[3999/19601] CRC: ✓ (no splits)
[4000/19601] CRBP: ✓ (1 split(s))
  → Checkpoint saved: 536 splits so far
[4001/19601] CRBU: ✓ (no splits)
[4002/19601] CRCA: ✓ (no splits)
[4003/19601] CRCD: ✓ (no splits)
[4004/19601] CRCG: ✓ (no splits)
[4005/19601] CRCL: ✓ (no splits)
[4006/19601] CRCO: ✓ (no splits)
[4007/19601] CRCT: ✓ (no splits)
[4008/19601] CRD.A: ✓ (no splits)
[4009/19601] CRD.B: ✓ (no splits)
[4010/19601] CRDF: ✓ (no splits)
[4011/19601] CRDL: ✓ (no splits)
[4012/19601] CRDO: ✓ (no splits)
[4013/19601] CRDU: ✓ (no splits)
[4014/19601] CRDT: ✓ (no splits)
[4015/19601] CRE: ✓ (no splits)
[4016/19601] CREC: ✓ (no splits)
[4017/19601] CRECU: ✓ (no splits)
[4018/19601] CRECW: ✓ (no splits)
[4019/19601] CRED: ✓ (no splits)
[4020/19601] CREG: ✓ (1 split(s))
[4021/19601] CREE: ✓ (no splits)
[4022/19601] CRESW: ✓ (no splits)
[4023/19601] CREV: ✓ (no splits)
[4024/19601] CRESY: ✓ (3 split(s))
[4025/19601] CREVW: ✓ (no splits)
[4026/19601] CREX: ✓ (1 split(s))
[4027/19601] CREXW: ✓ (no splits)
[4028/19601] CRGE: ✓ (no splits)
[4029/19601] CRF: ✓ (no splits)
[4030/19601] CRGO: ✓ (no splits)
[4031/19601] CRGOW: ✓ (no splits)
[4032/19601] CRGX: ✓ (no splits)
[4033/19601] CRH: ✓ (no splits)
[4034/19601] CRGY: ✓ (no splits)
[4035/19601] CRHC: ✓ (no splits)
[4036/19601] CRHC.U: ✓ (no splits)
[4037/19601] CRHC.WS: ✓ (no splits)
[4038/19601] CRHM: ✓ (no splits)
[4039/19601] CRI: ✓ (no splits)
[4040/19601] CRK: ✓ (no splits)
[4041/19601] CRIT: ✓ (no splits)
[4042/19601] CRIS: ✓ (no splits)
[4043/19601] CRKN: ✓ (4 split(s))
[4044/19601] CRL: ✓ (no splits)
[4045/19601] CRM: ✓ (no splits)
[4046/19601] CRMD: ✓ (no splits)
[4047/19601] CRMG: ✓ (no splits)
[4048/19601] CRML: ✓ (no splits)
[4049/19601] CRMLW: ✓ (no splits)
[4050/19601] CRMT: ✓ (no splits)
[4051/19601] CRNC: ✓ (no splits)
[4052/19601] CRNT: ✓ (no splits)
[4053/19601] CROC: ✓ (no splits)
[4054/19601] CRNX: ✓ (no splits)
[4055/19601] CRON: ✓ (no splits)
[4056/19601] CROX: ✓ (no splits)
[4057/19601] CRPT: ✓ (no splits)
[4058/19601] CRS: ✓ (no splits)
[4059/19601] CRSA: ✓ (no splits)
[4060/19601] CRSAU: ✓ (no splits)
[4061/19601] CRSAW: ✓ (no splits)
[4062/19601] CRSH: ✓ (1 split(s))
[4063/19601] CRT: ✓ (no splits)
[4064/19601] CRSP: ✓ (no splits)
[4065/19601] CRSR: ✓ (no splits)
[4066/19601] CRTC: ✓ (no splits)
[4067/19601] CRTD: ✓ (no splits)
[4068/19601] CRTDW: ✓ (no splits)
[4069/19601] CRTO: ✓ (no splits)
[4070/19601] CRU.U: ✓ (no splits)
[4071/19601] CRTX: ✓ (no splits)
[4072/19601] CRU: ✓ (no splits)
[4073/19601] CRUS: ✓ (no splits)
[4074/19601] CRU.WS: ✓ (no splits)
[4075/19601] CRVL: ✓ (1 split(s))
[4076/19601] CRUZ: ✓ (no splits)
[4077/19601] CRVO: ✓ (1 split(s))
[4078/19601] CRVS: ✓ (no splits)
[4079/19601] CRWD: ✓ (no splits)
[4080/19601] CRWG: ✓ (1 split(s))
[4081/19601] CRWL: ✓ (no splits)
[4082/19601] CRWS: ✓ (no splits)
[4083/19601] CRWU: ✓ (no splits)
[4084/19601] CRWV: ✓ (no splits)
[4085/19601] CRXT: ✓ (no splits)
[4086/19601] CRXTW: ✓ (no splits)
[4087/19601] CRY: ✓ (no splits)
[4088/19601] CRYP: ✓ (no splits)
[4089/19601] CRZN: ✓ (no splits)
[4090/19601] CRw: ✓ (no splits)
[4091/19601] CSA: ✓ (no splits)
[4092/19601] CRZNU: ✓ (no splits)
[4093/19601] CRZNW: ✓ (no splits)
[4094/19601] CS: ✓ (no splits)
[4095/19601] CSAI: ✓ (no splits)
[4096/19601] CSAN: ✓ (no splits)
[4097/19601] CSANw: ✓ (no splits)
[4098/19601] CSB: ✓ (no splits)
[4099/19601] CSBR: ✓ (no splits)
[4100/19601] CSCI: ✓ (no splits)
[4101/19601] CSCL: ✓ (no splits)
[4102/19601] CSCO: ✓ (no splits)
[4103/19601] CSCS: ✓ (no splits)
[4104/19601] CSD: ✓ (no splits)
[4105/19601] CSCW: ✓ (no splits)
[4106/19601] CSEX: ✓ (no splits)
[4107/19601] CSF: ✓ (no splits)
[4108/19601] CSGP: ✓ (1 split(s))
[4109/19601] CSGS: ✓ (no splits)
[4110/19601] CSH: ✓ (no splits)
[4111/19601] CSHI: ✓ (no splits)
[4112/19601] CSHP: ✓ (no splits)
[4113/19601] CSII: ✓ (no splits)
[4114/19601] CSIQ: ✓ (no splits)
[4115/19601] CSLM: ✓ (no splits)
[4116/19601] CSLMU: ✓ (no splits)
[4117/19601] CSL: ✓ (no splits)
[4118/19601] CSLMR: ✓ (no splits)
[4119/19601] CSLMW: ✓ (no splits)
[4120/19601] CSLRW: ✓ (no splits)
[4121/19601] CSLR: ✓ (no splits)
[4122/19601] CSLT: ✓ (no splits)
[4123/19601] CSM: ✓ (1 split(s))
[4124/19601] CSMD: ✓ (no splits)
[4125/19601] CSML: ✓ (no splits)
[4126/19601] CSNR: ✓ (no splits)
[4127/19601] CSOD: ✓ (no splits)
[4128/19601] CSPF: ✓ (no splits)
[4129/19601] CSPI: ✓ (1 split(s))
[4130/19601] CSPR: ✓ (no splits)
[4131/19601] CSR: ✓ (no splits)
[4132/19601] CSRE: ✓ (no splits)
[4133/19601] CSQ: ✓ (no splits)
[4134/19601] CSRpC: ✓ (no splits)
[4135/19601] CSSEL: ✓ (no splits)
[4136/19601] CSSE: ✓ (no splits)
[4137/19601] CSSEN: ✓ (no splits)
[4138/19601] CSSEP: ✓ (no splits)
[4139/19601] CSTA: ✓ (no splits)
[4140/19601] CSTA.U: ✓ (no splits)
[4141/19601] CSTE: ✓ (no splits)
[4142/19601] CSTA.WS: ✓ (no splits)
[4143/19601] CSTK: ✓ (no splits)
[4144/19601] CSTL: ✓ (no splits)
[4145/19601] CSTM: ✓ (no splits)
[4146/19601] CSTR: ✓ (no splits)
[4147/19601] CSU: ✓ (no splits)
[4148/19601] CSV: ✓ (no splits)
[4149/19601] CSW: ✓ (no splits)
[4150/19601] CSWC: ✓ (no splits)
[4151/19601] CSWCL: ✓ (no splits)
[4152/19601] CSWCZ: ✓ (no splits)
[4153/19601] CSWI: ✓ (no splits)
[4154/19601] CSX: ✓ (1 split(s))
[4155/19601] CTA: ✓ (no splits)
[4156/19601] CTAC.U: ✓ (no splits)
[4157/19601] CTAC: ✓ (no splits)
[4158/19601] CTAA: ✓ (no splits)
[4159/19601] CTAC.WS: ✓ (no splits)
[4160/19601] CTAQ: ✓ (no splits)
[4161/19601] CTAQW: ✓ (no splits)
[4162/19601] CTAQU: ✓ (no splits)
[4163/19601] CTAS: ✓ (1 split(s))
[4164/19601] CTApB: ✓ (no splits)
[4165/19601] CTApA: ✓ (no splits)
[4166/19601] CTB: ✓ (no splits)
[4167/19601] CTBB: ✓ (no splits)
[4168/19601] CTBI: ✓ (no splits)
[4169/19601] CTCX: ✓ (no splits)
[4170/19601] CTCXW: ✓ (no splits)
[4171/19601] CTEC: ✓ (1 split(s))
[4172/19601] CTDD: ✓ (no splits)
[4173/19601] CTEK: ✓ (no splits)
[4174/19601] CTEF: ✓ (no splits)
[4175/19601] CTEST: ✓ (no splits)
[4176/19601] CTEV: ✓ (no splits)
[4177/19601] CTGO: ✓ (no splits)
[4178/19601] CTG: ✓ (no splits)
[4179/19601] CTEX: ✓ (no splits)
[4180/19601] CTHR: ✓ (1 split(s))
[4181/19601] CTIB: ✓ (no splits)
[4182/19601] CTIC: ✓ (no splits)
[4183/19601] CTIF: ✓ (no splits)
[4184/19601] CTKB: ✓ (no splits)
[4185/19601] CTLP: ✓ (no splits)
[4186/19601] CTK: ✓ (1 split(s))
[4187/19601] CTLT: ✓ (no splits)
[4188/19601] CTM: ✓ (1 split(s))
[4189/19601] CTMX: ✓ (no splits)
[4190/19601] CTNM: ✓ (no splits)
[4191/19601] CTNT: ✓ (1 split(s))
[4192/19601] CTOR: ✓ (no splits)
[4193/19601] CTOS: ✓ (no splits)
[4194/19601] CTOS.WS: ✓ (no splits)
[4195/19601] CTO: ✓ (1 split(s))
[4196/19601] CTOpA: ✓ (no splits)
[4197/19601] CTR: ✓ (no splits)
[4198/19601] CTRE: ✓ (no splits)
[4199/19601] CTRA: ✓ (no splits)
[4200/19601] CTRI: ✓ (no splits)
[4201/19601] CTRM: ✓ (2 split(s))
[4202/19601] CTRMV: ✓ (no splits)
[4203/19601] CTRN: ✓ (no splits)
[4204/19601] CTRU: ✓ (no splits)
[4205/19601] CTSH: ✓ (no splits)
[4206/19601] CTS: ✓ (no splits)
[4207/19601] CTSO: ✓ (no splits)
[4208/19601] CTT: ✓ (no splits)
[4209/19601] CTV: ✓ (no splits)
[4210/19601] CTV.WS: ✓ (no splits)
[4211/19601] CTVA: ✓ (no splits)
[4212/19601] CTWO: ✓ (no splits)
[4213/19601] CTW: ✓ (no splits)
[4214/19601] CTXRW: ✓ (no splits)
[4215/19601] CTXR: ✓ (1 split(s))
[4216/19601] CTXS: ✓ (no splits)
[4217/19601] CUB: ✓ (no splits)
[4218/19601] CTY: ✓ (no splits)
[4219/19601] CUBA: ✓ (5 split(s))
[4220/19601] CUBB: ✓ (no splits)
[4221/19601] CUBE: ✓ (no splits)
[4222/19601] CUBI: ✓ (no splits)
[4223/19601] CUBIpC: ✓ (no splits)
[4224/19601] CUBIpD: ✓ (no splits)
[4225/19601] CUBIpE: ✓ (no splits)
[4226/19601] CUBIpF: ✓ (no splits)
[4227/19601] CUBS: ✓ (no splits)
[4228/19601] CUBWU: ✓ (no splits)
[4229/19601] CUBWW: ✓ (no splits)
[4230/19601] CUE: ✓ (no splits)
[4231/19601] CUEN: ✓ (2 split(s))
[4232/19601] CUENW: ✓ (no splits)
[4233/19601] CUK: ✓ (no splits)
[4234/19601] CULP: ✓ (no splits)
[4235/19601] CULL: ✓ (no splits)
[4236/19601] CUPR: ✓ (no splits)
[4237/19601] CURBw: ✓ (no splits)
[4238/19601] CURE: ✓ (no splits)
[4239/19601] CURB: ✓ (no splits)
[4240/19601] CURI: ✓ (no splits)
[4241/19601] CURIW: ✓ (no splits)
[4242/19601] CURO: ✓ (no splits)
[4243/19601] CURR: ✓ (no splits)
[4244/19601] CURV: ✓ (no splits)
[4245/19601] CURX: ✓ (no splits)
[4246/19601] CUT: ✓ (no splits)
[4247/19601] CUTR: ✓ (no splits)
[4248/19601] CUZ: ✓ (no splits)
[4249/19601] CV: ✓ (no splits)
[4250/19601] CVA: ✓ (no splits)
[4251/19601] CVAC: ✓ (no splits)
[4252/19601] CVAR: ✓ (no splits)
[4253/19601] CVBF: ✓ (no splits)
[4254/19601] CVCO: ✓ (no splits)
[4255/19601] CVE: ✓ (no splits)
[4256/19601] CVCY: ✓ (no splits)
[4257/19601] CVE.WS: ✓ (no splits)
[4258/19601] CVEO: ✓ (no splits)
[4259/19601] CVGI: ✓ (no splits)
[4260/19601] CVET: ✓ (no splits)
[4261/19601] CVGW: ✓ (no splits)
[4262/19601] CVI: ✓ (no splits)
[4263/19601] CVIE: ✓ (no splits)
[4264/19601] CVII: ✓ (no splits)
[4265/19601] CVII.U: ✓ (no splits)
[4266/19601] CVIIU: ✓ (no splits)
[4267/19601] CVII.WS: ✓ (no splits)
[4268/19601] CVIIW: ✓ (no splits)
[4269/19601] CVKD: ✓ (1 split(s))
[4270/19601] CVLB: ✓ (no splits)
[4271/19601] CVLC: ✓ (no splits)
[4272/19601] CVLT: ✓ (no splits)
[4273/19601] CVLG: ✓ (1 split(s))
[4274/19601] CVLY: ✓ (no splits)
[4275/19601] CVMC: ✓ (no splits)
[4276/19601] CVM: ✓ (1 split(s))
[4277/19601] CVNA: ✓ (no splits)
[4278/19601] CVR: ✓ (no splits)
[4279/19601] CVNY: ✓ (no splits)
[4280/19601] CVNX: ✓ (no splits)
[4281/19601] CVRD: ✓ (no splits)
[4282/19601] CVRT: ✓ (no splits)
[4283/19601] CVRX: ✓ (no splits)
[4284/19601] CVS: ✓ (no splits)
[4285/19601] CVSE: ✓ (no splits)
[4286/19601] CVSB: ✓ (no splits)
[4287/19601] CVT: ✓ (no splits)
[4288/19601] CVU: ✓ (no splits)
[4289/19601] CVV: ✓ (no splits)
[4290/19601] CVX: ✓ (no splits)
[4291/19601] CVY: ✓ (no splits)
[4292/19601] CW: ✓ (no splits)
[4293/19601] CWAN: ✓ (no splits)
[4294/19601] CWB: ✓ (no splits)
[4295/19601] CWBC: ✓ (no splits)
[4296/19601] CWBR: ✓ (1 split(s))
[4297/19601] CWC: ✓ (no splits)
[4298/19601] CWCO: ✓ (no splits)
[4299/19601] CWEB: ✓ (1 split(s))
[4300/19601] CWD: ✓ (1 split(s))
[4301/19601] CWEN.A: ✓ (no splits)
[4302/19601] CWEN: ✓ (no splits)
[4303/19601] CWH: ✓ (no splits)
[4304/19601] CWI: ✓ (no splits)
[4305/19601] CWK: ✓ (no splits)
[4306/19601] CWII: ✓ (no splits)
[4307/19601] CWS: ✓ (no splits)
[4308/19601] CWST: ✓ (no splits)
[4309/19601] CWT: ✓ (no splits)
[4310/19601] CWVX: ✓ (1 split(s))
[4311/19601] CX: ✓ (no splits)
[4312/19601] CXAC: ✓ (no splits)
[4313/19601] CXAC.U: ✓ (no splits)
[4314/19601] CXAC.WS: ✓ (no splits)
[4315/19601] CXAI: ✓ (no splits)
[4316/19601] CXAIW: ✓ (no splits)
[4317/19601] CXDC: ✓ (no splits)
[4318/19601] CXDO: ✓ (no splits)
[4319/19601] CXE: ✓ (no splits)
[4320/19601] CXH: ✓ (no splits)
[4321/19601] CXO: ✓ (no splits)
[4322/19601] CXRN: ✓ (no splits)
[4323/19601] CXP: ✓ (no splits)
[4324/19601] CXM: ✓ (no splits)
[4325/19601] CXSE: ✓ (no splits)
[4326/19601] CXT: ✓ (no splits)
[4327/19601] CXTw: ✓ (no splits)
[4328/19601] CXW: ✓ (no splits)
[4329/19601] CYA: ✓ (1 split(s))
[4330/19601] CYAD: ✓ (no splits)
[4331/19601] CYAN: ✓ (no splits)
[4332/19601] CYB: ✓ (no splits)
[4333/19601] CYBE: ✓ (no splits)
[4334/19601] CYBN: ✓ (1 split(s))
[4335/19601] CYBR: ✓ (no splits)
[4336/19601] CYCC: ✓ (1 split(s))
[4337/19601] CYCCP: ✓ (no splits)
[4338/19601] CYCN: ✓ (1 split(s))
[4339/19601] CYCU: ✓ (1 split(s))
[4340/19601] CYCUW: ✓ (no splits)
[4341/19601] CYD: ✓ (no splits)
[4342/19601] CYPH: ✓ (no splits)
[4343/19601] CYH: ✓ (no splits)
[4344/19601] CYN: ✓ (3 split(s))
[4345/19601] CYRX: ✓ (no splits)
[4346/19601] CYRN: ✓ (1 split(s))
[4347/19601] CYT: ✓ (no splits)
[4348/19601] CYTH: ✓ (1 split(s))
[4349/19601] CYTHW: ✓ (no splits)
[4350/19601] CYTK: ✓ (no splits)
[4351/19601] CYTO: ✓ (2 split(s))
[4352/19601] CYXT: ✓ (no splits)
[4353/19601] CYXTW: ✓ (no splits)
[4354/19601] CZA: ✓ (no splits)
[4355/19601] CZAR: ✓ (no splits)
[4356/19601] CZFS: ✓ (5 split(s))
[4357/19601] CZNC: ✓ (no splits)
[4358/19601] CZOO.WS: ✓ (no splits)
[4359/19601] CZOO: ✓ (2 split(s))
[4360/19601] CZR: ✓ (no splits)
[4361/19601] CZWI: ✓ (no splits)
[4362/19601] CpJ: ✓ (no splits)
[4363/19601] CZZ: ✓ (no splits)
[4364/19601] CpK: ✓ (no splits)
[4365/19601] CpN: ✓ (no splits)
[4366/19601] CpS: ✓ (no splits)
[4367/19601] DAAQU: ✓ (no splits)
[4368/19601] DAAQ: ✓ (no splits)
[4369/19601] D: ✓ (no splits)
[4370/19601] DAAQW: ✓ (no splits)
[4371/19601] DABS: ✓ (no splits)
[4372/19601] DAC: ✓ (no splits)
[4373/19601] DADA: ✓ (no splits)
[4374/19601] DADS: ✓ (no splits)
[4375/19601] DAICW: ✓ (no splits)
[4376/19601] DAIC: ✓ (no splits)
[4377/19601] DAIO: ✓ (no splits)
[4378/19601] DAK: ✓ (no splits)
[4379/19601] DAKT: ✓ (no splits)
[4380/19601] DAL: ✓ (no splits)
[4381/19601] DALI: ✓ (no splits)
[4382/19601] DALN: ✓ (no splits)
[4383/19601] DALS: ✓ (no splits)
[4384/19601] DALT: ✓ (no splits)
[4385/19601] DAMD: ✓ (no splits)
[4386/19601] DAM: ✓ (no splits)
[4387/19601] DAN: ✓ (no splits)
[4388/19601] DANA: ✓ (no splits)
[4389/19601] DAO: ✓ (no splits)
[4390/19601] DAOO: ✓ (no splits)
[4391/19601] DAOOU: ✓ (no splits)
[4392/19601] DAOOW: ✓ (no splits)
[4393/19601] DAPP: ✓ (no splits)
[4394/19601] DAPR: ✓ (no splits)
[4395/19601] DAR: ✓ (no splits)
[4396/19601] DARE: ✓ (1 split(s))
[4397/19601] DARP: ✓ (no splits)
[4398/19601] DASH: ✓ (no splits)
[4399/19601] DAT: ✓ (no splits)
[4400/19601] DASX: ✓ (no splits)
[4401/19601] DATS: ✓ (1 split(s))
[4402/19601] DATSW: ✓ (no splits)
[4403/19601] DAUG: ✓ (no splits)
[4404/19601] DAVA: ✓ (no splits)
[4405/19601] DAVEW: ✓ (no splits)
[4406/19601] DAVE: ✓ (1 split(s))
[4407/19601] DAWN: ✓ (no splits)
[4408/19601] DAX: ✓ (no splits)
[4409/19601] DB: ✓ (no splits)
[4410/19601] DAY: ✓ (no splits)
[4411/19601] DBA: ✓ (no splits)
[4412/19601] DBAW: ✓ (no splits)
[4413/19601] DBB: ✓ (no splits)
[4414/19601] DBC: ✓ (no splits)
[4415/19601] DBDR: ✓ (no splits)
[4416/19601] DBD: ✓ (no splits)
[4417/19601] DBDRU: ✓ (no splits)
[4418/19601] DBDRW: ✓ (no splits)
[4419/19601] DBE: ✓ (no splits)
[4420/19601] DBEH: ✓ (no splits)
[4421/19601] DBEM: ✓ (no splits)
[4422/19601] DBEF: ✓ (no splits)
[4423/19601] DBEU: ✓ (no splits)
[4424/19601] DBEZ: ✓ (no splits)
[4425/19601] DBGI: ✓ (3 split(s))
[4426/19601] DBGIW: ✓ (1 split(s))
[4427/19601] DBGR: ✓ (no splits)
[4428/19601] DBI: ✓ (no splits)
[4429/19601] DBJP: ✓ (no splits)
[4430/19601] DBJA: ✓ (no splits)
[4431/19601] DBL: ✓ (no splits)
[4432/19601] DBLV: ✓ (no splits)
[4433/19601] DBMF: ✓ (no splits)
[4434/19601] DBND: ✓ (no splits)
[4435/19601] DBO: ✓ (no splits)
[4436/19601] DBOC: ✓ (no splits)
[4437/19601] DBP: ✓ (no splits)
[4438/19601] DBRG: ✓ (1 split(s))
[4439/19601] DBRGpG: ✓ (no splits)
[4440/19601] DBRGpH: ✓ (no splits)
[4441/19601] DBRGpI: ✓ (no splits)
[4442/19601] DBRGpJ: ✓ (no splits)
[4443/19601] DBS: ✓ (no splits)
[4444/19601] DBTX: ✓ (no splits)
[4445/19601] DBV: ✓ (no splits)
[4446/19601] DBX: ✓ (no splits)
[4447/19601] DBVT: ✓ (2 split(s))
[4448/19601] DC: ✓ (no splits)
[4449/19601] DCAP: ✓ (no splits)
[4450/19601] DC.WS: ✓ (no splits)
[4451/19601] DCBO: ✓ (no splits)
[4452/19601] DCF: ✓ (no splits)
[4453/19601] DCFC: ✓ (1 split(s))
[4454/19601] DCFCW: ✓ (no splits)
[4455/19601] DCGO: ✓ (no splits)
[4456/19601] DCGOW: ✓ (no splits)
[4457/19601] DCI: ✓ (no splits)
[4458/19601] DCO: ✓ (no splits)
[4459/19601] DCMT: ✓ (no splits)
[4460/19601] DCMB: ✓ (no splits)
[4461/19601] DCOM: ✓ (no splits)
[4462/19601] DCOMP: ✓ (no splits)
[4463/19601] DCOMG: ✓ (no splits)
[4464/19601] DCOR: ✓ (no splits)
[4465/19601] DCP: ✓ (no splits)
[4466/19601] DCPE: ✓ (no splits)
[4467/19601] DCPH: ✓ (no splits)
[4468/19601] DCPpB: ✓ (no splits)
[4469/19601] DCPpC: ✓ (no splits)
[4470/19601] DCRB: ✓ (no splits)
[4471/19601] DCRBU: ✓ (no splits)
[4472/19601] DCRBW: ✓ (no splits)
[4473/19601] DCRC: ✓ (no splits)
[4474/19601] DCRCU: ✓ (no splits)
[4475/19601] DCRCW: ✓ (no splits)
[4476/19601] DCRD: ✓ (no splits)
[4477/19601] DCRDU: ✓ (no splits)
[4478/19601] DCRE: ✓ (no splits)
[4479/19601] DCRN: ✓ (no splits)
[4480/19601] DCRDW: ✓ (no splits)
[4481/19601] DCRNU: ✓ (no splits)
[4482/19601] DCRNW: ✓ (no splits)
[4483/19601] DCT: ✓ (no splits)
[4484/19601] DCTH: ✓ (no splits)
[4485/19601] DD: ✓ (1 split(s))
[4486/19601] DCUE: ✓ (no splits)
[4487/19601] DD.WD: ✓ (no splits)
[4488/19601] DDC: ✓ (1 split(s))
[4489/19601] DDD: ✓ (no splits)
[4490/19601] DDEC: ✓ (no splits)
[4491/19601] DDF: ✓ (no splits)
[4492/19601] DDFD: ✓ (no splits)
[4493/19601] DDFL: ✓ (no splits)
[4494/19601] DDFN: ✓ (no splits)
[4495/19601] DDFO: ✓ (no splits)
[4496/19601] DDFS: ✓ (no splits)
[4497/19601] DDG: ✓ (no splits)
[4498/19601] DDI: ✓ (no splits)
[4499/19601] DDIV: ✓ (no splits)
[4500/19601] DDL: ✓ (no splits)
  → Checkpoint saved: 609 splits so far
[4501/19601] DDLS: ✓ (no splits)
[4502/19601] DDMX: ✓ (no splits)
[4503/19601] DDM: ✓ (1 split(s))
[4504/19601] DDMXU: ✓ (no splits)
[4505/19601] DDMXW: ✓ (no splits)
[4506/19601] DDOG: ✓ (no splits)
[4507/19601] DDS: ✓ (no splits)
[4508/19601] DDTD: ✓ (no splits)
[4509/19601] DDTL: ✓ (no splits)
[4510/19601] DDT: ✓ (no splits)
[4511/19601] DDTN: ✓ (no splits)
[4512/19601] DDTO: ✓ (no splits)
[4513/19601] DDTS: ✓ (no splits)
[4514/19601] DDV: ✓ (no splits)
[4515/19601] DDWM: ✓ (no splits)
[4516/19601] DDXX: ✓ (no splits)
[4517/19601] DDX: ✓ (no splits)
[4518/19601] DDw: ✓ (no splits)
[4519/19601] DE: ✓ (no splits)
[4520/19601] DEA: ✓ (1 split(s))
[4521/19601] DEC: ✓ (1 split(s))
[4522/19601] DECA: ✓ (no splits)
[4523/19601] DECAW: ✓ (no splits)
[4524/19601] DECAU: ✓ (no splits)
[4525/19601] DECK: ✓ (1 split(s))
[4526/19601] DECO: ✓ (no splits)
[4527/19601] DECM: ✓ (no splits)
[4528/19601] DECP: ✓ (no splits)
[4529/19601] DECU: ✓ (no splits)
[4530/19601] DECT: ✓ (no splits)
[4531/19601] DECW: ✓ (no splits)
[4532/19601] DECZ: ✓ (no splits)
[4533/19601] DEED: ✓ (no splits)
[4534/19601] DEEF: ✓ (no splits)
[4535/19601] DEEP: ✓ (no splits)
[4536/19601] DEF: ✓ (no splits)
[4537/19601] DEFA: ✓ (no splits)
[4538/19601] DEFI: ✓ (no splits)
[4539/19601] DEFN: ✓ (no splits)
[4540/19601] DEFR: ✓ (no splits)
[4541/19601] DEFT: ✓ (no splits)
[4542/19601] DEH: ✓ (no splits)
[4543/19601] DEH.WS: ✓ (no splits)
[4544/19601] DEH.U: ✓ (no splits)
[4545/19601] DEHP: ✓ (no splits)
[4546/19601] DEI: ✓ (no splits)
[4547/19601] DEIF: ✓ (no splits)
[4548/19601] DELL: ✓ (1 split(s))
[4549/19601] DELLw: ✓ (no splits)
[4550/19601] DEM: ✓ (no splits)
[4551/19601] DEMZ: ✓ (no splits)
[4552/19601] DEN: ✓ (no splits)
[4553/19601] DENN: ✓ (no splits)
[4554/19601] DEO: ✓ (no splits)
[4555/19601] DERM: ✓ (no splits)
[4556/19601] DESK: ✓ (no splits)
[4557/19601] DES: ✓ (no splits)
[4558/19601] DESP: ✓ (no splits)
[4559/19601] DEUS: ✓ (no splits)
[4560/19601] DEVS: ✓ (1 split(s))
[4561/19601] DEW: ✓ (no splits)
[4562/19601] DEX: ✓ (no splits)
[4563/19601] DEXC: ✓ (no splits)
[4564/19601] DFAC: ✓ (no splits)
[4565/19601] DFAI: ✓ (no splits)
[4566/19601] DFAE: ✓ (no splits)
[4567/19601] DFAR: ✓ (no splits)
[4568/19601] DFAS: ✓ (no splits)
[4569/19601] DFAT: ✓ (no splits)
[4570/19601] DFAU: ✓ (no splits)
[4571/19601] DFAW: ✓ (no splits)
[4572/19601] DFCA: ✓ (no splits)
[4573/19601] DFAX: ✓ (no splits)
[4574/19601] DFCF: ✓ (no splits)
[4575/19601] DFE: ✓ (no splits)
[4576/19601] DFDV: ✓ (2 split(s))
[4577/19601] DFDVW: ✓ (no splits)
[4578/19601] DFEB: ✓ (no splits)
[4579/19601] DFEM: ✓ (no splits)
[4580/19601] DFEN: ✓ (no splits)
[4581/19601] DFEV: ✓ (no splits)
[4582/19601] DFFN: ✓ (1 split(s))
[4583/19601] DFGP: ✓ (no splits)
[4584/19601] DFGR: ✓ (no splits)
[4585/19601] DFH: ✓ (no splits)
[4586/19601] DFGX: ✓ (no splits)
[4587/19601] DFHT: ✓ (no splits)
[4588/19601] DFHTU: ✓ (no splits)
[4589/19601] DFHTW: ✓ (no splits)
[4590/19601] DFHY: ✓ (no splits)
[4591/19601] DFIC: ✓ (no splits)
[4592/19601] DFIN: ✓ (no splits)
[4593/19601] DFII: ✓ (no splits)
[4594/19601] DFIV: ✓ (no splits)
[4595/19601] DFIS: ✓ (no splits)
[4596/19601] DFJ: ✓ (no splits)
[4597/19601] DFIP: ✓ (no splits)
[4598/19601] DFLI: ✓ (1 split(s))
[4599/19601] DFLV: ✓ (no splits)
[4600/19601] DFLIW: ✓ (no splits)
[4601/19601] DFND: ✓ (no splits)
[4602/19601] DFNL: ✓ (no splits)
[4603/19601] DFNM: ✓ (no splits)
[4604/19601] DFNS: ✓ (no splits)
[4605/19601] DFNS.U: ✓ (no splits)
[4606/19601] DFNS.WS: ✓ (no splits)
[4607/19601] DFNV: ✓ (no splits)
[4608/19601] DFP: ✓ (no splits)
[4609/19601] DFPH: ✓ (no splits)
[4610/19601] DFPHU: ✓ (no splits)
[4611/19601] DFPHW: ✓ (no splits)
[4612/19601] DFRA: ✓ (no splits)
[4613/19601] DFS: ✓ (no splits)
[4614/19601] DFSB: ✓ (no splits)
[4615/19601] DFSD: ✓ (no splits)
[4616/19601] DFSC: ✓ (no splits)
[4617/19601] DFSCW: ✓ (no splits)
[4618/19601] DFSE: ✓ (no splits)
[4619/19601] DFSI: ✓ (no splits)
[4620/19601] DFSU: ✓ (no splits)
[4621/19601] DFSV: ✓ (no splits)
[4622/19601] DFTT: ✓ (no splits)
[4623/19601] DFUV: ✓ (no splits)
[4624/19601] DFUS: ✓ (no splits)
[4625/19601] DFVE: ✓ (no splits)
[4626/19601] DFVL: ✓ (no splits)
[4627/19601] DFVS: ✓ (no splits)
[4628/19601] DG: ✓ (no splits)
[4629/19601] DFVX: ✓ (no splits)
[4630/19601] DGCB: ✓ (no splits)
[4631/19601] DGHI: ✓ (1 split(s))
[4632/19601] DGICA: ✓ (no splits)
[4633/19601] DGICB: ✓ (no splits)
[4634/19601] DGII: ✓ (no splits)
[4635/19601] DGL: ✓ (no splits)
[4636/19601] DGLO: ✓ (no splits)
[4637/19601] DGIN: ✓ (no splits)
[4638/19601] DGLY: ✓ (3 split(s))
[4639/19601] DGNR: ✓ (no splits)
[4640/19601] DGNR.U: ✓ (no splits)
[4641/19601] DGNS: ✓ (no splits)
[4642/19601] DGNR.WS: ✓ (no splits)
[4643/19601] DGNU: ✓ (no splits)
[4644/19601] DGNX: ✓ (1 split(s))
[4645/19601] DGOC: ✓ (no splits)
[4646/19601] DGP: ✓ (no splits)
[4647/19601] DGRE: ✓ (no splits)
[4648/19601] DGRO: ✓ (no splits)
[4649/19601] DGRS: ✓ (no splits)
[4650/19601] DGRW: ✓ (no splits)
[4651/19601] DGS: ✓ (no splits)
[4652/19601] DGT: ✓ (no splits)
[4653/19601] DGX: ✓ (no splits)
[4654/19601] DH: ✓ (no splits)
[4655/19601] DGZ: ✓ (no splits)
[4656/19601] DHAC: ✓ (no splits)
[4657/19601] DHACU: ✓ (no splits)
[4658/19601] DHACW: ✓ (no splits)
[4659/19601] DHAI: ✓ (1 split(s))
[4660/19601] DHBC: ✓ (no splits)
[4661/19601] DHAIW: ✓ (no splits)
[4662/19601] DHBCU: ✓ (no splits)
[4663/19601] DHBCW: ✓ (no splits)
[4664/19601] DHC: ✓ (no splits)
[4665/19601] DHCA: ✓ (no splits)
[4666/19601] DHCAU: ✓ (no splits)
[4667/19601] DGXX: ✓ (no splits)
[4668/19601] DHCAW: ✓ (no splits)
[4669/19601] DHCNI: ✓ (no splits)
[4670/19601] DHCNL: ✓ (no splits)
[4671/19601] DHDG: ✓ (no splits)
[4672/19601] DHF: ✓ (no splits)
[4673/19601] DHHC: ✓ (no splits)
[4674/19601] DHHCU: ✓ (no splits)
[4675/19601] DHI: ✓ (no splits)
[4676/19601] DHHCW: ✓ (no splits)
[4677/19601] DHIL: ✓ (no splits)
[4678/19601] DHLX: ✓ (no splits)
[4679/19601] DHR: ✓ (no splits)
[4680/19601] DHRpA: ✓ (no splits)
[4681/19601] DHRpB: ✓ (no splits)
[4682/19601] DHRw: ✓ (no splits)
[4683/19601] DHS: ✓ (no splits)
[4684/19601] DHT: ✓ (no splits)
[4685/19601] DHSB: ✓ (no splits)
[4686/19601] DHX: ✓ (no splits)
[4687/19601] DIA: ✓ (no splits)
[4688/19601] DHY: ✓ (no splits)
[4689/19601] DIAL: ✓ (no splits)
[4690/19601] DIAX: ✓ (no splits)
[4691/19601] DIBS: ✓ (no splits)
[4692/19601] DICE: ✓ (no splits)
[4693/19601] DIDI: ✓ (no splits)
[4694/19601] DIEM: ✓ (no splits)
[4695/19601] DIHP: ✓ (no splits)
[4696/19601] DIG: ✓ (2 split(s))
[4697/19601] DILA: ✓ (no splits)
[4698/19601] DILAU: ✓ (no splits)
[4699/19601] DILAW: ✓ (no splits)
[4700/19601] DIM: ✓ (no splits)
[4701/19601] DIME: ✓ (no splits)
[4702/19601] DINO: ✓ (no splits)
[4703/19601] DIN: ✓ (no splits)
[4704/19601] DIOD: ✓ (no splits)
[4705/19601] DINT: ✓ (no splits)
[4706/19601] DIP: ✓ (no splits)
[4707/19601] DIS: ✓ (no splits)
[4708/19601] DIPS: ✓ (1 split(s))
[4709/19601] DISAU: ✓ (no splits)
[4710/19601] DISA: ✓ (no splits)
[4711/19601] DISAW: ✓ (no splits)
[4712/19601] DISCA: ✓ (no splits)
[4713/19601] DISCB: ✓ (no splits)
[4714/19601] DISCK: ✓ (no splits)
[4715/19601] DISH: ✓ (no splits)
[4716/19601] DISO: ✓ (no splits)
[4717/19601] DIST: ✓ (no splits)
[4718/19601] DISTR: ✓ (no splits)
[4719/19601] DISTU: ✓ (no splits)
[4720/19601] DISTW: ✓ (no splits)
[4721/19601] DISV: ✓ (no splits)
[4722/19601] DIV: ✓ (no splits)
[4723/19601] DIT: ✓ (no splits)
[4724/19601] DIVA: ✓ (no splits)
[4725/19601] DIVB: ✓ (no splits)
[4726/19601] DIVD: ✓ (no splits)
[4727/19601] DIVE: ✓ (no splits)
[4728/19601] DIVG: ✓ (no splits)
[4729/19601] DIVL: ✓ (no splits)
[4730/19601] DIVI: ✓ (no splits)
[4731/19601] DIVN: ✓ (no splits)
[4732/19601] DIVO: ✓ (no splits)
[4733/19601] DIVP: ✓ (no splits)
[4734/19601] DIVS: ✓ (no splits)
[4735/19601] DIVY: ✓ (no splits)
[4736/19601] DIVZ: ✓ (no splits)
[4737/19601] DJAN: ✓ (no splits)
[4738/19601] DJCB: ✓ (no splits)
[4739/19601] DJCI: ✓ (no splits)
[4740/19601] DJCO: ✓ (no splits)
[4741/19601] DJD: ✓ (no splits)
[4742/19601] DJIA: ✓ (no splits)
[4743/19601] DJP: ✓ (no splits)
[4744/19601] DJT: ✓ (no splits)
[4745/19601] DJTWW: ✓ (no splits)
[4746/19601] DJTU: ✓ (no splits)
[4747/19601] DK: ✓ (no splits)
[4748/19601] DJUL: ✓ (no splits)
[4749/19601] DKDCA: ✓ (no splits)
[4750/19601] DKDCU: ✓ (no splits)
[4751/19601] DJUN: ✓ (no splits)
[4752/19601] DKDCW: ✓ (no splits)
[4753/19601] DKI: ✓ (no splits)
[4754/19601] DKL: ✓ (no splits)
[4755/19601] DKNG: ✓ (no splits)
[4756/19601] DKNX: ✓ (no splits)
[4757/19601] DKRB: ✓ (no splits)
[4758/19601] DKS: ✓ (no splits)
[4759/19601] DKUP: ✓ (no splits)
[4760/19601] DL: ✓ (no splits)
[4761/19601] DLA: ✓ (no splits)
[4762/19601] DLAG: ✓ (no splits)
[4763/19601] DLB: ✓ (no splits)
[4764/19601] DLCA: ✓ (no splits)
[4765/19601] DLCAU: ✓ (no splits)
[4766/19601] DLCAW: ✓ (no splits)
[4767/19601] DLLL: ✓ (no splits)
[4768/19601] DLHC: ✓ (no splits)
[4769/19601] DLN: ✓ (1 split(s))
[4770/19601] DLNG: ✓ (no splits)
[4771/19601] DLNGpA: ✓ (no splits)
[4772/19601] DLNV: ✓ (no splits)
[4773/19601] DLNGpB: ✓ (no splits)
[4774/19601] DLO: ✓ (no splits)
[4775/19601] DLPN: ✓ (1 split(s))
[4776/19601] DLPNW: ✓ (no splits)
[4777/19601] DLR: ✓ (no splits)
[4778/19601] DLRpC: ✓ (no splits)
[4779/19601] DLRpJ: ✓ (no splits)
[4780/19601] DLRpK: ✓ (no splits)
[4781/19601] DLRpL: ✓ (no splits)
[4782/19601] DLS: ✓ (no splits)
[4783/19601] DLTH: ✓ (no splits)
[4784/19601] DLTR: ✓ (no splits)
[4785/19601] DLX: ✓ (no splits)
[4786/19601] DLXY: ✓ (no splits)
[4787/19601] DLY: ✓ (no splits)
[4788/19601] DM: ✓ (1 split(s))
[4789/19601] DM.WS: ✓ (no splits)
[4790/19601] DMA: ✓ (no splits)
[4791/19601] DMAAR: ✓ (no splits)
[4792/19601] DMAA: ✓ (no splits)
[4793/19601] DMAAU: ✓ (no splits)
[4794/19601] DMAC: ✓ (no splits)
[4795/19601] DMAQ: ✓ (no splits)
[4796/19601] DMAQR: ✓ (no splits)
[4797/19601] DMAQU: ✓ (no splits)
[4798/19601] DMAT: ✓ (no splits)
[4799/19601] DMAR: ✓ (no splits)
[4800/19601] DMAX: ✓ (no splits)
[4801/19601] DMAY: ✓ (no splits)
[4802/19601] DMB: ✓ (no splits)
[4803/19601] DMBS: ✓ (no splits)
[4804/19601] DMCY: ✓ (no splits)
[4805/19601] DMDV: ✓ (no splits)
[4806/19601] DMF: ✓ (no splits)
[4807/19601] DMII: ✓ (no splits)
[4808/19601] DMIIR: ✓ (no splits)
[4809/19601] DMK: ✓ (1 split(s))
[4810/19601] DMIIU: ✓ (no splits)
[4811/19601] DMLP: ✓ (no splits)
[4812/19601] DMO: ✓ (no splits)
[4813/19601] DMN: ✓ (no splits)
[4814/19601] DMRC: ✓ (no splits)
[4815/19601] DMRE: ✓ (no splits)
[4816/19601] DMRI: ✓ (no splits)
[4817/19601] DMRL: ✓ (no splits)
[4818/19601] DMRS: ✓ (no splits)
[4819/19601] DMRM: ✓ (no splits)
[4820/19601] DMS: ✓ (1 split(s))
[4821/19601] DMS.WS: ✓ (no splits)
[4822/19601] DMX: ✓ (no splits)
[4823/19601] DMTK: ✓ (no splits)
[4824/19601] DMXF: ✓ (no splits)
[4825/19601] DMYD: ✓ (no splits)
[4826/19601] DMYD.U: ✓ (no splits)
[4827/19601] DMYD.WS: ✓ (no splits)
[4828/19601] DMYI: ✓ (no splits)
[4829/19601] DMYI.U: ✓ (no splits)
[4830/19601] DMYI.WS: ✓ (no splits)
[4831/19601] DMYQ: ✓ (no splits)
[4832/19601] DMYQ.U: ✓ (no splits)
[4833/19601] DMYQ.WS: ✓ (no splits)
[4834/19601] DMYS: ✓ (no splits)
[4835/19601] DMYS.U: ✓ (no splits)
[4836/19601] DMYT: ✓ (no splits)
[4837/19601] DMYS.WS: ✓ (no splits)
[4838/19601] DMYT.U: ✓ (no splits)
[4839/19601] DMYT.WS: ✓ (no splits)
[4840/19601] DMYY: ✓ (no splits)
[4841/19601] DMYY.U: ✓ (no splits)
[4842/19601] DMYY.WS: ✓ (no splits)
[4843/19601] DNA: ✓ (1 split(s))
[4844/19601] DNA.WS: ✓ (no splits)
[4845/19601] DNAA: ✓ (no splits)
[4846/19601] DNAB: ✓ (no splits)
[4847/19601] DNAC: ✓ (no splits)
[4848/19601] DNAD: ✓ (no splits)
[4849/19601] DNAY: ✓ (no splits)
[4850/19601] DNB: ✓ (no splits)
[4851/19601] DNK: ✓ (no splits)
[4852/19601] DNKN: ✓ (no splits)
[4853/19601] DNL: ✓ (1 split(s))
[4854/19601] DNLI: ✓ (no splits)
[4855/19601] DNMR: ✓ (1 split(s))
[4856/19601] DNMR.WS: ✓ (no splits)
[4857/19601] DNMX: ✓ (no splits)
[4858/19601] DNMXU: ✓ (no splits)
[4859/19601] DNMXW: ✓ (no splits)
[4860/19601] DNN: ✓ (no splits)
[4861/19601] DNOV: ✓ (no splits)
[4862/19601] DNOW: ✓ (no splits)
[4863/19601] DNP: ✓ (no splits)
[4864/19601] DNTH: ✓ (no splits)
[4865/19601] DNUT: ✓ (no splits)
[4866/19601] DNZ: ✓ (no splits)
[4867/19601] DNZ.U: ✓ (no splits)
[4868/19601] DNZ.WS: ✓ (no splits)
[4869/19601] DOC: ✓ (no splits)
[4870/19601] DO: ✓ (no splits)
[4871/19601] DOCN: ✓ (no splits)
[4872/19601] DOCS: ✓ (no splits)
[4873/19601] DOCT: ✓ (no splits)
[4874/19601] DOG: ✓ (no splits)
[4875/19601] DOCU: ✓ (no splits)
[4876/19601] DOGD: ✓ (no splits)
[4877/19601] DOGG: ✓ (no splits)
[4878/19601] DOJE: ✓ (no splits)
[4879/19601] DOGZ: ✓ (1 split(s))
[4880/19601] DOL: ✓ (no splits)
[4881/19601] DOLE: ✓ (no splits)
[4882/19601] DOMA.WS: ✓ (no splits)
[4883/19601] DOMA: ✓ (1 split(s))
[4884/19601] DOMH: ✓ (1 split(s))
[4885/19601] DOMO: ✓ (no splits)
[4886/19601] DON: ✓ (no splits)
[4887/19601] DOO: ✓ (no splits)
[4888/19601] DORM: ✓ (no splits)
[4889/19601] DOOO: ✓ (no splits)
[4890/19601] DOOR: ✓ (no splits)
[4891/19601] DOUG: ✓ (1 split(s))
[4892/19601] DOV: ✓ (no splits)
[4893/19601] DOW: ✓ (no splits)
[4894/19601] DOYU: ✓ (1 split(s))
[4895/19601] DOX: ✓ (no splits)
[4896/19601] DOZR: ✓ (no splits)
[4897/19601] DPCS: ✓ (no splits)
[4898/19601] DPCSU: ✓ (no splits)
[4899/19601] DPCSW: ✓ (no splits)
[4900/19601] DPG: ✓ (no splits)
[4901/19601] DPRO: ✓ (1 split(s))
[4902/19601] DPSI: ✓ (1 split(s))
[4903/19601] DPST: ✓ (2 split(s))
[4904/19601] DPW: ✓ (no splits)
[4905/19601] DPZ: ✓ (no splits)
[4906/19601] DQ: ✓ (no splits)
[4907/19601] DRADP: ✓ (no splits)
[4908/19601] DRAG: ✓ (no splits)
[4909/19601] DRAD: ✓ (no splits)
[4910/19601] DRAI: ✓ (no splits)
[4911/19601] DRAYU: ✓ (no splits)
[4912/19601] DRAY: ✓ (no splits)
[4913/19601] DRAYW: ✓ (no splits)
[4914/19601] DRCT: ✓ (no splits)
[4915/19601] DRCTW: ✓ (no splits)
[4916/19601] DRD: ✓ (no splits)
[4917/19601] DRDB: ✓ (no splits)
[4918/19601] DRDBW: ✓ (no splits)
[4919/19601] DRDBU: ✓ (no splits)
[4920/19601] DRE: ✓ (no splits)
[4921/19601] DRES: ✓ (no splits)
[4922/19601] DRGN: ✓ (no splits)
[4923/19601] DRHpA: ✓ (no splits)
[4924/19601] DRH: ✓ (no splits)
[4925/19601] DRI: ✓ (no splits)
[4926/19601] DRIO: ✓ (1 split(s))
[4927/19601] DRIOW: ✓ (no splits)
[4928/19601] DRIV: ✓ (no splits)
[4929/19601] DRIP: ✓ (1 split(s))
[4930/19601] DRKY: ✓ (no splits)
[4931/19601] DRLL: ✓ (no splits)
[4932/19601] DRMAW: ✓ (no splits)
[4933/19601] DRMA: ✓ (3 split(s))
[4934/19601] DRN: ✓ (no splits)
[4935/19601] DRNZ: ✓ (no splits)
[4936/19601] DRNA: ✓ (no splits)
[4937/19601] DRQ: ✓ (no splits)
[4938/19601] DRS: ✓ (no splits)
[4939/19601] DRRX: ✓ (1 split(s))
[4940/19601] DRTS: ✓ (no splits)
[4941/19601] DRSK: ✓ (no splits)
[4942/19601] DRUA: ✓ (no splits)
[4943/19601] DRTT: ✓ (no splits)
[4944/19601] DRTSW: ✓ (no splits)
[4945/19601] DRUG: ✓ (1 split(s))
[4946/19601] DRUP: ✓ (no splits)
[4947/19601] DRV: ✓ (1 split(s))
[4948/19601] DRVN: ✓ (no splits)
[4949/19601] DRW: ✓ (no splits)
[4950/19601] DS: ✓ (no splits)
[4951/19601] DSACW: ✓ (no splits)
[4952/19601] DSAC: ✓ (no splits)
[4953/19601] DSACU: ✓ (no splits)
[4954/19601] DSAQ: ✓ (no splits)
[4955/19601] DSAQ.U: ✓ (no splits)
[4956/19601] DSAQ.WS: ✓ (no splits)
[4957/19601] DSCF: ✓ (no splits)
[4958/19601] DSE: ✓ (no splits)
[4959/19601] DSEP: ✓ (no splits)
[4960/19601] DSEY: ✓ (no splits)
[4961/19601] DSGN: ✓ (no splits)
[4962/19601] DSGX: ✓ (no splits)
[4963/19601] DSI: ✓ (no splits)
[4964/19601] DSGR: ✓ (1 split(s))
[4965/19601] DSJA: ✓ (no splits)
[4966/19601] DSKE: ✓ (no splits)
[4967/19601] DSKEW: ✓ (no splits)
[4968/19601] DSL: ✓ (no splits)
[4969/19601] DSM: ✓ (no splits)
[4970/19601] DSMC: ✓ (no splits)
[4971/19601] DSOC: ✓ (no splits)
[4972/19601] DSP: ✓ (no splits)
[4973/19601] DSPC: ✓ (no splits)
[4974/19601] DSPG: ✓ (no splits)
[4975/19601] DSPY: ✓ (no splits)
[4976/19601] DSS: ✓ (1 split(s))
[4977/19601] DSSI: ✓ (no splits)
[4978/19601] DSTL: ✓ (no splits)
[4979/19601] DSTX: ✓ (no splits)
[4980/19601] DSWL: ✓ (no splits)
[4981/19601] DSU: ✓ (no splits)
[4982/19601] DSX: ✓ (2 split(s))
[4983/19601] DSX.WS: ✓ (no splits)
[4984/19601] DSXpB: ✓ (no splits)
[4985/19601] DSY: ✓ (no splits)
[4986/19601] DSYWW: ✓ (no splits)
[4987/19601] DSpB: ✓ (no splits)
[4988/19601] DSpC: ✓ (no splits)
[4989/19601] DSpD: ✓ (no splits)
[4990/19601] DT: ✓ (no splits)
[4991/19601] DTAN: ✓ (no splits)
[4992/19601] DTB: ✓ (no splits)
[4993/19601] DTC: ✓ (no splits)
[4994/19601] DTCK: ✓ (no splits)
[4995/19601] DTCR: ✓ (no splits)
[4996/19601] DTEA: ✓ (no splits)
[4997/19601] DTE: ✓ (no splits)
[4998/19601] DTD: ✓ (1 split(s))
[4999/19601] DTEC: ✓ (no splits)
[5000/19601] DTF: ✓ (no splits)
  → Checkpoint saved: 658 splits so far
[5001/19601] DTEw: ✓ (no splits)
[5002/19601] DTG: ✓ (no splits)
[5003/19601] DTH: ✓ (no splits)
[5004/19601] DTI: ✓ (no splits)
[5005/19601] DTJ: ✓ (no splits)
[5006/19601] DTIL: ✓ (1 split(s))
[5007/19601] DTK: ✓ (no splits)
[5008/19601] DTLAp: ✓ (no splits)
[5009/19601] DTM: ✓ (no splits)
[5010/19601] DTMw: ✓ (no splits)
[5011/19601] DTN: ✓ (no splits)
[5012/19601] DTOC: ✓ (no splits)
[5013/19601] DTOCU: ✓ (no splits)
[5014/19601] DTOCW: ✓ (no splits)
[5015/19601] DTOX: ✓ (no splits)
[5016/19601] DTRE: ✓ (no splits)
[5017/19601] DTP: ✓ (no splits)
[5018/19601] DTRTU: ✓ (no splits)
[5019/19601] DTRT: ✓ (no splits)
[5020/19601] DTRTW: ✓ (no splits)
[5021/19601] DTSQ: ✓ (no splits)
[5022/19601] DTSQR: ✓ (no splits)
[5023/19601] DTSQU: ✓ (no splits)
[5024/19601] DTSS: ✓ (1 split(s))
[5025/19601] DTST: ✓ (1 split(s))
[5026/19601] DTSTW: ✓ (no splits)
[5027/19601] DTW: ✓ (no splits)
[5028/19601] DTY: ✓ (no splits)
[5029/19601] DUAL: ✓ (no splits)
[5030/19601] DUBS: ✓ (no splits)
[5031/19601] DUC: ✓ (no splits)
[5032/19601] DUDE: ✓ (no splits)
[5033/19601] DUET: ✓ (no splits)
[5034/19601] DUETU: ✓ (no splits)
[5035/19601] DUETW: ✓ (no splits)
[5036/19601] DUG: ✓ (2 split(s))
[5037/19601] DUHP: ✓ (no splits)
[5038/19601] DUK: ✓ (no splits)
[5039/19601] DUKQ: ✓ (no splits)
[5040/19601] DUKB: ✓ (no splits)
[5041/19601] DUKH: ✓ (no splits)
[5042/19601] DUKX: ✓ (no splits)
[5043/19601] DUKZ: ✓ (no splits)
[5044/19601] DUKpA: ✓ (no splits)
[5045/19601] DULL: ✓ (no splits)
[5046/19601] DUNE: ✓ (no splits)
[5047/19601] DUNEU: ✓ (no splits)
[5048/19601] DUNEW: ✓ (no splits)
[5049/19601] DUNK: ✓ (no splits)
[5050/19601] DUO: ✓ (3 split(s))
[5051/19601] DUOL: ✓ (no splits)
[5052/19601] DUOT: ✓ (no splits)
[5053/19601] DURA: ✓ (no splits)
[5054/19601] DUSA: ✓ (no splits)
[5055/19601] DUSB: ✓ (no splits)
[5056/19601] DUSL: ✓ (no splits)
[5057/19601] DUST: ✓ (1 split(s))
[5058/19601] DVA: ✓ (no splits)
[5059/19601] DV: ✓ (no splits)
[5060/19601] DVAL: ✓ (no splits)
[5061/19601] DVAX: ✓ (no splits)
[5062/19601] DVD: ✓ (no splits)
[5063/19601] DVDN: ✓ (no splits)
[5064/19601] DVIN: ✓ (no splits)
[5065/19601] DVLT: ✓ (no splits)
[5066/19601] DVLU: ✓ (no splits)
[5067/19601] DVN: ✓ (no splits)
[5068/19601] DVND: ✓ (no splits)
[5069/19601] DVOL: ✓ (no splits)
[5070/19601] DVQQ: ✓ (no splits)
[5071/19601] DVRE: ✓ (no splits)
[5072/19601] DVS: ✓ (no splits)
[5073/19601] DVSP: ✓ (no splits)
[5074/19601] DVUT: ✓ (no splits)
[5075/19601] DVXB: ✓ (no splits)
[5076/19601] DVXE: ✓ (no splits)
[5077/19601] DVXC: ✓ (no splits)
[5078/19601] DVXF: ✓ (no splits)
[5079/19601] DVXK: ✓ (no splits)
[5080/19601] DVXP: ✓ (no splits)
[5081/19601] DVY: ✓ (no splits)
[5082/19601] DVXV: ✓ (no splits)
[5083/19601] DVXY: ✓ (no splits)
[5084/19601] DVYA: ✓ (no splits)
[5085/19601] DVYE: ✓ (no splits)
[5086/19601] DWAC: ✓ (no splits)
[5087/19601] DWACU: ✓ (no splits)
[5088/19601] DWACW: ✓ (no splits)
[5089/19601] DWAS: ✓ (no splits)
[5090/19601] DWAT: ✓ (no splits)
[5091/19601] DWAW: ✓ (no splits)
[5092/19601] DWCR: ✓ (no splits)
[5093/19601] DWEQ: ✓ (no splits)
[5094/19601] DWFI: ✓ (no splits)
[5095/19601] DWIN: ✓ (no splits)
[5096/19601] DWIN.U: ✓ (no splits)
[5097/19601] DWIN.WS: ✓ (no splits)
[5098/19601] DWM: ✓ (no splits)
[5099/19601] DWLD: ✓ (no splits)
[5100/19601] DWMC: ✓ (no splits)
[5101/19601] DWMF: ✓ (no splits)
[5102/19601] DWPP: ✓ (no splits)
[5103/19601] DWTX: ✓ (no splits)
[5104/19601] DWSN: ✓ (no splits)
[5105/19601] DWSH: ✓ (no splits)
[5106/19601] DWUS: ✓ (no splits)
[5107/19601] DWX: ✓ (no splits)
[5108/19601] DX: ✓ (no splits)
[5109/19601] DXC: ✓ (no splits)
[5110/19601] DXCM: ✓ (1 split(s))
[5111/19601] DXD: ✓ (1 split(s))
[5112/19601] DXF: ✓ (1 split(s))
[5113/19601] DXGE: ✓ (no splits)
[5114/19601] DXIV: ✓ (no splits)
[5115/19601] DXJ: ✓ (no splits)
[5116/19601] DXLG: ✓ (no splits)
[5117/19601] DXJS: ✓ (1 split(s))
[5118/19601] DXPE: ✓ (no splits)
[5119/19601] DXR: ✓ (no splits)
[5120/19601] DXST: ✓ (no splits)
[5121/19601] DXUV: ✓ (no splits)
[5122/19601] DXYN: ✓ (no splits)
[5123/19601] DXpC: ✓ (no splits)
[5124/19601] DXpB: ✓ (no splits)
[5125/19601] DY: ✓ (no splits)
[5126/19601] DXYZ: ✓ (no splits)
[5127/19601] DYAI: ✓ (no splits)
[5128/19601] DYCQ: ✓ (no splits)
[5129/19601] DYCQR: ✓ (no splits)
[5130/19601] DYCQU: ✓ (no splits)
[5131/19601] DYFI: ✓ (no splits)
[5132/19601] DYFN: ✓ (no splits)
[5133/19601] DYHG: ✓ (no splits)
[5134/19601] DYLG: ✓ (no splits)
[5135/19601] DYLD: ✓ (no splits)
[5136/19601] DYNB: ✓ (no splits)
[5137/19601] DYN: ✓ (no splits)
[5138/19601] DYNF: ✓ (no splits)
[5139/19601] DYNI: ✓ (no splits)
[5140/19601] DYNS: ✓ (no splits)
[5141/19601] DYNT: ✓ (1 split(s))
[5142/19601] DYNXU: ✓ (no splits)
[5143/19601] DYORW: ✓ (no splits)
[5144/19601] DYORU: ✓ (no splits)
[5145/19601] DYTA: ✓ (no splits)
[5146/19601] DZZ: ✓ (no splits)
[5147/19601] DYNX: ✓ (no splits)
[5148/19601] DYNXW: ✓ (no splits)
[5149/19601] DYOR: ✓ (no splits)
[5150/19601] DZSI: ✓ (no splits)
[5151/19601] EA: ✓ (no splits)
[5152/19601] E: ✓ (no splits)
[5153/19601] EAC: ✓ (no splits)
[5154/19601] EACPW: ✓ (no splits)
[5155/19601] EACPU: ✓ (no splits)
[5156/19601] EAD: ✓ (no splits)
[5157/19601] EAF: ✓ (1 split(s))
[5158/19601] EAFD: ✓ (no splits)
[5159/19601] EAFG: ✓ (no splits)
[5160/19601] EAGG: ✓ (no splits)
[5161/19601] EAGL: ✓ (no splits)
[5162/19601] EAI: ✓ (no splits)
[5163/19601] EALT: ✓ (no splits)
[5164/19601] EAOA: ✓ (no splits)
[5165/19601] EAOK: ✓ (no splits)
[5166/19601] EAOR: ✓ (no splits)
[5167/19601] EAPR: ✓ (no splits)
[5168/19601] EAR: ✓ (1 split(s))
[5169/19601] EARN: ✓ (no splits)
[5170/19601] EAOM: ✓ (no splits)
[5171/19601] EARS: ✓ (no splits)
[5172/19601] EASG: ✓ (no splits)
[5173/19601] EASY: ✓ (no splits)
[5174/19601] EAT: ✓ (no splits)
[5175/19601] EAST: ✓ (1 split(s))
[5176/19601] EATV: ✓ (no splits)
[5177/19601] EATZ: ✓ (no splits)
[5178/19601] EBAC: ✓ (no splits)
[5179/19601] EB: ✓ (no splits)
[5180/19601] EBACU: ✓ (no splits)
[5181/19601] EBACW: ✓ (no splits)
[5182/19601] EBAY: ✓ (no splits)
[5183/19601] EBAYL: ✓ (no splits)
[5184/19601] EBC: ✓ (no splits)
[5185/19601] EBET: ✓ (1 split(s))
[5186/19601] EBI: ✓ (no splits)
[5187/19601] EBF: ✓ (no splits)
[5188/19601] EBLU: ✓ (no splits)
[5189/19601] EBIZ: ✓ (no splits)
[5190/19601] EBIX: ✓ (no splits)
[5191/19601] EBIT: ✓ (no splits)
[5192/19601] EBMT: ✓ (no splits)
[5193/19601] EBON: ✓ (1 split(s))
[5194/19601] EBND: ✓ (no splits)
[5195/19601] EBR: ✓ (no splits)
[5196/19601] EBS: ✓ (no splits)
[5197/19601] EBR.B: ✓ (no splits)
[5198/19601] EBSB: ✓ (no splits)
[5199/19601] EBTC: ✓ (no splits)
[5200/19601] EBUF: ✓ (no splits)
[5201/19601] EC: ✓ (no splits)
[5202/19601] ECAT: ✓ (no splits)
[5203/19601] ECC: ✓ (no splits)
[5204/19601] ECCB: ✓ (no splits)
[5205/19601] ECBK: ✓ (no splits)
[5206/19601] ECCC: ✓ (no splits)
[5207/19601] ECCF: ✓ (no splits)
[5208/19601] ECCU: ✓ (no splits)
[5209/19601] ECCV: ✓ (no splits)
[5210/19601] ECCX: ✓ (no splits)
[5211/19601] ECCW: ✓ (no splits)
[5212/19601] ECCY: ✓ (no splits)
[5213/19601] ECCpD: ✓ (no splits)
[5214/19601] ECDA: ✓ (1 split(s))
[5215/19601] ECFpA: ✓ (no splits)
[5216/19601] ECDAW: ✓ (no splits)
[5217/19601] ECF: ✓ (no splits)
[5218/19601] ECG: ✓ (no splits)
[5219/19601] ECGw: ✓ (no splits)
[5220/19601] ECH: ✓ (no splits)
[5221/19601] ECHO: ✓ (no splits)
[5222/19601] ECL: ✓ (no splits)
[5223/19601] ECNS: ✓ (no splits)
[5224/19601] ECLN: ✓ (no splits)
[5225/19601] ECML: ✓ (no splits)
[5226/19601] ECO: ✓ (no splits)
[5227/19601] ECOL: ✓ (no splits)
[5228/19601] ECOLW: ✓ (no splits)
[5229/19601] ECOM: ✓ (no splits)
[5230/19601] ECON: ✓ (no splits)
[5231/19601] ECOR: ✓ (2 split(s))
[5232/19601] ECOW: ✓ (no splits)
[5233/19601] ECPG: ✓ (no splits)
[5234/19601] ECOZ: ✓ (no splits)
[5235/19601] ECX: ✓ (no splits)
[5236/19601] EDAP: ✓ (no splits)
[5237/19601] ED: ✓ (no splits)
[5238/19601] ECVT: ✓ (no splits)
[5239/19601] EDBL: ✓ (3 split(s))
[5240/19601] EDBLW: ✓ (no splits)
[5241/19601] ECXWW: ✓ (no splits)
[5242/19601] EDC: ✓ (no splits)
[5243/19601] EDEN: ✓ (no splits)
[5244/19601] EDD: ✓ (no splits)
[5245/19601] EDF: ✓ (no splits)
[5246/19601] EDGE: ✓ (no splits)
[5247/19601] EDGF: ✓ (no splits)
[5248/19601] EDGH: ✓ (no splits)
[5249/19601] EDGI: ✓ (no splits)
[5250/19601] EDGU: ✓ (no splits)
[5251/19601] EDHL: ✓ (no splits)
[5252/19601] EDI: ✓ (no splits)
[5253/19601] EDIV: ✓ (no splits)
[5254/19601] EDIT: ✓ (no splits)
[5255/19601] EDN: ✓ (no splits)
[5256/19601] EDNC: ✓ (no splits)
[5257/19601] EDNCW: ✓ (no splits)
[5258/19601] EDNCU: ✓ (no splits)
[5259/19601] EDOC: ✓ (no splits)
[5260/19601] EDOG: ✓ (no splits)
[5261/19601] EDOW: ✓ (no splits)
[5262/19601] EDR: ✓ (no splits)
[5263/19601] EDRY: ✓ (no splits)
[5264/19601] EDTK: ✓ (no splits)
[5265/19601] EDSA: ✓ (1 split(s))
[5266/19601] EDTX: ✓ (no splits)
[5267/19601] EDTXU: ✓ (no splits)
[5268/19601] EDTXW: ✓ (no splits)
[5269/19601] EDU: ✓ (2 split(s))
[5270/19601] EDUT: ✓ (1 split(s))
[5271/19601] EDUC: ✓ (no splits)
[5272/19601] EDV: ✓ (no splits)
[5273/19601] EDZ: ✓ (1 split(s))
[5274/19601] EE: ✓ (no splits)
[5275/19601] EEA: ✓ (no splits)
[5276/19601] EEFT: ✓ (no splits)
[5277/19601] EEH: ✓ (no splits)
[5278/19601] EEIQ: ✓ (no splits)
[5279/19601] EELV: ✓ (no splits)
[5280/19601] EEMA: ✓ (no splits)
[5281/19601] EEM: ✓ (no splits)
[5282/19601] EEMD: ✓ (no splits)
[5283/19601] EEMO: ✓ (no splits)
[5284/19601] EEMV: ✓ (no splits)
[5285/19601] EEMS: ✓ (no splits)
[5286/19601] EEMX: ✓ (1 split(s))
[5287/19601] EERN: ✓ (no splits)
[5288/19601] EES: ✓ (no splits)
[5289/19601] EET: ✓ (no splits)
[5290/19601] EETH: ✓ (no splits)
[5291/19601] EEV: ✓ (1 split(s))
[5292/19601] EEX: ✓ (no splits)
[5293/19601] EFA: ✓ (no splits)
[5294/19601] EFAA: ✓ (no splits)
[5295/19601] EFAD: ✓ (no splits)
[5296/19601] EFAS: ✓ (no splits)
[5297/19601] EFAV: ✓ (no splits)
[5298/19601] EFAX: ✓ (1 split(s))
[5299/19601] EFC: ✓ (no splits)
[5300/19601] EFCpA: ✓ (no splits)
[5301/19601] EFCpB: ✓ (no splits)
[5302/19601] EFCpD: ✓ (no splits)
[5303/19601] EFF: ✓ (no splits)
[5304/19601] EFCpC: ✓ (no splits)
[5305/19601] EFCpE: ✓ (no splits)
[5306/19601] EFFE: ✓ (no splits)
[5307/19601] EFFI: ✓ (no splits)
[5308/19601] EFG: ✓ (no splits)
[5309/19601] EFHT: ✓ (no splits)
[5310/19601] EFHTR: ✓ (no splits)
[5311/19601] EFHTU: ✓ (no splits)
[5312/19601] EFHTW: ✓ (no splits)
[5313/19601] EFIV: ✓ (no splits)
[5314/19601] EFIX: ✓ (no splits)
[5315/19601] EFL: ✓ (no splits)
[5316/19601] EFNL: ✓ (no splits)
[5317/19601] EFO: ✓ (no splits)
[5318/19601] EFOI: ✓ (1 split(s))
[5319/19601] EFR: ✓ (no splits)
[5320/19601] EFRA: ✓ (no splits)
[5321/19601] EFSC: ✓ (no splits)
[5322/19601] EFSCP: ✓ (no splits)
[5323/19601] EFSI: ✓ (no splits)
[5324/19601] EFSH: ✓ (7 split(s))
[5325/19601] EFTRW: ✓ (no splits)
[5326/19601] EFT: ✓ (no splits)
[5327/19601] EFTR: ✓ (1 split(s))
[5328/19601] EFTY: ✓ (no splits)
[5329/19601] EFU: ✓ (1 split(s))
[5330/19601] EFUT: ✓ (no splits)
[5331/19601] EFX: ✓ (no splits)
[5332/19601] EFV: ✓ (no splits)
[5333/19601] EFXT: ✓ (no splits)
[5334/19601] EFZ: ✓ (no splits)
[5335/19601] EG: ✓ (no splits)
[5336/19601] EGAN: ✓ (no splits)
[5337/19601] EGBN: ✓ (no splits)
[5338/19601] EGG: ✓ (no splits)
[5339/19601] EGF: ✓ (no splits)
[5340/19601] EGGF: ✓ (no splits)
[5341/19601] EGGF.U: ✓ (no splits)
[5342/19601] EGGF.WS: ✓ (no splits)
[5343/19601] EGGQ: ✓ (no splits)
[5344/19601] EGGS: ✓ (no splits)
[5345/19601] EGGY: ✓ (no splits)
[5346/19601] EGHAR: ✓ (no splits)
[5347/19601] EGHA: ✓ (no splits)
[5348/19601] EGHAU: ✓ (no splits)
[5349/19601] EGHT: ✓ (no splits)
[5350/19601] EGLE: ✓ (no splits)
[5351/19601] EGIS: ✓ (no splits)
[5352/19601] EGIO: ✓ (1 split(s))
[5353/19601] EGLX: ✓ (no splits)
[5354/19601] EGO: ✓ (no splits)
[5355/19601] EGOV: ✓ (no splits)
[5356/19601] EGOX: ✓ (no splits)
[5357/19601] EGP: ✓ (no splits)
[5358/19601] EGPT: ✓ (no splits)
[5359/19601] EGRX: ✓ (no splits)
[5360/19601] EGUS: ✓ (no splits)
[5361/19601] EGY: ✓ (no splits)
[5362/19601] EH: ✓ (no splits)
[5363/19601] EHAB: ✓ (no splits)
[5364/19601] EHABw: ✓ (no splits)
[5365/19601] EHC: ✓ (no splits)
[5366/19601] EHCw: ✓ (no splits)
[5367/19601] EHGO: ✓ (no splits)
[5368/19601] EHI: ✓ (no splits)
[5369/19601] EHIr: ✓ (no splits)
[5370/19601] EHIrw: ✓ (no splits)
[5371/19601] EHLD: ✓ (no splits)
[5372/19601] EHLDV: ✓ (no splits)
[5373/19601] EHLS: ✓ (no splits)
[5374/19601] EHT: ✓ (no splits)
[5375/19601] EHTH: ✓ (no splits)
[5376/19601] EHY: ✓ (no splits)
[5377/19601] EIC: ✓ (no splits)
[5378/19601] EICA: ✓ (no splits)
[5379/19601] EICB: ✓ (no splits)
[5380/19601] EICC: ✓ (no splits)
[5381/19601] EIDO: ✓ (no splits)
[5382/19601] EIDX: ✓ (no splits)
[5383/19601] EIG: ✓ (no splits)
[5384/19601] EIGI: ✓ (no splits)
[5385/19601] EIGR: ✓ (1 split(s))
[5386/19601] EIM: ✓ (no splits)
[5387/19601] EIIA: ✓ (no splits)
[5388/19601] EINC: ✓ (no splits)
[5389/19601] EIPI: ✓ (no splits)
[5390/19601] EIRL: ✓ (no splits)
[5391/19601] EIPX: ✓ (no splits)
[5392/19601] EIS: ✓ (no splits)
[5393/19601] EJAN: ✓ (no splits)
[5394/19601] EIX: ✓ (no splits)
[5395/19601] EJFA: ✓ (no splits)
[5396/19601] EJFAU: ✓ (no splits)
[5397/19601] EJFAW: ✓ (no splits)
[5398/19601] EJH: ✓ (6 split(s))
[5399/19601] EJUL: ✓ (no splits)
[5400/19601] EKAR: ✓ (no splits)
[5401/19601] EKG: ✓ (no splits)
[5402/19601] EKSO: ✓ (1 split(s))
[5403/19601] ELA: ✓ (no splits)
[5404/19601] EL: ✓ (no splits)
[5405/19601] ELAN: ✓ (no splits)
[5406/19601] ELAB: ✓ (3 split(s))
[5407/19601] ELBM: ✓ (2 split(s))
[5408/19601] ELAT: ✓ (no splits)
[5409/19601] ELC: ✓ (no splits)
[5410/19601] ELCV: ✓ (no splits)
[5411/19601] ELD: ✓ (no splits)
[5412/19601] ELDN: ✓ (no splits)
[5413/19601] ELE: ✓ (no splits)
[5414/19601] ELEV: ✓ (no splits)
[5415/19601] ELF: ✓ (no splits)
[5416/19601] ELFY: ✓ (no splits)
[5417/19601] ELIL: ✓ (no splits)
[5418/19601] ELIQ: ✓ (no splits)
[5419/19601] ELIQ.WS: ✓ (no splits)
[5420/19601] ELIS: ✓ (no splits)
[5421/19601] ELJ: ✓ (no splits)
[5422/19601] ELLO: ✓ (no splits)
[5423/19601] ELM: ✓ (no splits)
[5424/19601] ELMD: ✓ (no splits)
[5425/19601] ELME: ✓ (no splits)
[5426/19601] ELMS: ✓ (no splits)
[5427/19601] ELOG: ✓ (no splits)
[5428/19601] ELMSW: ✓ (no splits)
[5429/19601] ELON: ✓ (no splits)
[5430/19601] ELOX: ✓ (1 split(s))
[5431/19601] ELPC: ✓ (no splits)
[5432/19601] ELP: ✓ (1 split(s))
[5433/19601] ELPW: ✓ (no splits)
[5434/19601] ELQD: ✓ (no splits)
[5435/19601] ELTK: ✓ (no splits)
[5436/19601] ELS: ✓ (no splits)
[5437/19601] ELSE: ✓ (no splits)
[5438/19601] ELTX: ✓ (no splits)
[5439/19601] ELU: ✓ (no splits)
[5440/19601] ELUT: ✓ (no splits)
[5441/19601] ELV: ✓ (no splits)
[5442/19601] ELVA: ✓ (1 split(s))
[5443/19601] ELVN: ✓ (no splits)
[5444/19601] ELVR: ✓ (no splits)
[5445/19601] ELVT: ✓ (no splits)
[5446/19601] ELWS: ✓ (1 split(s))
[5447/19601] ELWT: ✓ (no splits)
[5448/19601] ELY: ✓ (no splits)
[5449/19601] ELYM: ✓ (no splits)
[5450/19601] ELYS: ✓ (no splits)
[5451/19601] EM: ✓ (no splits)
[5452/19601] EMA: ✓ (no splits)
[5453/19601] EMAG: ✓ (no splits)
[5454/19601] EMAN: ✓ (no splits)
[5455/19601] EMBC: ✓ (no splits)
[5456/19601] EMB: ✓ (no splits)
[5457/19601] EMBCV: ✓ (no splits)
[5458/19601] EMBD: ✓ (no splits)
[5459/19601] EMBH: ✓ (no splits)
[5460/19601] EMBJ: ✓ (no splits)
[5461/19601] EMBKW: ✓ (no splits)
[5462/19601] EMBK: ✓ (1 split(s))
[5463/19601] EMC: ✓ (no splits)
[5464/19601] EMBX: ✓ (no splits)
[5465/19601] EMCA: ✓ (no splits)
[5466/19601] EMCB: ✓ (no splits)
[5467/19601] EMCC: ✓ (no splits)
[5468/19601] EMCF: ✓ (no splits)
[5469/19601] EMCG: ✓ (no splits)
[5470/19601] EMCGR: ✓ (no splits)
[5471/19601] EMCGU: ✓ (no splits)
[5472/19601] EMCGW: ✓ (no splits)
[5473/19601] EMCH: ✓ (no splits)
[5474/19601] EMCR: ✓ (no splits)
[5475/19601] EMD: ✓ (no splits)
[5476/19601] EMCS: ✓ (no splits)
[5477/19601] EMDM: ✓ (no splits)
[5478/19601] EMDV: ✓ (no splits)
[5479/19601] EME: ✓ (no splits)
[5480/19601] EMEQ: ✓ (no splits)
[5481/19601] EMES: ✓ (no splits)
[5482/19601] EMF: ✓ (no splits)
[5483/19601] EMFQ: ✓ (no splits)
[5484/19601] EMFM: ✓ (no splits)
[5485/19601] EMGC: ✓ (no splits)
[5486/19601] EMGD: ✓ (no splits)
[5487/19601] EMGF: ✓ (no splits)
[5488/19601] EMHC: ✓ (no splits)
[5489/19601] EMHY: ✓ (no splits)
[5490/19601] EMIF: ✓ (no splits)
[5491/19601] EMISR: ✓ (no splits)
[5492/19601] EMIS: ✓ (no splits)
[5493/19601] EMISU: ✓ (no splits)
[5494/19601] EMKR: ✓ (1 split(s))
[5495/19601] EMLC: ✓ (no splits)
[5496/19601] EML: ✓ (no splits)
[5497/19601] EMLD: ✓ (no splits)
[5498/19601] EMKT: ✓ (no splits)
[5499/19601] EMLDU: ✓ (no splits)
[5500/19601] EMLDW: ✓ (no splits)
  → Checkpoint saved: 721 splits so far
[5501/19601] EMM: ✓ (no splits)
[5502/19601] EMLP: ✓ (no splits)
[5503/19601] EMMF: ✓ (no splits)
[5504/19601] EMN: ✓ (no splits)
[5505/19601] EMNT: ✓ (no splits)
[5506/19601] EMO: ✓ (no splits)
[5507/19601] EMOP: ✓ (no splits)
[5508/19601] EMOT: ✓ (no splits)
[5509/19601] EMOr: ✓ (no splits)
[5510/19601] EMOrw: ✓ (no splits)
[5511/19601] EMP: ✓ (no splits)
[5512/19601] EMPB: ✓ (no splits)
[5513/19601] EMPD: ✓ (no splits)
[5514/19601] EMPG: ✓ (no splits)
[5515/19601] EMPW: ✓ (no splits)
[5516/19601] EMPW.U: ✓ (no splits)
[5517/19601] EMR: ✓ (no splits)
[5518/19601] EMQQ: ✓ (no splits)
[5519/19601] EMPW.WS: ✓ (no splits)
[5520/19601] EMSF: ✓ (no splits)
[5521/19601] EMSH: ✓ (no splits)
[5522/19601] EMSG: ✓ (no splits)
[5523/19601] EMTL: ✓ (no splits)
[5524/19601] EMTY: ✓ (no splits)
[5525/19601] EMWP: ✓ (1 split(s))
[5526/19601] EMX: ✓ (no splits)
[5527/19601] EMXC: ✓ (no splits)
[5528/19601] EMXF: ✓ (no splits)
[5529/19601] EMZA: ✓ (no splits)
[5530/19601] ENAV: ✓ (no splits)
[5531/19601] ENB: ✓ (no splits)
[5532/19601] ENBA: ✓ (no splits)
[5533/19601] ENCP: ✓ (no splits)
[5534/19601] ENBL: ✓ (no splits)
[5535/19601] ENCPU: ✓ (no splits)
[5536/19601] ENCPW: ✓ (no splits)
[5537/19601] ENDP: ✓ (no splits)
[5538/19601] ENER: ✓ (no splits)
[5539/19601] ENERR: ✓ (no splits)
[5540/19601] ENDW: ✓ (no splits)
[5541/19601] ENERW: ✓ (no splits)
[5542/19601] ENERU: ✓ (no splits)
[5543/19601] ENFA: ✓ (no splits)
[5544/19601] ENFAU: ✓ (no splits)
[5545/19601] ENFAW: ✓ (no splits)
[5546/19601] ENFN: ✓ (no splits)
[5547/19601] ENFR: ✓ (no splits)
[5548/19601] ENFY: ✓ (no splits)
[5549/19601] ENG: ✓ (1 split(s))
[5550/19601] ENGN: ✓ (no splits)
[5551/19601] ENGNW: ✓ (no splits)
[5552/19601] ENGS: ✓ (no splits)
[5553/19601] ENHU: ✓ (no splits)
[5554/19601] ENIA: ✓ (no splits)
[5555/19601] ENIC: ✓ (no splits)
[5556/19601] ENJ: ✓ (no splits)
[5557/19601] ENJY: ✓ (no splits)
[5558/19601] ENLC: ✓ (no splits)
[5559/19601] ENJYW: ✓ (no splits)
[5560/19601] ENLT: ✓ (1 split(s))
[5561/19601] ENNVU: ✓ (no splits)
[5562/19601] ENNV: ✓ (no splits)
[5563/19601] ENNVW: ✓ (no splits)
[5564/19601] ENLV: ✓ (no splits)
[5565/19601] ENO: ✓ (no splits)
[5566/19601] ENOB: ✓ (no splits)
[5567/19601] ENOR: ✓ (no splits)
[5568/19601] ENOV: ✓ (no splits)
[5569/19601] ENPC: ✓ (no splits)
[5570/19601] ENPC.U: ✓ (no splits)
[5571/19601] ENPC.WS: ✓ (no splits)
[5572/19601] ENPH: ✓ (no splits)
[5573/19601] ENPX: ✓ (no splits)
[5574/19601] ENR: ✓ (no splits)
[5575/19601] ENRG: ✓ (no splits)
[5576/19601] ENRpA: ✓ (no splits)
[5577/19601] ENS: ✓ (no splits)
[5578/19601] ENSC: ✓ (3 split(s))
[5579/19601] ENSG: ✓ (no splits)
[5580/19601] ENSV: ✓ (no splits)
[5581/19601] ENTA: ✓ (no splits)
[5582/19601] ENTFU: ✓ (no splits)
[5583/19601] ENTG: ✓ (no splits)
[5584/19601] ENTF: ✓ (no splits)
[5585/19601] ENTFW: ✓ (no splits)
[5586/19601] ENTR: ✓ (no splits)
[5587/19601] ENTO: ✓ (1 split(s))
[5588/19601] ENTX: ✓ (no splits)
[5589/19601] ENTXW: ✓ (no splits)
[5590/19601] ENV: ✓ (no splits)
[5591/19601] ENVA: ✓ (no splits)
[5592/19601] ENVIU: ✓ (no splits)
[5593/19601] ENVI: ✓ (no splits)
[5594/19601] ENVB: ✓ (3 split(s))
[5595/19601] ENVIW: ✓ (no splits)
[5596/19601] ENVX: ✓ (1 split(s))
[5597/19601] ENVXW: ✓ (no splits)
[5598/19601] ENX: ✓ (no splits)
[5599/19601] ENZ: ✓ (no splits)
[5600/19601] ENZL: ✓ (no splits)
[5601/19601] EOCT: ✓ (no splits)
[5602/19601] EOCW: ✓ (no splits)
[5603/19601] EOCW.U: ✓ (no splits)
[5604/19601] EOCW.WS: ✓ (no splits)
[5605/19601] EOG: ✓ (no splits)
[5606/19601] EOI: ✓ (no splits)
[5607/19601] EOLS: ✓ (no splits)
[5608/19601] EONR: ✓ (no splits)
[5609/19601] EOD: ✓ (no splits)
[5610/19601] EONR.WS: ✓ (no splits)
[5611/19601] EOPS: ✓ (no splits)
[5612/19601] EOSE: ✓ (no splits)
[5613/19601] EOS: ✓ (no splits)
[5614/19601] EOSEW: ✓ (no splits)
[5615/19601] EOT: ✓ (no splits)
[5616/19601] EP: ✓ (no splits)
[5617/19601] EPAC: ✓ (no splits)
[5618/19601] EPAY: ✓ (no splits)
[5619/19601] EPAM: ✓ (no splits)
[5620/19601] EPC: ✓ (no splits)
[5621/19601] EPD: ✓ (no splits)
[5622/19601] EPEM: ✓ (no splits)
[5623/19601] EPHE: ✓ (no splits)
[5624/19601] EPHYW: ✓ (no splits)
[5625/19601] EPHYU: ✓ (no splits)
[5626/19601] EPHY: ✓ (no splits)
[5627/19601] EPIN: ✓ (no splits)
[5628/19601] EPI: ✓ (no splits)
[5629/19601] EPIX: ✓ (no splits)
[5630/19601] EPM: ✓ (no splits)
[5631/19601] EPMB: ✓ (no splits)
[5632/19601] EPOL: ✓ (no splits)
[5633/19601] EPMV: ✓ (no splits)
[5634/19601] EPOW: ✓ (no splits)
[5635/19601] EPP: ✓ (no splits)
[5636/19601] EPR: ✓ (no splits)
[5637/19601] EPRE: ✓ (no splits)
[5638/19601] EPRF: ✓ (no splits)
[5639/19601] EPRT: ✓ (no splits)
[5640/19601] EPRX: ✓ (no splits)
[5641/19601] EPRpC: ✓ (no splits)
[5642/19601] EPRpE: ✓ (no splits)
[5643/19601] EPRpG: ✓ (no splits)
[5644/19601] EPS: ✓ (no splits)
[5645/19601] EPSB: ✓ (no splits)
[5646/19601] EPSM: ✓ (no splits)
[5647/19601] EPSN: ✓ (no splits)
[5648/19601] EPU: ✓ (no splits)
[5649/19601] EPSV: ✓ (no splits)
[5650/19601] EPV: ✓ (1 split(s))
[5651/19601] EPWR: ✓ (no splits)
[5652/19601] EPWK: ✓ (1 split(s))
[5653/19601] EPWR.WS: ✓ (no splits)
[5654/19601] EPWR.U: ✓ (no splits)
[5655/19601] EPZM: ✓ (no splits)
[5656/19601] EPpC: ✓ (no splits)
[5657/19601] EQ: ✓ (no splits)
[5658/19601] EQBK: ✓ (no splits)
[5659/19601] EQAL: ✓ (no splits)
[5660/19601] EQC: ✓ (no splits)
[5661/19601] EQCpD: ✓ (no splits)
[5662/19601] EQD: ✓ (no splits)
[5663/19601] EQD.U: ✓ (no splits)
[5664/19601] EQD.WS: ✓ (no splits)
[5665/19601] EQH: ✓ (no splits)
[5666/19601] EQHA: ✓ (no splits)
[5667/19601] EQHA.U: ✓ (no splits)
[5668/19601] EQHA.WS: ✓ (no splits)
[5669/19601] EQHpA: ✓ (no splits)
[5670/19601] EQIX: ✓ (no splits)
[5671/19601] EQHpC: ✓ (no splits)
[5672/19601] EQIN: ✓ (no splits)
[5673/19601] EQLS: ✓ (no splits)
[5674/19601] EQNR: ✓ (no splits)
[5675/19601] EQLT: ✓ (no splits)
[5676/19601] EQL: ✓ (1 split(s))
[5677/19601] EQOP: ✓ (no splits)
[5678/19601] EQOS: ✓ (no splits)
[5679/19601] EQOSW: ✓ (no splits)
[5680/19601] EQR: ✓ (no splits)
[5681/19601] EQRR: ✓ (no splits)
[5682/19601] EQRX: ✓ (no splits)
[5683/19601] EQRXW: ✓ (no splits)
[5684/19601] EQS: ✓ (no splits)
[5685/19601] EQT: ✓ (no splits)
[5686/19601] EQTY: ✓ (no splits)
[5687/19601] EQUL: ✓ (no splits)
[5688/19601] EQV: ✓ (no splits)
[5689/19601] EQV.U: ✓ (no splits)
[5690/19601] EQV.WS: ✓ (no splits)
[5691/19601] EQWL: ✓ (no splits)
[5692/19601] EQX: ✓ (no splits)
[5693/19601] ERAS: ✓ (no splits)
[5694/19601] ERC: ✓ (no splits)
[5695/19601] ERESU: ✓ (no splits)
[5696/19601] ERES: ✓ (no splits)
[5697/19601] ERESW: ✓ (no splits)
[5698/19601] ERF: ✓ (no splits)
[5699/19601] ERH: ✓ (no splits)
[5700/19601] ERET: ✓ (no splits)
[5701/19601] ERIC: ✓ (no splits)
[5702/19601] ERIE: ✓ (no splits)
[5703/19601] ERII: ✓ (no splits)
[5704/19601] ERJ: ✓ (no splits)
[5705/19601] ERM: ✓ (no splits)
[5706/19601] ERNA: ✓ (1 split(s))
[5707/19601] ERNZ: ✓ (no splits)
[5708/19601] ERO: ✓ (no splits)
[5709/19601] ERSX: ✓ (no splits)
[5710/19601] ERTH: ✓ (no splits)
[5711/19601] ERUS: ✓ (no splits)
[5712/19601] ERX: ✓ (no splits)
[5713/19601] ERY: ✓ (1 split(s))
[5714/19601] ERYP: ✓ (no splits)
[5715/19601] ES: ✓ (no splits)
[5716/19601] ESAB: ✓ (no splits)
[5717/19601] ESABw: ✓ (no splits)
[5718/19601] ESBG: ✓ (no splits)
[5719/19601] ESBA: ✓ (no splits)
[5720/19601] ESACU: ✓ (no splits)
[5721/19601] ESAC: ✓ (no splits)
[5722/19601] ESACW: ✓ (no splits)
[5723/19601] ESBK: ✓ (no splits)
[5724/19601] ESCA: ✓ (no splits)
[5725/19601] ESCR: ✓ (no splits)
[5726/19601] ESE: ✓ (no splits)
[5727/19601] ESEA: ✓ (no splits)
[5728/19601] ESEB: ✓ (no splits)
[5729/19601] ESEAV: ✓ (no splits)
[5730/19601] ESGA: ✓ (no splits)
[5731/19601] ESG: ✓ (no splits)
[5732/19601] ESGB: ✓ (no splits)
[5733/19601] ESGC: ✓ (no splits)
[5734/19601] ESGD: ✓ (no splits)
[5735/19601] ESGE: ✓ (no splits)
[5736/19601] ESGG: ✓ (no splits)
[5737/19601] ESGL: ✓ (no splits)
[5738/19601] ESGR: ✓ (no splits)
[5739/19601] ESGLW: ✓ (no splits)
[5740/19601] ESGRP: ✓ (no splits)
[5741/19601] ESGN: ✓ (no splits)
[5742/19601] ESGRO: ✓ (no splits)
[5743/19601] ESGS: ✓ (no splits)
[5744/19601] ESGU: ✓ (no splits)
[5745/19601] ESGV: ✓ (no splits)
[5746/19601] ESGX: ✓ (no splits)
[5747/19601] ESGY: ✓ (no splits)
[5748/19601] ESHA: ✓ (no splits)
[5749/19601] ESHAR: ✓ (no splits)
[5750/19601] ESHAU: ✓ (no splits)
[5751/19601] ESHY: ✓ (no splits)
[5752/19601] ESI: ✓ (no splits)
[5753/19601] ESIX: ✓ (no splits)
[5754/19601] ESK: ✓ (no splits)
[5755/19601] ESLAW: ✓ (no splits)
[5756/19601] ESLA: ✓ (no splits)
[5757/19601] ESLG: ✓ (no splits)
[5758/19601] ESLT: ✓ (no splits)
[5759/19601] ESLV: ✓ (no splits)
[5760/19601] ESM: ✓ (no splits)
[5761/19601] ESM.U: ✓ (no splits)
[5762/19601] ESM.WS: ✓ (no splits)
[5763/19601] ESML: ✓ (no splits)
[5764/19601] ESMT: ✓ (no splits)
[5765/19601] ESMV: ✓ (no splits)
[5766/19601] ESN: ✓ (no splits)
[5767/19601] ESNG: ✓ (no splits)
[5768/19601] ESOA: ✓ (no splits)
[5769/19601] ESNT: ✓ (no splits)
[5770/19601] ESP: ✓ (no splits)
[5771/19601] ESPO: ✓ (no splits)
[5772/19601] ESQ: ✓ (no splits)
[5773/19601] ESPR: ✓ (no splits)
[5774/19601] ESRT: ✓ (no splits)
[5775/19601] ESS: ✓ (no splits)
[5776/19601] ESSA: ✓ (no splits)
[5777/19601] ESSC: ✓ (no splits)
[5778/19601] ESSCU: ✓ (no splits)
[5779/19601] ESSCR: ✓ (no splits)
[5780/19601] ESSCW: ✓ (no splits)
[5781/19601] ESTA: ✓ (no splits)
[5782/19601] ESTC: ✓ (no splits)
[5783/19601] ESTE: ✓ (no splits)
[5784/19601] ESUM: ✓ (no splits)
[5785/19601] ESUS: ✓ (no splits)
[5786/19601] ESXB: ✓ (no splits)
[5787/19601] ET: ✓ (no splits)
[5788/19601] ETACU: ✓ (no splits)
[5789/19601] ETAC: ✓ (no splits)
[5790/19601] ETACW: ✓ (no splits)
[5791/19601] ETAO: ✓ (1 split(s))
[5792/19601] ETCO: ✓ (no splits)
[5793/19601] ETB: ✓ (no splits)
[5794/19601] ETD: ✓ (no splits)
[5795/19601] ETG: ✓ (no splits)
[5796/19601] ETEC: ✓ (no splits)
[5797/19601] ETFT: ✓ (no splits)
[5798/19601] ETH: ✓ (1 split(s))
[5799/19601] ETHA: ✓ (no splits)
[5800/19601] ETHI: ✓ (no splits)
[5801/19601] ETHE: ✓ (1 split(s))
[5802/19601] ETHD: ✓ (1 split(s))
[5803/19601] ETHMU: ✓ (no splits)
[5804/19601] ETHM: ✓ (no splits)
[5805/19601] ETHMW: ✓ (no splits)
[5806/19601] ETHO: ✓ (no splits)
[5807/19601] ETHT: ✓ (1 split(s))
[5808/19601] ETHV: ✓ (no splits)
[5809/19601] ETHU: ✓ (1 split(s))
[5810/19601] ETHW: ✓ (no splits)
[5811/19601] ETIp: ✓ (no splits)
[5812/19601] ETHZ: ✓ (1 split(s))
[5813/19601] ETHZW: ✓ (no splits)
[5814/19601] ETJ: ✓ (no splits)
[5815/19601] ETM: ✓ (no splits)
[5816/19601] ETN: ✓ (no splits)
[5817/19601] ETNB: ✓ (no splits)
[5818/19601] ETO: ✓ (no splits)
[5819/19601] ETON: ✓ (no splits)
[5820/19601] ETPA: ✓ (no splits)
[5821/19601] ETOR: ✓ (no splits)
[5822/19601] ETPpE: ✓ (no splits)
[5823/19601] ETPpC: ✓ (no splits)
[5824/19601] ETPpD: ✓ (no splits)
[5825/19601] ETR: ✓ (1 split(s))
[5826/19601] ETQ: ✓ (1 split(s))
[5827/19601] ETRL: ✓ (no splits)
[5828/19601] ETRN: ✓ (no splits)
[5829/19601] ETS: ✓ (no splits)
[5830/19601] ETSY: ✓ (no splits)
[5831/19601] ETTX: ✓ (no splits)
[5832/19601] ETTY: ✓ (no splits)
[5833/19601] ETV: ✓ (no splits)
[5834/19601] ETU: ✓ (no splits)
[5835/19601] ETWO: ✓ (no splits)
[5836/19601] ETW: ✓ (no splits)
[5837/19601] ETWO.WS: ✓ (no splits)
[5838/19601] ETX: ✓ (no splits)
[5839/19601] ETY: ✓ (no splits)
[5840/19601] ETpD: ✓ (no splits)
[5841/19601] ETpC: ✓ (no splits)
[5842/19601] ETpE: ✓ (no splits)
[5843/19601] EU: ✓ (no splits)
[5844/19601] ETpI: ✓ (no splits)
[5845/19601] EUAD: ✓ (no splits)
[5846/19601] EUCG: ✓ (no splits)
[5847/19601] EUCR: ✓ (no splits)
[5848/19601] EUCRW: ✓ (no splits)
[5849/19601] EUCRU: ✓ (no splits)
[5850/19601] EUDA: ✓ (no splits)
[5851/19601] EUDAW: ✓ (no splits)
[5852/19601] EUFN: ✓ (no splits)
[5853/19601] EUDV: ✓ (no splits)
[5854/19601] EUDG: ✓ (no splits)
[5855/19601] EUHY: ✓ (no splits)
[5856/19601] EUIG: ✓ (no splits)
[5857/19601] EUFX: ✓ (no splits)
[5858/19601] EUM: ✓ (1 split(s))
[5859/19601] EUO: ✓ (no splits)
[5860/19601] EURK: ✓ (no splits)
[5861/19601] EURKR: ✓ (no splits)
[5862/19601] EURL: ✓ (no splits)
[5863/19601] EURKU: ✓ (no splits)
[5864/19601] EURN: ✓ (no splits)
[5865/19601] EURZ: ✓ (no splits)
[5866/19601] EUSA: ✓ (no splits)
[5867/19601] EUSGU: ✓ (no splits)
[5868/19601] EUSB: ✓ (no splits)
[5869/19601] EUSC: ✓ (no splits)
[5870/19601] EUSGW: ✓ (no splits)
[5871/19601] EUSM: ✓ (no splits)
[5872/19601] EUSG: ✓ (no splits)
[5873/19601] EVA: ✓ (no splits)
[5874/19601] EV: ✓ (no splits)
[5875/19601] EVAC: ✓ (no splits)
[5876/19601] EVAC.WS: ✓ (no splits)
[5877/19601] EVAC.U: ✓ (no splits)
[5878/19601] EVAV: ✓ (1 split(s))
[5879/19601] EVAX: ✓ (2 split(s))
[5880/19601] EVBN: ✓ (no splits)
[5881/19601] EVBG: ✓ (no splits)
[5882/19601] EVC: ✓ (no splits)
[5883/19601] EVCM: ✓ (no splits)
[5884/19601] EVE: ✓ (no splits)
[5885/19601] EVE.U: ✓ (no splits)
[5886/19601] EVE.WS: ✓ (no splits)
[5887/19601] EVEN: ✓ (no splits)
[5888/19601] EVER: ✓ (no splits)
[5889/19601] EVEX: ✓ (no splits)
[5890/19601] EVEX.WS: ✓ (no splits)
[5891/19601] EVG: ✓ (no splits)
[5892/19601] EVGBC: ✓ (no splits)
[5893/19601] EVFM: ✓ (2 split(s))
[5894/19601] EVF: ✓ (no splits)
[5895/19601] EVGN: ✓ (1 split(s))
[5896/19601] EVGOW: ✓ (no splits)
[5897/19601] EVGO: ✓ (no splits)
[5898/19601] EVGRU: ✓ (no splits)
[5899/19601] EVGR: ✓ (no splits)
[5900/19601] EVGRW: ✓ (no splits)
[5901/19601] EVH: ✓ (no splits)
[5902/19601] EVHY: ✓ (no splits)
[5903/19601] EVI: ✓ (no splits)
[5904/19601] EVIM: ✓ (no splits)
[5905/19601] EVLMC: ✓ (no splits)
[5906/19601] EVK: ✓ (no splits)
[5907/19601] EVLN: ✓ (no splits)
[5908/19601] EVLU: ✓ (no splits)
[5909/19601] EVLO: ✓ (1 split(s))
[5910/19601] EVLV: ✓ (no splits)
[5911/19601] EVLVU: ✓ (no splits)
[5912/19601] EVM: ✓ (no splits)
[5913/19601] EVLVW: ✓ (no splits)
[5914/19601] EVMN: ✓ (no splits)
[5915/19601] EVMO: ✓ (no splits)
[5916/19601] EVMT: ✓ (no splits)
[5917/19601] EVN: ✓ (no splits)
[5918/19601] EVNT: ✓ (no splits)
[5919/19601] EVO: ✓ (no splits)
[5920/19601] EVOJ: ✓ (no splits)
[5921/19601] EVOJU: ✓ (no splits)
[5922/19601] EVOJW: ✓ (no splits)
[5923/19601] EVOK: ✓ (2 split(s))
[5924/19601] EVOL: ✓ (no splits)
[5925/19601] EVOP: ✓ (no splits)
[5926/19601] EVOX: ✓ (no splits)
[5927/19601] EVOXW: ✓ (no splits)
[5928/19601] EVRG: ✓ (no splits)
[5929/19601] EVOXU: ✓ (no splits)
[5930/19601] EVR: ✓ (no splits)
[5931/19601] EVRI: ✓ (no splits)
[5932/19601] EVSB: ✓ (no splits)
[5933/19601] EVSD: ✓ (no splits)
[5934/19601] EVSM: ✓ (no splits)
[5935/19601] EVSTC: ✓ (no splits)
[5936/19601] EVT: ✓ (no splits)
[5937/19601] EVTC: ✓ (no splits)
[5938/19601] EVTL: ✓ (1 split(s))
[5939/19601] EVTL.WS: ✓ (no splits)
[5940/19601] EVTR: ✓ (no splits)
[5941/19601] EVTV: ✓ (2 split(s))
[5942/19601] EVUS: ✓ (no splits)
[5943/19601] EVV: ✓ (no splits)
[5944/19601] EVX: ✓ (1 split(s))
[5945/19601] EVY: ✓ (no splits)
[5946/19601] EVXX: ✓ (no splits)
[5947/19601] EVYM: ✓ (no splits)
[5948/19601] EW: ✓ (no splits)
[5949/19601] EWA: ✓ (no splits)
[5950/19601] EWC: ✓ (no splits)
[5951/19601] EWBC: ✓ (no splits)
[5952/19601] EWCO: ✓ (no splits)
[5953/19601] EWCZ: ✓ (no splits)
[5954/19601] EWD: ✓ (no splits)
[5955/19601] EWEB: ✓ (1 split(s))
[5956/19601] EWGS: ✓ (no splits)
[5957/19601] EWG: ✓ (no splits)
[5958/19601] EWH: ✓ (no splits)
[5959/19601] EWI: ✓ (no splits)
[5960/19601] EWJ: ✓ (no splits)
[5961/19601] EWJE: ✓ (no splits)
[5962/19601] EWJV: ✓ (no splits)
[5963/19601] EWK: ✓ (no splits)
[5964/19601] EWL: ✓ (no splits)
[5965/19601] EWM: ✓ (no splits)
[5966/19601] EWMC: ✓ (no splits)
[5967/19601] EWN: ✓ (no splits)
[5968/19601] EWP: ✓ (no splits)
[5969/19601] EWO: ✓ (no splits)
[5970/19601] EWQ: ✓ (no splits)
[5971/19601] EWRE: ✓ (no splits)
[5972/19601] EWS: ✓ (no splits)
[5973/19601] EWT: ✓ (no splits)
[5974/19601] EWSC: ✓ (no splits)
[5975/19601] EWU: ✓ (no splits)
[5976/19601] EWTX: ✓ (no splits)
[5977/19601] EWUS: ✓ (no splits)
[5978/19601] EWW: ✓ (no splits)
[5979/19601] EWV: ✓ (1 split(s))
[5980/19601] EWX: ✓ (no splits)
[5981/19601] EWY: ✓ (no splits)
[5982/19601] EWZ: ✓ (no splits)
[5983/19601] EWZS: ✓ (no splits)
[5984/19601] EXAI: ✓ (no splits)
[5985/19601] EXC: ✓ (no splits)
[5986/19601] EXAS: ✓ (no splits)
[5987/19601] EXCVV: ✓ (no splits)
[5988/19601] EXE: ✓ (no splits)
[5989/19601] EXD: ✓ (no splits)
[5990/19601] EXEEL: ✓ (no splits)
[5991/19601] EXEEW: ✓ (no splits)
[5992/19601] EXEEZ: ✓ (no splits)
[5993/19601] EXFY: ✓ (no splits)
[5994/19601] EXEL: ✓ (no splits)
[5995/19601] EXFO: ✓ (no splits)
[5996/19601] EXG: ✓ (no splits)
[5997/19601] EXI: ✓ (no splits)
[5998/19601] EXK: ✓ (no splits)
[5999/19601] EXLS: ✓ (1 split(s))
[6000/19601] EXOD: ✓ (no splits)
  → Checkpoint saved: 763 splits so far
[6001/19601] EXN: ✓ (no splits)
[6002/19601] EXOZ: ✓ (no splits)
[6003/19601] EXP: ✓ (no splits)
[6004/19601] EXPC: ✓ (no splits)
[6005/19601] EXPCU: ✓ (no splits)
[6006/19601] EXPCW: ✓ (no splits)
[6007/19601] EXPD: ✓ (no splits)
[6008/19601] EXPE: ✓ (no splits)
[6009/19601] EXPI: ✓ (1 split(s))
[6010/19601] EXPO: ✓ (no splits)
[6011/19601] EXPR: ✓ (1 split(s))
[6012/19601] EXR: ✓ (no splits)
[6013/19601] EXTN: ✓ (no splits)
[6014/19601] EXTO: ✓ (no splits)
[6015/19601] EXTOw: ✓ (no splits)
[6016/19601] EXTR: ✓ (no splits)
[6017/19601] EXUS: ✓ (no splits)
[6018/19601] EYE: ✓ (no splits)
[6019/19601] EYEG: ✓ (no splits)
[6020/19601] EYES: ✓ (no splits)
[6021/19601] EYEN: ✓ (1 split(s))
[6022/19601] EYESW: ✓ (no splits)
[6023/19601] EYLD: ✓ (no splits)
[6024/19601] EYPT: ✓ (1 split(s))
[6025/19601] EZA: ✓ (no splits)
[6026/19601] EZBC: ✓ (no splits)
[6027/19601] EZET: ✓ (no splits)
[6028/19601] EZFL: ✓ (2 split(s))
[6029/19601] EZM: ✓ (no splits)
[6030/19601] EZGO: ✓ (2 split(s))
[6031/19601] EZJ: ✓ (no splits)
[6032/19601] EZMO: ✓ (no splits)
[6033/19601] EZPW: ✓ (no splits)
[6034/19601] EZPZ: ✓ (no splits)
[6035/19601] EZRO: ✓ (no splits)
[6036/19601] EZU: ✓ (no splits)
[6037/19601] F: ✓ (no splits)
[6038/19601] FA: ✓ (no splits)
[6039/19601] FAAR: ✓ (no splits)
[6040/19601] FAAS: ✓ (no splits)
[6041/19601] FAASW: ✓ (no splits)
[6042/19601] FAB: ✓ (no splits)
[6043/19601] FACA: ✓ (no splits)
[6044/19601] FACA.U: ✓ (no splits)
[6045/19601] FACA.WS: ✓ (no splits)
[6046/19601] FACT: ✓ (no splits)
[6047/19601] FACT.U: ✓ (no splits)
[6048/19601] FACT.WS: ✓ (no splits)
[6049/19601] FACTU: ✓ (no splits)
[6050/19601] FACTW: ✓ (no splits)
[6051/19601] FAD: ✓ (no splits)
[6052/19601] FAF: ✓ (no splits)
[6053/19601] FAI: ✓ (no splits)
[6054/19601] FAII: ✓ (no splits)
[6055/19601] FAII.U: ✓ (no splits)
[6056/19601] FAIL: ✓ (no splits)
[6057/19601] FAII.WS: ✓ (no splits)
[6058/19601] FAM: ✓ (no splits)
[6059/19601] FALN: ✓ (no splits)
[6060/19601] FAMI: ✓ (3 split(s))
[6061/19601] FAN: ✓ (no splits)
[6062/19601] FANG: ✓ (no splits)
[6063/19601] FANH: ✓ (no splits)
[6064/19601] FAPR: ✓ (no splits)
[6065/19601] FARM: ✓ (no splits)
[6066/19601] FARO: ✓ (no splits)
[6067/19601] FARX: ✓ (no splits)
[6068/19601] FAS: ✓ (no splits)
[6069/19601] FAST: ✓ (1 split(s))
[6070/19601] FATAV: ✓ (no splits)
[6071/19601] FAT: ✓ (no splits)
[6072/19601] FATBB: ✓ (no splits)
[6073/19601] FATBV: ✓ (no splits)
[6074/19601] FATBW: ✓ (no splits)
[6075/19601] FATBP: ✓ (no splits)
[6076/19601] FATN: ✓ (no splits)
[6077/19601] FATH: ✓ (1 split(s))
[6078/19601] FATE: ✓ (no splits)
[6079/19601] FATH.WS: ✓ (no splits)
[6080/19601] FATP: ✓ (no splits)
[6081/19601] FATPW: ✓ (no splits)
[6082/19601] FATPU: ✓ (no splits)
[6083/19601] FATT: ✓ (no splits)
[6084/19601] FAUG: ✓ (no splits)
[6085/19601] FAX: ✓ (1 split(s))
[6086/19601] FAZ: ✓ (2 split(s))
[6087/19601] FAZE: ✓ (no splits)
[6088/19601] FB: ✓ (no splits)
[6089/19601] FAZEW: ✓ (no splits)
[6090/19601] FBC: ✓ (no splits)
[6091/19601] FBCG: ✓ (no splits)
[6092/19601] FBCV: ✓ (no splits)
[6093/19601] FBGL: ✓ (no splits)
[6094/19601] FBGX: ✓ (no splits)
[6095/19601] FBDC: ✓ (1 split(s))
[6096/19601] FBHS: ✓ (no splits)
[6097/19601] FBIN: ✓ (no splits)
[6098/19601] FBIO: ✓ (1 split(s))
[6099/19601] FBIOP: ✓ (no splits)
[6100/19601] FBIZ: ✓ (no splits)
[6101/19601] FBK: ✓ (no splits)
[6102/19601] FBLA: ✓ (no splits)
[6103/19601] FBL: ✓ (1 split(s))
[6104/19601] FBLG: ✓ (no splits)
[6105/19601] FBM: ✓ (no splits)
[6106/19601] FBMS: ✓ (no splits)
[6107/19601] FBNC: ✓ (no splits)
[6108/19601] FBOT: ✓ (no splits)
[6109/19601] FBND: ✓ (no splits)
[6110/19601] FBP: ✓ (no splits)
[6111/19601] FBRT: ✓ (no splits)
[6112/19601] FBRTpE: ✓ (no splits)
[6113/19601] FBRX: ✓ (1 split(s))
[6114/19601] FBSS: ✓ (no splits)
[6115/19601] FBT: ✓ (no splits)
[6116/19601] FBTC: ✓ (no splits)
[6117/19601] FBUF: ✓ (no splits)
[6118/19601] FBY: ✓ (no splits)
[6119/19601] FBYDP: ✓ (no splits)
[6120/19601] FBYD: ✓ (1 split(s))
[6121/19601] FBYDW: ✓ (no splits)
[6122/19601] FBZ: ✓ (no splits)
[6123/19601] FBYY: ✓ (no splits)
[6124/19601] FC: ✓ (no splits)
[6125/19601] FCA: ✓ (no splits)
[6126/19601] FCAC: ✓ (no splits)
[6127/19601] FCACU: ✓ (no splits)
[6128/19601] FCACW: ✓ (no splits)
[6129/19601] FCAL: ✓ (no splits)
[6130/19601] FCAP: ✓ (no splits)
[6131/19601] FCAU: ✓ (no splits)
[6132/19601] FCAX: ✓ (no splits)
[6133/19601] FCAX.U: ✓ (no splits)
[6134/19601] FCAX.WS: ✓ (no splits)
[6135/19601] FCBD: ✓ (no splits)
[6136/19601] FCBC: ✓ (no splits)
[6137/19601] FCBP: ✓ (no splits)
[6138/19601] FCCO: ✓ (no splits)
[6139/19601] FCEF: ✓ (no splits)
[6140/19601] FCCY: ✓ (no splits)
[6141/19601] FCEL: ✓ (1 split(s))
[6142/19601] FCFS: ✓ (no splits)
[6143/19601] FCF: ✓ (no splits)
[6144/19601] FCFY: ✓ (no splits)
[6145/19601] FCG: ✓ (no splits)
[6146/19601] FCHL: ✓ (no splits)
[6147/19601] FCLD: ✓ (no splits)
[6148/19601] FCN: ✓ (no splits)
[6149/19601] FCNCA: ✓ (no splits)
[6150/19601] FCNCO: ✓ (no splits)
[6151/19601] FCNCP: ✓ (no splits)
[6152/19601] FCO: ✓ (no splits)
[6153/19601] FCOM: ✓ (no splits)
[6154/19601] FCOR: ✓ (no splits)
[6155/19601] FCPT: ✓ (no splits)
[6156/19601] FCPI: ✓ (no splits)
[6157/19601] FCRD: ✓ (no splits)
[6158/19601] FCRS: ✓ (no splits)
[6159/19601] FCRS.WS: ✓ (no splits)
[6160/19601] FCRS.U: ✓ (no splits)
[6161/19601] FCRW: ✓ (no splits)
[6162/19601] FCRX: ✓ (no splits)
[6163/19601] FCSH: ✓ (no splits)
[6164/19601] FCRZ: ✓ (no splits)
[6165/19601] FCT: ✓ (no splits)
[6166/19601] FCTE: ✓ (no splits)
[6167/19601] FCTR: ✓ (no splits)
[6168/19601] FCUS: ✓ (no splits)
[6169/19601] FCUV: ✓ (2 split(s))
[6170/19601] FCVT: ✓ (no splits)
[6171/19601] FCX: ✓ (no splits)
[6172/19601] FDAT: ✓ (no splits)
[6173/19601] FDBC: ✓ (no splits)
[6174/19601] FDCE: ✓ (no splits)
[6175/19601] FDCF: ✓ (no splits)
[6176/19601] FDD: ✓ (no splits)
[6177/19601] FDEM: ✓ (no splits)
[6178/19601] FDEC: ✓ (no splits)
[6179/19601] FDEU: ✓ (no splits)
[6180/19601] FDEV: ✓ (no splits)
[6181/19601] FDFF: ✓ (no splits)
[6182/19601] FDG: ✓ (no splits)
[6183/19601] FDGR: ✓ (no splits)
[6184/19601] FDHT: ✓ (no splits)
[6185/19601] FDHY: ✓ (no splits)
[6186/19601] FDIF: ✓ (no splits)
[6187/19601] FDIG: ✓ (no splits)
[6188/19601] FDIS: ✓ (no splits)
[6189/19601] FDIV: ✓ (no splits)
[6190/19601] FDL: ✓ (no splits)
[6191/19601] FDLO: ✓ (no splits)
[6192/19601] FDLS: ✓ (no splits)
[6193/19601] FDM: ✓ (no splits)
[6194/19601] FDMO: ✓ (no splits)
[6195/19601] FDMT: ✓ (no splits)
[6196/19601] FDN: ✓ (no splits)
[6197/19601] FDND: ✓ (no splits)
[6198/19601] FDNI: ✓ (no splits)
[6199/19601] FDRR: ✓ (no splits)
[6200/19601] FDP: ✓ (no splits)
[6201/19601] FDRV: ✓ (no splits)
[6202/19601] FDS: ✓ (no splits)
[6203/19601] FDSB: ✓ (no splits)
[6204/19601] FDT: ✓ (no splits)
[6205/19601] FDTB: ✓ (no splits)
[6206/19601] FDTS: ✓ (no splits)
[6207/19601] FDTX: ✓ (no splits)
[6208/19601] FDUS: ✓ (no splits)
[6209/19601] FDUSG: ✓ (no splits)
[6210/19601] FDUSL: ✓ (no splits)
[6211/19601] FDUSZ: ✓ (no splits)
[6212/19601] FDV: ✓ (no splits)
[6213/19601] FDVL: ✓ (no splits)
[6214/19601] FDVV: ✓ (no splits)
[6215/19601] FDWM: ✓ (no splits)
[6216/19601] FDX: ✓ (no splits)
[6217/19601] FE: ✓ (no splits)
[6218/19601] FEAC: ✓ (no splits)
[6219/19601] FEAC.U: ✓ (no splits)
[6220/19601] FEAC.WS: ✓ (no splits)
[6221/19601] FEAT: ✓ (no splits)
[6222/19601] FEAM: ✓ (1 split(s))
[6223/19601] FEBO: ✓ (no splits)
[6224/19601] FEBM: ✓ (no splits)
[6225/19601] FEBT: ✓ (no splits)
[6226/19601] FEBP: ✓ (no splits)
[6227/19601] FEBU: ✓ (no splits)
[6228/19601] FEBW: ✓ (no splits)
[6229/19601] FEBZ: ✓ (no splits)
[6230/19601] FEDL: ✓ (no splits)
[6231/19601] FEDM: ✓ (no splits)
[6232/19601] FEDU: ✓ (1 split(s))
[6233/19601] FEDX: ✓ (no splits)
[6234/19601] FEEM: ✓ (no splits)
[6235/19601] FEGE: ✓ (no splits)
[6236/19601] FEHY: ✓ (no splits)
[6237/19601] FEI: ✓ (no splits)
[6238/19601] FEIG: ✓ (no splits)
[6239/19601] FELC: ✓ (no splits)
[6240/19601] FEIM: ✓ (no splits)
[6241/19601] FELE: ✓ (no splits)
[6242/19601] FELG: ✓ (no splits)
[6243/19601] FEM: ✓ (no splits)
[6244/19601] FELV: ✓ (no splits)
[6245/19601] FEMA: ✓ (no splits)
[6246/19601] FEMB: ✓ (no splits)
[6247/19601] FEMR: ✓ (no splits)
[6248/19601] FEMS: ✓ (no splits)
[6249/19601] FEMY: ✓ (no splits)
[6250/19601] FEN: ✓ (no splits)
[6251/19601] FENC: ✓ (no splits)
[6252/19601] FENG: ✓ (1 split(s))
[6253/19601] FENY: ✓ (no splits)
[6254/19601] FENI: ✓ (no splits)
[6255/19601] FEO: ✓ (no splits)
[6256/19601] FEP: ✓ (no splits)
[6257/19601] FEOE: ✓ (no splits)
[6258/19601] FEPI: ✓ (no splits)
[6259/19601] FERA: ✓ (no splits)
[6260/19601] FER: ✓ (no splits)
[6261/19601] FERAR: ✓ (no splits)
[6262/19601] FERAU: ✓ (no splits)
[6263/19601] FERG: ✓ (no splits)
[6264/19601] FESM: ✓ (no splits)
[6265/19601] FET: ✓ (no splits)
[6266/19601] FETH: ✓ (no splits)
[6267/19601] FEUL: ✓ (no splits)
[6268/19601] FEUS: ✓ (no splits)
[6269/19601] FEUZ: ✓ (no splits)
[6270/19601] FEVR: ✓ (no splits)
[6271/19601] FEX: ✓ (no splits)
[6272/19601] FEXD: ✓ (no splits)
[6273/19601] FEXDR: ✓ (no splits)
[6274/19601] FEXDU: ✓ (no splits)
[6275/19601] FEXDW: ✓ (no splits)
[6276/19601] FEZ: ✓ (no splits)
[6277/19601] FEYE: ✓ (no splits)
[6278/19601] FF: ✓ (no splits)
[6279/19601] FFAI: ✓ (no splits)
[6280/19601] FFAIW: ✓ (no splits)
[6281/19601] FFA: ✓ (no splits)
[6282/19601] FFC: ✓ (no splits)
[6283/19601] FFBW: ✓ (no splits)
[6284/19601] FFBC: ✓ (no splits)
[6285/19601] FFDI: ✓ (no splits)
[6286/19601] FFEB: ✓ (no splits)
[6287/19601] FFEM: ✓ (no splits)
[6288/19601] FFEU: ✓ (no splits)
[6289/19601] FFG: ✓ (no splits)
[6290/19601] FFGX: ✓ (no splits)
[6291/19601] FFHG: ✓ (no splits)
[6292/19601] FFHL: ✓ (no splits)
[6293/19601] FFIC: ✓ (no splits)
[6294/19601] FFIE: ✓ (3 split(s))
[6295/19601] FFIEW: ✓ (no splits)
[6296/19601] FFIV: ✓ (no splits)
[6297/19601] FFIN: ✓ (no splits)
[6298/19601] FFIU: ✓ (no splits)
[6299/19601] FFLC: ✓ (no splits)
[6300/19601] FFLS: ✓ (no splits)
[6301/19601] FFLG: ✓ (no splits)
[6302/19601] FFNW: ✓ (no splits)
[6303/19601] FFND: ✓ (no splits)
[6304/19601] FFLV: ✓ (no splits)
[6305/19601] FFOG: ✓ (no splits)
[6306/19601] FFOX: ✓ (no splits)
[6307/19601] FFR: ✓ (no splits)
[6308/19601] FFSG: ✓ (no splits)
[6309/19601] FFSM: ✓ (no splits)
[6310/19601] FFTI: ✓ (no splits)
[6311/19601] FFTG: ✓ (no splits)
[6312/19601] FFTY: ✓ (no splits)
[6313/19601] FFUT: ✓ (no splits)
[6314/19601] FG: ✓ (no splits)
[6315/19601] FFWM: ✓ (no splits)
[6316/19601] FGB: ✓ (no splits)
[6317/19601] FGBIP: ✓ (no splits)
[6318/19601] FGBI: ✓ (1 split(s))
[6319/19601] FGD: ✓ (no splits)
[6320/19601] FGEN: ✓ (1 split(s))
[6321/19601] FGDL: ✓ (no splits)
[6322/19601] FGFPP: ✓ (no splits)
[6323/19601] FGH: ✓ (no splits)
[6324/19601] FGF: ✓ (1 split(s))
[6325/19601] FGI: ✓ (1 split(s))
[6326/19601] FGIWW: ✓ (no splits)
[6327/19601] FGL: ✓ (no splits)
[6328/19601] FGLD: ✓ (no splits)
[6329/19601] FGMCR: ✓ (no splits)
[6330/19601] FGMC: ✓ (no splits)
[6331/19601] FGM: ✓ (no splits)
[6332/19601] FGMCU: ✓ (no splits)
[6333/19601] FGMCW: ✓ (no splits)
[6334/19601] FGNA: ✓ (no splits)
[6335/19601] FGN: ✓ (no splits)
[6336/19601] FGNA.U: ✓ (no splits)
[6337/19601] FGNA.WS: ✓ (no splits)
[6338/19601] FGNX: ✓ (1 split(s))
[6339/19601] FGNXP: ✓ (no splits)
[6340/19601] FGRO: ✓ (no splits)
[6341/19601] FGSI: ✓ (no splits)
[6342/19601] FGSM: ✓ (no splits)
[6343/19601] FGSN: ✓ (no splits)
[6344/19601] FGw: ✓ (no splits)
[6345/19601] FHDG: ✓ (no splits)
[6346/19601] FHEQ: ✓ (no splits)
[6347/19601] FHB: ✓ (no splits)
[6348/19601] FHI: ✓ (no splits)
[6349/19601] FHLT: ✓ (no splits)
[6350/19601] FHLTU: ✓ (no splits)
[6351/19601] FHLTW: ✓ (no splits)
[6352/19601] FHLC: ✓ (no splits)
[6353/19601] FHN: ✓ (no splits)
[6354/19601] FHNpA: ✓ (no splits)
[6355/19601] FHNpB: ✓ (no splits)
[6356/19601] FHNpC: ✓ (no splits)
[6357/19601] FHNpE: ✓ (no splits)
[6358/19601] FHNpD: ✓ (no splits)
[6359/19601] FHNpF: ✓ (no splits)
[6360/19601] FHS: ✓ (no splits)
[6361/19601] FHTX: ✓ (no splits)
[6362/19601] FHYS: ✓ (no splits)
[6363/19601] FIAC: ✓ (no splits)
[6364/19601] FI: ✓ (1 split(s))
[6365/19601] FIACU: ✓ (no splits)
[6366/19601] FIAT: ✓ (1 split(s))
[6367/19601] FIACW: ✓ (no splits)
[6368/19601] FIAX: ✓ (no splits)
[6369/19601] FIBK: ✓ (no splits)
[6370/19601] FICS: ✓ (no splits)
[6371/19601] FIBR: ✓ (no splits)
[6372/19601] FICO: ✓ (no splits)
[6373/19601] FICV: ✓ (no splits)
[6374/19601] FICVU: ✓ (no splits)
[6375/19601] FICVW: ✓ (no splits)
[6376/19601] FID: ✓ (no splits)
[6377/19601] FIDI: ✓ (no splits)
[6378/19601] FIDU: ✓ (no splits)
[6379/19601] FIEE: ✓ (no splits)
[6380/19601] FIG: ✓ (no splits)
[6381/19601] FIF: ✓ (no splits)
[6382/19601] FIGB: ✓ (no splits)
[6383/19601] FIGR: ✓ (no splits)
[6384/19601] FIGG: ✓ (no splits)
[6385/19601] FIGXU: ✓ (no splits)
[6386/19601] FIGX: ✓ (no splits)
[6387/19601] FIGS: ✓ (no splits)
[6388/19601] FIGXW: ✓ (no splits)
[6389/19601] FIHD: ✓ (no splits)
[6390/19601] FIIG: ✓ (no splits)
[6391/19601] FIII: ✓ (no splits)
[6392/19601] FIHL: ✓ (no splits)
[6393/19601] FIIIU: ✓ (no splits)
[6394/19601] FILL: ✓ (no splits)
[6395/19601] FIIIW: ✓ (no splits)
[6396/19601] FINE: ✓ (no splits)
[6397/19601] FINM: ✓ (no splits)
[6398/19601] FINMU: ✓ (no splits)
[6399/19601] FINMW: ✓ (no splits)
[6400/19601] FINS: ✓ (no splits)
[6401/19601] FINSr: ✓ (no splits)
[6402/19601] FINSrw: ✓ (no splits)
[6403/19601] FINT: ✓ (no splits)
[6404/19601] FINV: ✓ (no splits)
[6405/19601] FINW: ✓ (no splits)
[6406/19601] FIPWV: ✓ (no splits)
[6407/19601] FIP: ✓ (no splits)
[6408/19601] FINX: ✓ (no splits)
[6409/19601] FIRI: ✓ (no splits)
[6410/19601] FIS: ✓ (no splits)
[6411/19601] FISI: ✓ (no splits)
[6412/19601] FIRS: ✓ (no splits)
[6413/19601] FISR: ✓ (no splits)
[6414/19601] FISV: ✓ (no splits)
[6415/19601] FISK: ✓ (no splits)
[6416/19601] FIT: ✓ (no splits)
[6417/19601] FITB: ✓ (no splits)
[6418/19601] FITBI: ✓ (no splits)
[6419/19601] FITBP: ✓ (no splits)
[6420/19601] FITE: ✓ (no splits)
[6421/19601] FITBO: ✓ (no splits)
[6422/19601] FIV: ✓ (no splits)
[6423/19601] FIVA: ✓ (no splits)
[6424/19601] FIVE: ✓ (no splits)
[6425/19601] FIVG: ✓ (no splits)
[6426/19601] FIVR: ✓ (no splits)
[6427/19601] FIVN: ✓ (no splits)
[6428/19601] FIVY: ✓ (no splits)
[6429/19601] FIW: ✓ (no splits)
[6430/19601] FIX: ✓ (no splits)
[6431/19601] FIXD: ✓ (no splits)
[6432/19601] FIXP: ✓ (no splits)
[6433/19601] FIXT: ✓ (no splits)
[6434/19601] FIYY: ✓ (no splits)
[6435/19601] FIXX: ✓ (3 split(s))
[6436/19601] FJAN: ✓ (no splits)
[6437/19601] FJP: ✓ (no splits)
[6438/19601] FJUN: ✓ (no splits)
[6439/19601] FKWL: ✓ (no splits)
[6440/19601] FL: ✓ (no splits)
[6441/19601] FLAC: ✓ (no splits)
[6442/19601] FLACU: ✓ (no splits)
[6443/19601] FLACW: ✓ (no splits)
[6444/19601] FLAG: ✓ (no splits)
[6445/19601] FLAG.U: ✓ (no splits)
[6446/19601] FLAU: ✓ (no splits)
[6447/19601] FLAO: ✓ (no splits)
[6448/19601] FLAX: ✓ (no splits)
[6449/19601] FJUL: ✓ (no splits)
[6450/19601] FLAG.WS: ✓ (no splits)
[6451/19601] FKU: ✓ (no splits)
[6452/19601] FJNK: ✓ (no splits)
[6453/19601] FLBL: ✓ (no splits)
[6454/19601] FLBR: ✓ (no splits)
[6455/19601] FIZZ: ✓ (1 split(s))
[6456/19601] FLC: ✓ (no splits)
[6457/19601] FLCA: ✓ (no splits)
[6458/19601] FLCB: ✓ (no splits)
[6459/19601] FLCC: ✓ (no splits)
[6460/19601] FLCE: ✓ (no splits)
[6461/19601] FLCG: ✓ (no splits)
[6462/19601] FLCH: ✓ (no splits)
[6463/19601] FLCO: ✓ (no splits)
[6464/19601] FLCV: ✓ (no splits)
[6465/19601] FLD: ✓ (no splits)
[6466/19601] FLDB: ✓ (no splits)
[6467/19601] FLDD: ✓ (no splits)
[6468/19601] FLDDU: ✓ (no splits)
[6469/19601] FLDR: ✓ (no splits)
[6470/19601] FLDM: ✓ (no splits)
[6471/19601] FLEH: ✓ (no splits)
[6472/19601] FLEE: ✓ (no splits)
[6473/19601] FLDZ: ✓ (no splits)
[6474/19601] FLEU: ✓ (no splits)
[6475/19601] FLDDW: ✓ (no splits)
[6476/19601] FLEX: ✓ (no splits)
[6477/19601] FLFR: ✓ (no splits)
[6478/19601] FLFV: ✓ (no splits)
[6479/19601] FLFVR: ✓ (no splits)
[6480/19601] FLFVU: ✓ (no splits)
[6481/19601] FLFVW: ✓ (no splits)
[6482/19601] FLG: ✓ (no splits)
[6483/19601] FLGB: ✓ (no splits)
[6484/19601] FLGC: ✓ (2 split(s))
[6485/19601] FLGE: ✓ (no splits)
[6486/19601] FLGR: ✓ (no splits)
[6487/19601] FLGT: ✓ (no splits)
[6488/19601] FLGpA: ✓ (no splits)
[6489/19601] FLGV: ✓ (no splits)
[6490/19601] FLGpU: ✓ (no splits)
[6491/19601] FLHK: ✓ (no splits)
[6492/19601] FLIC: ✓ (no splits)
[6493/19601] FLIA: ✓ (no splits)
[6494/19601] FLHY: ✓ (no splits)
[6495/19601] FLIN: ✓ (no splits)
[6496/19601] FLIR: ✓ (no splits)
[6497/19601] FLIY: ✓ (no splits)
[6498/19601] FLJ: ✓ (2 split(s))
[6499/19601] FLJP: ✓ (no splits)
[6500/19601] FLJH: ✓ (no splits)
  → Checkpoint saved: 808 splits so far
[6501/19601] FLJJ: ✓ (no splits)
[6502/19601] FLKR: ✓ (no splits)
[6503/19601] FLL: ✓ (no splits)
[6504/19601] FLLA: ✓ (no splits)
[6505/19601] FLLV: ✓ (no splits)
[6506/19601] FLM: ✓ (no splits)
[6507/19601] FLMB: ✓ (no splits)
[6508/19601] FLME: ✓ (no splits)
[6509/19601] FLME.U: ✓ (no splits)
[6510/19601] FLME.WS: ✓ (no splits)
[6511/19601] FLMI: ✓ (no splits)
[6512/19601] FLMN: ✓ (1 split(s))
[6513/19601] FLMX: ✓ (no splits)
[6514/19601] FLMNW: ✓ (no splits)
[6515/19601] FLN: ✓ (no splits)
[6516/19601] FLNC: ✓ (no splits)
[6517/19601] FLOC: ✓ (no splits)
[6518/19601] FLNG: ✓ (no splits)
[6519/19601] FLO: ✓ (no splits)
[6520/19601] FLNT: ✓ (1 split(s))
[6521/19601] FLOT: ✓ (no splits)
[6522/19601] FLOW: ✓ (no splits)
[6523/19601] FLQE: ✓ (no splits)
[6524/19601] FLQD: ✓ (no splits)
[6525/19601] FLQG: ✓ (no splits)
[6526/19601] FLQL: ✓ (no splits)
[6527/19601] FLQH: ✓ (no splits)
[6528/19601] FLQM: ✓ (no splits)
[6529/19601] FLR: ✓ (no splits)
[6530/19601] FLQS: ✓ (no splits)
[6531/19601] FLRG: ✓ (no splits)
[6532/19601] FLRN: ✓ (no splits)
[6533/19601] FLRT: ✓ (no splits)
[6534/19601] FLRU: ✓ (no splits)
[6535/19601] FLS: ✓ (no splits)
[6536/19601] FLSA: ✓ (no splits)
[6537/19601] FLSP: ✓ (no splits)
[6538/19601] FLSW: ✓ (no splits)
[6539/19601] FLTN: ✓ (no splits)
[6540/19601] FLT: ✓ (no splits)
[6541/19601] FLTW: ✓ (no splits)
[6542/19601] FLTB: ✓ (no splits)
[6543/19601] FLTR: ✓ (no splits)
[6544/19601] FLUT: ✓ (no splits)
[6545/19601] FLUD: ✓ (no splits)
[6546/19601] FLUX: ✓ (no splits)
[6547/19601] FLV: ✓ (no splits)
[6548/19601] FLWS: ✓ (no splits)
[6549/19601] FLX: ✓ (no splits)
[6550/19601] FLXN: ✓ (no splits)
[6551/19601] FLXR: ✓ (no splits)
[6552/19601] FLXS: ✓ (no splits)
[6553/19601] FLY: ✓ (no splits)
[6554/19601] FLYA: ✓ (no splits)
[6555/19601] FLYA.U: ✓ (no splits)
[6556/19601] FLYA.WS: ✓ (no splits)
[6557/19601] FLYD: ✓ (1 split(s))
[6558/19601] FLYE: ✓ (2 split(s))
[6559/19601] FLYU: ✓ (no splits)
[6560/19601] FLYT: ✓ (no splits)
[6561/19601] FLYW: ✓ (no splits)
[6562/19601] FLYX: ✓ (no splits)
[6563/19601] FLYX.WS: ✓ (no splits)
[6564/19601] FMAC: ✓ (no splits)
[6565/19601] FLYY: ✓ (no splits)
[6566/19601] FM: ✓ (no splits)
[6567/19601] FLZA: ✓ (no splits)
[6568/19601] FMAC.U: ✓ (no splits)
[6569/19601] FMAC.WS: ✓ (no splits)
[6570/19601] FMAG: ✓ (no splits)
[6571/19601] FMAO: ✓ (no splits)
[6572/19601] FMAR: ✓ (no splits)
[6573/19601] FMAT: ✓ (no splits)
[6574/19601] FMB: ✓ (no splits)
[6575/19601] FMAY: ✓ (no splits)
[6576/19601] FMBH: ✓ (no splits)
[6577/19601] FMBI: ✓ (no splits)
[6578/19601] FMBIO: ✓ (no splits)
[6579/19601] FMBIP: ✓ (no splits)
[6580/19601] FMC: ✓ (no splits)
[6581/19601] FMCX: ✓ (no splits)
[6582/19601] FMCE: ✓ (no splits)
[6583/19601] FMED: ✓ (no splits)
[6584/19601] FMET: ✓ (no splits)
[6585/19601] FMDE: ✓ (no splits)
[6586/19601] FMF: ✓ (no splits)
[6587/19601] FMFC: ✓ (no splits)
[6588/19601] FMHI: ✓ (no splits)
[6589/19601] FMIL: ✓ (no splits)
[6590/19601] FMIV: ✓ (no splits)
[6591/19601] FMIVU: ✓ (no splits)
[6592/19601] FMIVW: ✓ (no splits)
[6593/19601] FMK: ✓ (no splits)
[6594/19601] FMKT: ✓ (no splits)
[6595/19601] FMN: ✓ (no splits)
[6596/19601] FMNB: ✓ (no splits)
[6597/19601] FMNY: ✓ (no splits)
[6598/19601] FMO: ✓ (no splits)
[6599/19601] FMQQ: ✓ (no splits)
[6600/19601] FMS: ✓ (no splits)
[6601/19601] FMSTW: ✓ (no splits)
[6602/19601] FMST: ✓ (1 split(s))
[6603/19601] FMTL: ✓ (no splits)
[6604/19601] FMTM: ✓ (no splits)
[6605/19601] FMTX: ✓ (no splits)
[6606/19601] FMUB: ✓ (no splits)
[6607/19601] FMTO: ✓ (1 split(s))
[6608/19601] FMUN: ✓ (no splits)
[6609/19601] FMX: ✓ (no splits)
[6610/19601] FMY: ✓ (no splits)
[6611/19601] FN: ✓ (no splits)
[6612/19601] FNA: ✓ (no splits)
[6613/19601] FNB: ✓ (no splits)
[6614/19601] FNCB: ✓ (no splits)
[6615/19601] FNBpE: ✓ (no splits)
[6616/19601] FNCH: ✓ (1 split(s))
[6617/19601] FNCL: ✓ (no splits)
[6618/19601] FND: ✓ (no splits)
[6619/19601] FNDA: ✓ (1 split(s))
[6620/19601] FNDB: ✓ (1 split(s))
[6621/19601] FNDC: ✓ (no splits)
[6622/19601] FNDE: ✓ (no splits)
[6623/19601] FNDF: ✓ (no splits)
[6624/19601] FNDX: ✓ (1 split(s))
[6625/19601] FNGR: ✓ (no splits)
[6626/19601] FNF: ✓ (no splits)
[6627/19601] FNGA: ✓ (no splits)
[6628/19601] FNGB: ✓ (no splits)
[6629/19601] FNGG: ✓ (1 split(s))
[6630/19601] FNGD: ✓ (2 split(s))
[6631/19601] FNGO: ✓ (1 split(s))
[6632/19601] FNGS: ✓ (1 split(s))
[6633/19601] FNGU: ✓ (2 split(s))
[6634/19601] FNGZ: ✓ (no splits)
[6635/19601] FNHC: ✓ (no splits)
[6636/19601] FNI: ✓ (no splits)
[6637/19601] FNK: ✓ (no splits)
[6638/19601] FNKO: ✓ (no splits)
[6639/19601] FNLC: ✓ (no splits)
[6640/19601] FNOV: ✓ (no splits)
[6641/19601] FNTC: ✓ (no splits)
[6642/19601] FNV: ✓ (no splits)
[6643/19601] FNVT: ✓ (no splits)
[6644/19601] FNVTU: ✓ (no splits)
[6645/19601] FNWB: ✓ (no splits)
[6646/19601] FNWD: ✓ (no splits)
[6647/19601] FNVTW: ✓ (no splits)
[6648/19601] FNY: ✓ (no splits)
[6649/19601] FNX: ✓ (no splits)
[6650/19601] FOA.WS: ✓ (no splits)
[6651/19601] FOA: ✓ (1 split(s))
[6652/19601] FOCS: ✓ (no splits)
[6653/19601] FOCT: ✓ (no splits)
[6654/19601] FOF: ✓ (no splits)
[6655/19601] FOFO: ✓ (no splits)
[6656/19601] FOLD: ✓ (no splits)
[6657/19601] FOE: ✓ (no splits)
[6658/19601] FOMO: ✓ (no splits)
[6659/19601] FONR: ✓ (no splits)
[6660/19601] FOPC: ✓ (no splits)
[6661/19601] FOR: ✓ (no splits)
[6662/19601] FORA: ✓ (no splits)
[6663/19601] FORD: ✓ (1 split(s))
[6664/19601] FORE: ✓ (no splits)
[6665/19601] FOREU: ✓ (no splits)
[6666/19601] FOREW: ✓ (no splits)
[6667/19601] FORG: ✓ (no splits)
[6668/19601] FORH: ✓ (no splits)
[6669/19601] FORL: ✓ (no splits)
[6670/19601] FORLU: ✓ (no splits)
[6671/19601] FORLW: ✓ (no splits)
[6672/19601] FORM: ✓ (no splits)
[6673/19601] FORR: ✓ (no splits)
[6674/19601] FOSLL: ✓ (no splits)
[6675/19601] FOUNU: ✓ (no splits)
[6676/19601] FOUNW: ✓ (no splits)
[6677/19601] FOSL: ✓ (no splits)
[6678/19601] FORTY: ✓ (no splits)
[6679/19601] FOUN: ✓ (no splits)
[6680/19601] FOUR: ✓ (no splits)
[6681/19601] FOURpA: ✓ (no splits)
[6682/19601] FOVL: ✓ (no splits)
[6683/19601] FOWF: ✓ (no splits)
[6684/19601] FOX: ✓ (no splits)
[6685/19601] FOXA: ✓ (no splits)
[6686/19601] FOXF: ✓ (no splits)
[6687/19601] FOXO: ✓ (3 split(s))
[6688/19601] FOXO.WS: ✓ (no splits)
[6689/19601] FOXW: ✓ (no splits)
[6690/19601] FOXWU: ✓ (no splits)
[6691/19601] FOXX: ✓ (no splits)
[6692/19601] FOXWW: ✓ (no splits)
[6693/19601] FOXXW: ✓ (no splits)
[6694/19601] FOXY: ✓ (no splits)
[6695/19601] FPA: ✓ (no splits)
[6696/19601] FPAC: ✓ (no splits)
[6697/19601] FPAS: ✓ (no splits)
[6698/19601] FPAC.U: ✓ (no splits)
[6699/19601] FPAC.WS: ✓ (no splits)
[6700/19601] FPAG: ✓ (no splits)
[6701/19601] FPAY: ✓ (no splits)
[6702/19601] FPE: ✓ (no splits)
[6703/19601] FPEI: ✓ (no splits)
[6704/19601] FPF: ✓ (no splits)
[6705/19601] FPFD: ✓ (no splits)
[6706/19601] FPH: ✓ (no splits)
[6707/19601] FPI: ✓ (no splits)
[6708/19601] FPIpB: ✓ (no splits)
[6709/19601] FPL: ✓ (no splits)
[6710/19601] FPRO: ✓ (no splits)
[6711/19601] FPWR: ✓ (no splits)
[6712/19601] FPRX: ✓ (no splits)
[6713/19601] FPX: ✓ (no splits)
[6714/19601] FPXI: ✓ (no splits)
[6715/19601] FPXE: ✓ (no splits)
[6716/19601] FQAL: ✓ (no splits)
[6717/19601] FRAK: ✓ (no splits)
[6718/19601] FRA: ✓ (no splits)
[6719/19601] FRAF: ✓ (no splits)
[6720/19601] FRAN: ✓ (no splits)
[6721/19601] FR: ✓ (no splits)
[6722/19601] FRBK: ✓ (no splits)
[6723/19601] FRBA: ✓ (no splits)
[6724/19601] FRBN: ✓ (no splits)
[6725/19601] FRBNU: ✓ (no splits)
[6726/19601] FRBNW: ✓ (no splits)
[6727/19601] FRC: ✓ (no splits)
[6728/19601] FRCpG: ✓ (no splits)
[6729/19601] FRCpH: ✓ (no splits)
[6730/19601] FRCpJ: ✓ (no splits)
[6731/19601] FRCpI: ✓ (no splits)
[6732/19601] FRCpK: ✓ (no splits)
[6733/19601] FRCpL: ✓ (no splits)
[6734/19601] FRCpM: ✓ (no splits)
[6735/19601] FRCpN: ✓ (no splits)
[6736/19601] FRD: ✓ (no splits)
[6737/19601] FRDD: ✓ (no splits)
[6738/19601] FRDM: ✓ (no splits)
[6739/19601] FREEW: ✓ (no splits)
[6740/19601] FRDU: ✓ (no splits)
[6741/19601] FREE: ✓ (no splits)
[6742/19601] FREL: ✓ (no splits)
[6743/19601] FRES: ✓ (2 split(s))
[6744/19601] FREQ: ✓ (1 split(s))
[6745/19601] FREY: ✓ (no splits)
[6746/19601] FREY.WS: ✓ (no splits)
[6747/19601] FRG: ✓ (no splits)
[6748/19601] FRGAP: ✓ (no splits)
[6749/19601] FRGE: ✓ (1 split(s))
[6750/19601] FRGI: ✓ (no splits)
[6751/19601] FRGE.WS: ✓ (no splits)
[6752/19601] FRGN: ✓ (no splits)
[6753/19601] FRGT: ✓ (5 split(s))
[6754/19601] FRHC: ✓ (no splits)
[6755/19601] FRI: ✓ (no splits)
[6756/19601] FRIZ: ✓ (no splits)
[6757/19601] FRLA: ✓ (no splits)
[6758/19601] FRLAU: ✓ (no splits)
[6759/19601] FRLAW: ✓ (no splits)
[6760/19601] FRLG: ✓ (no splits)
[6761/19601] FRME: ✓ (no splits)
[6762/19601] FRMI: ✓ (no splits)
[6763/19601] FRMEP: ✓ (no splits)
[6764/19601] FRNW: ✓ (no splits)
[6765/19601] FRLN: ✓ (1 split(s))
[6766/19601] FRO: ✓ (no splits)
[6767/19601] FROG: ✓ (no splits)
[6768/19601] FRON: ✓ (no splits)
[6769/19601] FRONU: ✓ (no splits)
[6770/19601] FRPH: ✓ (1 split(s))
[6771/19601] FRONW: ✓ (no splits)
[6772/19601] FRPT: ✓ (no splits)
[6773/19601] FRSG: ✓ (no splits)
[6774/19601] FRSGW: ✓ (no splits)
[6775/19601] FRSGU: ✓ (no splits)
[6776/19601] FRSH: ✓ (no splits)
[6777/19601] FRST: ✓ (no splits)
[6778/19601] FRT: ✓ (no splits)
[6779/19601] FRSX: ✓ (2 split(s))
[6780/19601] FRTA: ✓ (no splits)
[6781/19601] FRTX: ✓ (1 split(s))
[6782/19601] FRWAU: ✓ (no splits)
[6783/19601] FRTpC: ✓ (no splits)
[6784/19601] FRTY: ✓ (no splits)
[6785/19601] FRWAW: ✓ (no splits)
[6786/19601] FRW: ✓ (no splits)
[6787/19601] FRX: ✓ (no splits)
[6788/19601] FRX.U: ✓ (no splits)
[6789/19601] FRX.WS: ✓ (no splits)
[6790/19601] FRXB.U: ✓ (no splits)
[6791/19601] FRXB: ✓ (no splits)
[6792/19601] FRXB.WS: ✓ (no splits)
[6793/19601] FRZA: ✓ (no splits)
[6794/19601] FSBD: ✓ (no splits)
[6795/19601] FSBC: ✓ (no splits)
[6796/19601] FSBW: ✓ (1 split(s))
[6797/19601] FSCC: ✓ (no splits)
[6798/19601] FSCO: ✓ (no splits)
[6799/19601] FSCS: ✓ (no splits)
[6800/19601] FSD: ✓ (no splits)
[6801/19601] FSDC: ✓ (no splits)
[6802/19601] FSEC: ✓ (no splits)
[6803/19601] FSEA: ✓ (no splits)
[6804/19601] FSEP: ✓ (no splits)
[6805/19601] FSGS: ✓ (no splits)
[6806/19601] FSHPR: ✓ (no splits)
[6807/19601] FSHP: ✓ (no splits)
[6808/19601] FSFG: ✓ (1 split(s))
[6809/19601] FSHPU: ✓ (no splits)
[6810/19601] FSI: ✓ (no splits)
[6811/19601] FSIG: ✓ (no splits)
[6812/19601] FSII: ✓ (no splits)
[6813/19601] FSK: ✓ (no splits)
[6814/19601] FSLF: ✓ (no splits)
[6815/19601] FSLD: ✓ (no splits)
[6816/19601] FSKR: ✓ (no splits)
[6817/19601] FSLR: ✓ (no splits)
[6818/19601] FSM: ✓ (no splits)
[6819/19601] FSLY: ✓ (no splits)
[6820/19601] FSMB: ✓ (no splits)
[6821/19601] FSMD: ✓ (no splits)
[6822/19601] FSMO: ✓ (no splits)
[6823/19601] FSNB: ✓ (no splits)
[6824/19601] FSNB.U: ✓ (no splits)
[6825/19601] FSR.WS: ✓ (no splits)
[6826/19601] FSOL: ✓ (no splits)
[6827/19601] FSNB.WS: ✓ (no splits)
[6828/19601] FSR: ✓ (no splits)
[6829/19601] FSP: ✓ (no splits)
[6830/19601] FSRD: ✓ (no splits)
[6831/19601] FSRVU: ✓ (no splits)
[6832/19601] FSRV: ✓ (no splits)
[6833/19601] FSRDW: ✓ (no splits)
[6834/19601] FSRX: ✓ (no splits)
[6835/19601] FSRVW: ✓ (no splits)
[6836/19601] FSRXU: ✓ (no splits)
[6837/19601] FSRXW: ✓ (no splits)
[6838/19601] FSSI: ✓ (no splits)
[6839/19601] FSS: ✓ (no splits)
[6840/19601] FSSIU: ✓ (no splits)
[6841/19601] FSSIW: ✓ (no splits)
[6842/19601] FSST: ✓ (no splits)
[6843/19601] FSSL: ✓ (no splits)
[6844/19601] FST: ✓ (no splits)
[6845/19601] FST.U: ✓ (no splits)
[6846/19601] FSTR: ✓ (no splits)
[6847/19601] FST.WS: ✓ (no splits)
[6848/19601] FSTA: ✓ (no splits)
[6849/19601] FSTX: ✓ (no splits)
[6850/19601] FSUN: ✓ (no splits)
[6851/19601] FSV: ✓ (no splits)
[6852/19601] FSZ: ✓ (no splits)
[6853/19601] FSYD: ✓ (no splits)
[6854/19601] FT: ✓ (no splits)
[6855/19601] FTA: ✓ (no splits)
[6856/19601] FTAA: ✓ (no splits)
[6857/19601] FTAAU: ✓ (no splits)
[6858/19601] FTAAW: ✓ (no splits)
[6859/19601] FTAG: ✓ (no splits)
[6860/19601] FTAI: ✓ (no splits)
[6861/19601] FTAIM: ✓ (no splits)
[6862/19601] FTAIO: ✓ (no splits)
[6863/19601] FTAIP: ✓ (no splits)
[6864/19601] FTAIN: ✓ (no splits)
[6865/19601] FTAIV: ✓ (no splits)
[6866/19601] FTAIpB: ✓ (no splits)
[6867/19601] FTAIpA: ✓ (no splits)
[6868/19601] FTAIpC: ✓ (no splits)
[6869/19601] FTBD: ✓ (no splits)
[6870/19601] FTC: ✓ (no splits)
[6871/19601] FTCA: ✓ (no splits)
[6872/19601] FTBI: ✓ (no splits)
[6873/19601] FTCB: ✓ (no splits)
[6874/19601] FTCE: ✓ (no splits)
[6875/19601] FTCH: ✓ (no splits)
[6876/19601] FTCS: ✓ (no splits)
[6877/19601] FTCI: ✓ (1 split(s))
[6878/19601] FTCVU: ✓ (no splits)
[6879/19601] FTCV: ✓ (no splits)
[6880/19601] FTCVW: ✓ (no splits)
[6881/19601] FTDR: ✓ (no splits)
[6882/19601] FTDS: ✓ (no splits)
[6883/19601] FTEC: ✓ (no splits)
[6884/19601] FTEK: ✓ (no splits)
[6885/19601] FTEL: ✓ (1 split(s))
[6886/19601] FTEV: ✓ (no splits)
[6887/19601] FTEV.U: ✓ (no splits)
[6888/19601] FTEV.WS: ✓ (no splits)
[6889/19601] FTF: ✓ (no splits)
[6890/19601] FTFT: ✓ (2 split(s))
[6891/19601] FTFr: ✓ (no splits)
[6892/19601] FTGC: ✓ (no splits)
[6893/19601] FTGS: ✓ (no splits)
[6894/19601] FTFrw: ✓ (no splits)
[6895/19601] FTHF: ✓ (no splits)
[6896/19601] FTHI: ✓ (no splits)
[6897/19601] FTHM: ✓ (no splits)
[6898/19601] FTHY: ✓ (no splits)
[6899/19601] FTI: ✓ (no splits)
[6900/19601] FTIF: ✓ (no splits)
[6901/19601] FTII: ✓ (no splits)
[6902/19601] FTIIU: ✓ (no splits)
[6903/19601] FTIV: ✓ (no splits)
[6904/19601] FTIIW: ✓ (no splits)
[6905/19601] FTIVU: ✓ (no splits)
[6906/19601] FTIVW: ✓ (no splits)
[6907/19601] FTK: ✓ (1 split(s))
[6908/19601] FTKI: ✓ (no splits)
[6909/19601] FTLB: ✓ (no splits)
[6910/19601] FTLF: ✓ (2 split(s))
[6911/19601] FTLS: ✓ (no splits)
[6912/19601] FTMH: ✓ (no splits)
[6913/19601] FTMA: ✓ (no splits)
[6914/19601] FTMN: ✓ (no splits)
[6915/19601] FTMU: ✓ (no splits)
[6916/19601] FTMS: ✓ (no splits)
[6917/19601] FTNJ: ✓ (no splits)
[6918/19601] FTNT: ✓ (1 split(s))
[6919/19601] FTNY: ✓ (no splits)
[6920/19601] FTOC: ✓ (no splits)
[6921/19601] FTOCU: ✓ (no splits)
[6922/19601] FTOCW: ✓ (no splits)
[6923/19601] FTPA: ✓ (no splits)
[6924/19601] FTOH: ✓ (no splits)
[6925/19601] FTPAU: ✓ (no splits)
[6926/19601] FTPAW: ✓ (no splits)
[6927/19601] FTRB: ✓ (no splits)
[6928/19601] FTQI: ✓ (no splits)
[6929/19601] FTRE: ✓ (no splits)
[6930/19601] FTRI: ✓ (no splits)
[6931/19601] FTREV: ✓ (no splits)
[6932/19601] FTRK: ✓ (no splits)
[6933/19601] FTRP: ✓ (1 split(s))
[6934/19601] FTS: ✓ (no splits)
[6935/19601] FTSD: ✓ (no splits)
[6936/19601] FTSL: ✓ (no splits)
[6937/19601] FTSI: ✓ (no splits)
[6938/19601] FTSM: ✓ (no splits)
[6939/19601] FTV: ✓ (1 split(s))
[6940/19601] FTVI: ✓ (no splits)
[6941/19601] FTVIU: ✓ (no splits)
[6942/19601] FTVIW: ✓ (no splits)
[6943/19601] FTVpA: ✓ (no splits)
[6944/19601] FTVw: ✓ (no splits)
[6945/19601] FTW: ✓ (no splits)
[6946/19601] FTW.U: ✓ (no splits)
[6947/19601] FTW.WS: ✓ (no splits)
[6948/19601] FTWO: ✓ (no splits)
[6949/19601] FTXD: ✓ (no splits)
[6950/19601] FTXG: ✓ (no splits)
[6951/19601] FTXH: ✓ (no splits)
[6952/19601] FTXN: ✓ (no splits)
[6953/19601] FTXL: ✓ (no splits)
[6954/19601] FTXO: ✓ (no splits)
[6955/19601] FTXR: ✓ (no splits)
[6956/19601] FUD: ✓ (no splits)
[6957/19601] FUBO: ✓ (no splits)
[6958/19601] FUE: ✓ (no splits)
[6959/19601] FUFUW: ✓ (no splits)
[6960/19601] FUFU: ✓ (no splits)
[6961/19601] FUL: ✓ (no splits)
[6962/19601] FULC: ✓ (no splits)
[6963/19601] FULTP: ✓ (no splits)
[6964/19601] FULT: ✓ (no splits)
[6965/19601] FUMB: ✓ (no splits)
[6966/19601] FUN: ✓ (no splits)
[6967/19601] FUNC: ✓ (no splits)
[6968/19601] FUNL: ✓ (no splits)
[6969/19601] FUND: ✓ (no splits)
[6970/19601] FURY: ✓ (no splits)
[6971/19601] FUSB: ✓ (no splits)
[6972/19601] FUSE.U: ✓ (no splits)
[6973/19601] FUSE: ✓ (no splits)
[6974/19601] FUSE.WS: ✓ (no splits)
[6975/19601] FUSEW: ✓ (no splits)
[6976/19601] FUSI: ✓ (no splits)
[6977/19601] FUSN: ✓ (no splits)
[6978/19601] FUT: ✓ (no splits)
[6979/19601] FUTY: ✓ (no splits)
[6980/19601] FUTG: ✓ (no splits)
[6981/19601] FUTU: ✓ (no splits)
[6982/19601] FUV: ✓ (1 split(s))
[6983/19601] FV: ✓ (no splits)
[6984/19601] FVAL: ✓ (no splits)
[6985/19601] FVAM: ✓ (no splits)
[6986/19601] FVC: ✓ (no splits)
[6987/19601] FVCB: ✓ (1 split(s))
[6988/19601] FVE: ✓ (no splits)
[6989/19601] FVD: ✓ (no splits)
[6990/19601] FVIV.U: ✓ (no splits)
[6991/19601] FVIV: ✓ (no splits)
[6992/19601] FVIV.WS: ✓ (no splits)
[6993/19601] FVL: ✓ (no splits)
[6994/19601] FVN: ✓ (no splits)
[6995/19601] FVNNR: ✓ (no splits)
[6996/19601] FVNNU: ✓ (no splits)
[6997/19601] FVR: ✓ (no splits)
[6998/19601] FVRR: ✓ (no splits)
[6999/19601] FVT: ✓ (no splits)
[7000/19601] FVT.WS: ✓ (no splits)
  → Checkpoint saved: 859 splits so far
[7001/19601] FWAA: ✓ (no splits)
[7002/19601] FVT.U: ✓ (no splits)
[7003/19601] FWAC: ✓ (no splits)
[7004/19601] FWD: ✓ (no splits)
[7005/19601] FWBI: ✓ (5 split(s))
[7006/19601] FWDB: ✓ (no splits)
[7007/19601] FWDI: ✓ (no splits)
[7008/19601] FWONK: ✓ (no splits)
[7009/19601] FWONA: ✓ (no splits)
[7010/19601] FWP: ✓ (no splits)
[7011/19601] FWRD: ✓ (no splits)
[7012/19601] FWRG: ✓ (no splits)
[7013/19601] FXA: ✓ (no splits)
[7014/19601] FXB: ✓ (no splits)
[7015/19601] FXC: ✓ (no splits)
[7016/19601] FXCO: ✓ (no splits)
[7017/19601] FXCOR: ✓ (no splits)
[7018/19601] FXCOU: ✓ (no splits)
[7019/19601] FXCOW: ✓ (no splits)
[7020/19601] FXD: ✓ (no splits)
[7021/19601] FXED: ✓ (no splits)
[7022/19601] FXE: ✓ (no splits)
[7023/19601] FXF: ✓ (no splits)
[7024/19601] FXG: ✓ (no splits)
[7025/19601] FXH: ✓ (no splits)
[7026/19601] FXI: ✓ (no splits)
[7027/19601] FXL: ✓ (no splits)
[7028/19601] FXLV: ✓ (no splits)
[7029/19601] FXN: ✓ (no splits)
[7030/19601] FXNC: ✓ (no splits)
[7031/19601] FXO: ✓ (no splits)
[7032/19601] FXP: ✓ (1 split(s))
[7033/19601] FXR: ✓ (no splits)
[7034/19601] FXU: ✓ (no splits)
[7035/19601] FXY: ✓ (no splits)
[7036/19601] FXZ: ✓ (no splits)
[7037/19601] FYBR: ✓ (no splits)
[7038/19601] FYC: ✓ (no splits)
[7039/19601] FYEE: ✓ (no splits)
[7040/19601] FYLG: ✓ (no splits)
[7041/19601] FYLD: ✓ (no splits)
[7042/19601] FYT: ✓ (no splits)
[7043/19601] FZT: ✓ (no splits)
[7044/19601] FYX: ✓ (no splits)
[7045/19601] FZT.U: ✓ (no splits)
[7046/19601] FZT.WS: ✓ (no splits)
[7047/19601] FpB: ✓ (no splits)
[7048/19601] FpC: ✓ (no splits)
[7049/19601] FpD: ✓ (no splits)
[7050/19601] G: ✓ (no splits)
[7051/19601] GAA: ✓ (no splits)
[7052/19601] GAB: ✓ (no splits)
[7053/19601] GABC: ✓ (no splits)
[7054/19601] GABF: ✓ (no splits)
[7055/19601] GABpG: ✓ (no splits)
[7056/19601] GABpH: ✓ (no splits)
[7057/19601] GABpJ: ✓ (no splits)
[7058/19601] GABr: ✓ (no splits)
[7059/19601] GABpK: ✓ (no splits)
[7060/19601] GACQ: ✓ (no splits)
[7061/19601] GACQU: ✓ (no splits)
[7062/19601] GABrw: ✓ (no splits)
[7063/19601] GAEM: ✓ (no splits)
[7064/19601] GAIA: ✓ (no splits)
[7065/19601] GACQW: ✓ (no splits)
[7066/19601] GAIN: ✓ (no splits)
[7067/19601] GAINI: ✓ (no splits)
[7068/19601] GAINL: ✓ (no splits)
[7069/19601] GAINM: ✓ (no splits)
[7070/19601] GAINN: ✓ (no splits)
[7071/19601] GAINZ: ✓ (no splits)
[7072/19601] GAL: ✓ (no splits)
[7073/19601] GALT: ✓ (no splits)
[7074/19601] GAM: ✓ (no splits)
[7075/19601] GAMB: ✓ (no splits)
[7076/19601] GAMC: ✓ (no splits)
[7077/19601] GAMCU: ✓ (no splits)
[7078/19601] GAMCW: ✓ (no splits)
[7079/19601] GAME: ✓ (1 split(s))
[7080/19601] GAMR: ✓ (no splits)
[7081/19601] GAMpB: ✓ (no splits)
[7082/19601] GAN: ✓ (no splits)
[7083/19601] GANX: ✓ (no splits)
[7084/19601] GAP: ✓ (no splits)
[7085/19601] GAPA.U: ✓ (no splits)
[7086/19601] GAPA: ✓ (no splits)
[7087/19601] GAPA.WS: ✓ (no splits)
[7088/19601] GAPR: ✓ (no splits)
[7089/19601] GAQ: ✓ (no splits)
[7090/19601] GAQ.U: ✓ (no splits)
[7091/19601] GAQ.WS: ✓ (no splits)
[7092/19601] GASS: ✓ (no splits)
[7093/19601] GARP: ✓ (no splits)
[7094/19601] GAST: ✓ (no splits)
[7095/19601] GATE: ✓ (no splits)
[7096/19601] GATEW: ✓ (no splits)
[7097/19601] GATEU: ✓ (no splits)
[7098/19601] GATO: ✓ (no splits)
[7099/19601] GATX: ✓ (no splits)
[7100/19601] GAU: ✓ (no splits)
[7101/19601] GAUZ: ✓ (no splits)
[7102/19601] GAUG: ✓ (no splits)
[7103/19601] GAZ: ✓ (no splits)
[7104/19601] GB: ✓ (no splits)
[7105/19601] GB.WS: ✓ (no splits)
[7106/19601] GBAB: ✓ (no splits)
[7107/19601] GBBK: ✓ (no splits)
[7108/19601] GBBKU: ✓ (no splits)
[7109/19601] GBBKR: ✓ (no splits)
[7110/19601] GBBKW: ✓ (no splits)
[7111/19601] GBCI: ✓ (no splits)
[7112/19601] GBDC: ✓ (no splits)
[7113/19601] GBF: ✓ (no splits)
[7114/19601] GBDV: ✓ (no splits)
[7115/19601] GBFH: ✓ (no splits)
[7116/19601] GBGR: ✓ (no splits)
[7117/19601] GBHI: ✓ (no splits)
[7118/19601] GBIO: ✓ (1 split(s))
[7119/19601] GBIL: ✓ (no splits)
[7120/19601] GBL: ✓ (no splits)
[7121/19601] GBLD: ✓ (no splits)
[7122/19601] GBLI: ✓ (no splits)
[7123/19601] GBLL: ✓ (no splits)
[7124/19601] GBLIL: ✓ (no splits)
[7125/19601] GBLO: ✓ (no splits)
[7126/19601] GBND: ✓ (no splits)
[7127/19601] GBNY: ✓ (no splits)
[7128/19601] GBNH: ✓ (no splits)
[7129/19601] GBOX: ✓ (no splits)
[7130/19601] GBR: ✓ (no splits)
[7131/19601] GBRG: ✓ (no splits)
[7132/19601] GBRGR: ✓ (no splits)
[7133/19601] GBRGU: ✓ (no splits)
[7134/19601] GBRGW: ✓ (no splits)
[7135/19601] GBS: ✓ (no splits)
[7136/19601] GBT: ✓ (no splits)
[7137/19601] GBTC: ✓ (no splits)
[7138/19601] GBTG.WS: ✓ (no splits)
[7139/19601] GBTG: ✓ (no splits)
[7140/19601] GBUG: ✓ (no splits)
[7141/19601] GBUY: ✓ (no splits)
[7142/19601] GBX: ✓ (no splits)
[7143/19601] GBXB: ✓ (no splits)
[7144/19601] GBXA: ✓ (no splits)
[7145/19601] GBXC: ✓ (no splits)
[7146/19601] GCAC: ✓ (no splits)
[7147/19601] GCACU: ✓ (no splits)
[7148/19601] GCACW: ✓ (no splits)
[7149/19601] GCAD: ✓ (no splits)
[7150/19601] GCAL: ✓ (no splits)
[7151/19601] GCC: ✓ (no splits)
[7152/19601] GCBC: ✓ (1 split(s))
[7153/19601] GCI: ✓ (no splits)
[7154/19601] GCIG: ✓ (no splits)
[7155/19601] GCL: ✓ (no splits)
[7156/19601] GCLN: ✓ (no splits)
[7157/19601] GCLWW: ✓ (no splits)
[7158/19601] GCMG: ✓ (no splits)
[7159/19601] GCMGW: ✓ (no splits)
[7160/19601] GCO: ✓ (no splits)
[7161/19601] GCOR: ✓ (no splits)
[7162/19601] GCOW: ✓ (no splits)
[7163/19601] GCP: ✓ (no splits)
[7164/19601] GCT: ✓ (no splits)
[7165/19601] GCTK: ✓ (3 split(s))
[7166/19601] GCTS: ✓ (no splits)
[7167/19601] GCTS.WS: ✓ (no splits)
[7168/19601] GCV: ✓ (no splits)
[7169/19601] GD: ✓ (no splits)
[7170/19601] GDC: ✓ (1 split(s))
[7171/19601] GDE: ✓ (no splits)
[7172/19601] GDDY: ✓ (no splits)
[7173/19601] GDEC: ✓ (no splits)
[7174/19601] GDEF: ✓ (no splits)
[7175/19601] GDEN: ✓ (no splits)
[7176/19601] GDEV: ✓ (1 split(s))
[7177/19601] GDEVW: ✓ (no splits)
[7178/19601] GDFN: ✓ (no splits)
[7179/19601] GDHG: ✓ (3 split(s))
[7180/19601] GDIV: ✓ (no splits)
[7181/19601] GDL: ✓ (no splits)
[7182/19601] GDLC: ✓ (no splits)
[7183/19601] GDMA: ✓ (no splits)
[7184/19601] GDLpC: ✓ (no splits)
[7185/19601] GDMN: ✓ (no splits)
[7186/19601] GDNR: ✓ (no splits)
[7187/19601] GDNRU: ✓ (no splits)
[7188/19601] GDO: ✓ (no splits)
[7189/19601] GDNRW: ✓ (no splits)
[7190/19601] GDOC: ✓ (no splits)
[7191/19601] GDOG: ✓ (no splits)
[7192/19601] GDOT: ✓ (no splits)
[7193/19601] GDRX: ✓ (no splits)
[7194/19601] GDP: ✓ (no splits)
[7195/19601] GDS: ✓ (no splits)
[7196/19601] GDST: ✓ (no splits)
[7197/19601] GDSTR: ✓ (no splits)
[7198/19601] GDSTU: ✓ (no splits)
[7199/19601] GDSTW: ✓ (no splits)
[7200/19601] GDTC: ✓ (no splits)
[7201/19601] GDV: ✓ (no splits)
[7202/19601] GDVD: ✓ (no splits)
[7203/19601] GDVpH: ✓ (no splits)
[7204/19601] GDVpG: ✓ (no splits)
[7205/19601] GDVpK: ✓ (no splits)
[7206/19601] GDX: ✓ (no splits)
[7207/19601] GDXD: ✓ (2 split(s))
[7208/19601] GDXJ: ✓ (no splits)
[7209/19601] GDXU: ✓ (1 split(s))
[7210/19601] GDXW: ✓ (no splits)
[7211/19601] GDXY: ✓ (no splits)
[7212/19601] GDYN: ✓ (no splits)
[7213/19601] GDYNW: ✓ (no splits)
[7214/19601] GEAR: ✓ (no splits)
[7215/19601] GE: ✓ (3 split(s))
[7216/19601] GEC: ✓ (no splits)
[7217/19601] GECC: ✓ (1 split(s))
[7218/19601] GECCG: ✓ (no splits)
[7219/19601] GECCH: ✓ (no splits)
[7220/19601] GECCI: ✓ (no splits)
[7221/19601] GECCL: ✓ (no splits)
[7222/19601] GECCM: ✓ (no splits)
[7223/19601] GECCN: ✓ (no splits)
[7224/19601] GECCZ: ✓ (no splits)
[7225/19601] GECCO: ✓ (no splits)
[7226/19601] GEEX: ✓ (no splits)
[7227/19601] GEEXU: ✓ (no splits)
[7228/19601] GEF: ✓ (no splits)
[7229/19601] GEEXW: ✓ (no splits)
[7230/19601] GEF.B: ✓ (no splits)
[7231/19601] GEG: ✓ (no splits)
[7232/19601] GEGGL: ✓ (no splits)
[7233/19601] GEHC: ✓ (no splits)
[7234/19601] GEHCV: ✓ (no splits)
[7235/19601] GEHI: ✓ (1 split(s))
[7236/19601] GEL: ✓ (no splits)
[7237/19601] GELS: ✓ (no splits)
[7238/19601] GEM: ✓ (no splits)
[7239/19601] GEMD: ✓ (no splits)
[7240/19601] GEME: ✓ (no splits)
[7241/19601] GEMG: ✓ (no splits)
[7242/19601] GEMI: ✓ (no splits)
[7243/19601] GEN: ✓ (no splits)
[7244/19601] GENC: ✓ (no splits)
[7245/19601] GEND: ✓ (no splits)
[7246/19601] GENE: ✓ (1 split(s))
[7247/19601] GENI: ✓ (no splits)
[7248/19601] GENI.WS: ✓ (no splits)
[7249/19601] GENK: ✓ (no splits)
[7250/19601] GENM: ✓ (no splits)
[7251/19601] GENQU: ✓ (no splits)
[7252/19601] GENQ: ✓ (no splits)
[7253/19601] GENQW: ✓ (no splits)
[7254/19601] GENT: ✓ (no splits)
[7255/19601] GENVR: ✓ (no splits)
[7256/19601] GENW: ✓ (no splits)
[7257/19601] GENY: ✓ (no splits)
[7258/19601] GEO: ✓ (no splits)
[7259/19601] GEOA: ✓ (no splits)
[7260/19601] GEOS: ✓ (no splits)
[7261/19601] GERM: ✓ (no splits)
[7262/19601] GER: ✓ (no splits)
[7263/19601] GERN: ✓ (no splits)
[7264/19601] GES: ✓ (no splits)
[7265/19601] GET: ✓ (no splits)
[7266/19601] GETR: ✓ (no splits)
[7267/19601] GETR.WS: ✓ (no splits)
[7268/19601] GETVV: ✓ (no splits)
[7269/19601] GETY: ✓ (no splits)
[7270/19601] GETY.WS: ✓ (no splits)
[7271/19601] GEVO: ✓ (no splits)
[7272/19601] GEV: ✓ (no splits)
[7273/19601] GEVX: ✓ (no splits)
[7274/19601] GEVw: ✓ (no splits)
[7275/19601] GEW: ✓ (no splits)
[7276/19601] GEw: ✓ (no splits)
[7277/19601] GF: ✓ (no splits)
[7278/19601] GFAI: ✓ (1 split(s))
[7279/19601] GFAIW: ✓ (no splits)
[7280/19601] GFEB: ✓ (no splits)
[7281/19601] GFED: ✓ (no splits)
[7282/19601] GFF: ✓ (no splits)
[7283/19601] GFGD: ✓ (no splits)
[7284/19601] GFGDR: ✓ (no splits)
[7285/19601] GFGDU: ✓ (no splits)
[7286/19601] GFGDW: ✓ (no splits)
[7287/19601] GFGF: ✓ (no splits)
[7288/19601] GFI: ✓ (no splits)
[7289/19601] GFL: ✓ (no splits)
[7290/19601] GFLU: ✓ (no splits)
[7291/19601] GFN: ✓ (no splits)
[7292/19601] GFLW: ✓ (no splits)
[7293/19601] GFNCP: ✓ (no splits)
[7294/19601] GFNSL: ✓ (no splits)
[7295/19601] GFNSZ: ✓ (no splits)
[7296/19601] GFOF: ✓ (no splits)
[7297/19601] GFOR: ✓ (no splits)
[7298/19601] GFOR.U: ✓ (no splits)
[7299/19601] GFOR.WS: ✓ (no splits)
[7300/19601] GFR: ✓ (no splits)
[7301/19601] GFRr: ✓ (no splits)
[7302/19601] GFRrw: ✓ (no splits)
[7303/19601] GFS: ✓ (no splits)
[7304/19601] GFX: ✓ (no splits)
[7305/19601] GFX.WS: ✓ (no splits)
[7306/19601] GFX.U: ✓ (no splits)
[7307/19601] GGAA: ✓ (no splits)
[7308/19601] GGAAU: ✓ (no splits)
[7309/19601] GGAAW: ✓ (no splits)
[7310/19601] GGAL: ✓ (no splits)
[7311/19601] GGB: ✓ (2 split(s))
[7312/19601] GGE: ✓ (no splits)
[7313/19601] GGG: ✓ (no splits)
[7314/19601] GGGV: ✓ (no splits)
[7315/19601] GGGVR: ✓ (no splits)
[7316/19601] GGGVU: ✓ (no splits)
[7317/19601] GGLL: ✓ (no splits)
[7318/19601] GGLS: ✓ (no splits)
[7319/19601] GGMC: ✓ (no splits)
[7320/19601] GGM: ✓ (no splits)
[7321/19601] GGMCU: ✓ (no splits)
[7322/19601] GGMCW: ✓ (no splits)
[7323/19601] GGME: ✓ (no splits)
[7324/19601] GGN: ✓ (no splits)
[7325/19601] GGNpB: ✓ (no splits)
[7326/19601] GGO: ✓ (no splits)
[7327/19601] GGOV: ✓ (no splits)
[7328/19601] GGOpA: ✓ (no splits)
[7329/19601] GGPI: ✓ (no splits)
[7330/19601] GGPIU: ✓ (no splits)
[7331/19601] GGPIW: ✓ (no splits)
[7332/19601] GGR: ✓ (1 split(s))
[7333/19601] GGRW: ✓ (no splits)
[7334/19601] GGROW: ✓ (no splits)
[7335/19601] GGT: ✓ (no splits)
[7336/19601] GGTpG: ✓ (no splits)
[7337/19601] GGTpE: ✓ (no splits)
[7338/19601] GGTr: ✓ (no splits)
[7339/19601] GGTrw: ✓ (no splits)
[7340/19601] GGUS: ✓ (no splits)
[7341/19601] GGZpA: ✓ (no splits)
[7342/19601] GGZ: ✓ (no splits)
[7343/19601] GH: ✓ (no splits)
[7344/19601] GHAC: ✓ (no splits)
[7345/19601] GHC: ✓ (no splits)
[7346/19601] GHACW: ✓ (no splits)
[7347/19601] GHACU: ✓ (no splits)
[7348/19601] GHEE: ✓ (no splits)
[7349/19601] GHG: ✓ (no splits)
[7350/19601] GHI: ✓ (5 split(s))
[7351/19601] GHIV: ✓ (no splits)
[7352/19601] GHIVU: ✓ (no splits)
[7353/19601] GHIVW: ✓ (no splits)
[7354/19601] GHIX: ✓ (no splits)
[7355/19601] GHIXU: ✓ (no splits)
[7356/19601] GHIXW: ✓ (no splits)
[7357/19601] GHL: ✓ (no splits)
[7358/19601] GHLD: ✓ (no splits)
[7359/19601] GHM: ✓ (no splits)
[7360/19601] GHMS: ✓ (no splits)
[7361/19601] GHRS: ✓ (no splits)
[7362/19601] GHSI: ✓ (2 split(s))
[7363/19601] GHTA: ✓ (no splits)
[7364/19601] GHVI: ✓ (no splits)
[7365/19601] GHVIU: ✓ (no splits)
[7366/19601] GHVIW: ✓ (no splits)
[7367/19601] GHY: ✓ (no splits)
[7368/19601] GHYB: ✓ (no splits)
[7369/19601] GHYG: ✓ (no splits)
[7370/19601] GIA: ✓ (no splits)
[7371/19601] GIA.U: ✓ (no splits)
[7372/19601] GIA.WS: ✓ (no splits)
[7373/19601] GIAC: ✓ (no splits)
[7374/19601] GIACU: ✓ (no splits)
[7375/19601] GIACW: ✓ (no splits)
[7376/19601] GIB: ✓ (no splits)
[7377/19601] GIAX: ✓ (no splits)
[7378/19601] GIBO: ✓ (1 split(s))
[7379/19601] GIBOW: ✓ (no splits)
[7380/19601] GIC: ✓ (no splits)
[7381/19601] GIFI: ✓ (no splits)
[7382/19601] GIFT: ✓ (no splits)
[7383/19601] GIG: ✓ (no splits)
[7384/19601] GIGB: ✓ (no splits)
[7385/19601] GIGE: ✓ (no splits)
[7386/19601] GIGGU: ✓ (no splits)
[7387/19601] GIGL: ✓ (no splits)
[7388/19601] GIGGW: ✓ (no splits)
[7389/19601] GIGM: ✓ (no splits)
[7390/19601] GII: ✓ (no splits)
[7391/19601] GIII: ✓ (no splits)
[7392/19601] GIIXU: ✓ (no splits)
[7393/19601] GIIX: ✓ (no splits)
[7394/19601] GIIXW: ✓ (no splits)
[7395/19601] GIK: ✓ (no splits)
[7396/19601] GIK.WS: ✓ (no splits)
[7397/19601] GIK.U: ✓ (no splits)
[7398/19601] GIL: ✓ (no splits)
[7399/19601] GILT: ✓ (no splits)
[7400/19601] GILD: ✓ (no splits)
[7401/19601] GIM: ✓ (no splits)
[7402/19601] GIND: ✓ (no splits)
[7403/19601] GINN: ✓ (no splits)
[7404/19601] GINX: ✓ (no splits)
[7405/19601] GIPR: ✓ (no splits)
[7406/19601] GIPRU: ✓ (no splits)
[7407/19601] GIS: ✓ (no splits)
[7408/19601] GIPRW: ✓ (no splits)
[7409/19601] GIW: ✓ (no splits)
[7410/19601] GITS: ✓ (1 split(s))
[7411/19601] GIWWR: ✓ (no splits)
[7412/19601] GIWWU: ✓ (no splits)
[7413/19601] GIWWW: ✓ (no splits)
[7414/19601] GIX: ✓ (no splits)
[7415/19601] GIX.U: ✓ (no splits)
[7416/19601] GIX.WS: ✓ (no splits)
[7417/19601] GIXr: ✓ (no splits)
[7418/19601] GJAN: ✓ (no splits)
[7419/19601] GJH: ✓ (no splits)
[7420/19601] GJO: ✓ (no splits)
[7421/19601] GJP: ✓ (no splits)
[7422/19601] GJR: ✓ (no splits)
[7423/19601] GJS: ✓ (no splits)
[7424/19601] GJT: ✓ (no splits)
[7425/19601] GJUN: ✓ (no splits)
[7426/19601] GJUL: ✓ (no splits)
[7427/19601] GKAT: ✓ (no splits)
[7428/19601] GK: ✓ (no splits)
[7429/19601] GKOS: ✓ (no splits)
[7430/19601] GL: ✓ (no splits)
[7431/19601] GLAC: ✓ (no splits)
[7432/19601] GLACR: ✓ (no splits)
[7433/19601] GLACU: ✓ (no splits)
[7434/19601] GLADD: ✓ (no splits)
[7435/19601] GLAD: ✓ (1 split(s))
[7436/19601] GLADZ: ✓ (no splits)
[7437/19601] GLADL: ✓ (no splits)
[7438/19601] GLAQ: ✓ (no splits)
[7439/19601] GLAQU: ✓ (no splits)
[7440/19601] GLAQW: ✓ (no splits)
[7441/19601] GLBAV: ✓ (no splits)
[7442/19601] GLBE: ✓ (no splits)
[7443/19601] GLBKV: ✓ (no splits)
[7444/19601] GLBL: ✓ (no splits)
[7445/19601] GLBLU: ✓ (no splits)
[7446/19601] GLBLW: ✓ (no splits)
[7447/19601] GLBS: ✓ (no splits)
[7448/19601] GLBZ: ✓ (no splits)
[7449/19601] GLCR: ✓ (no splits)
[7450/19601] GLCN: ✓ (no splits)
[7451/19601] GLD: ✓ (no splits)
[7452/19601] GLDB: ✓ (no splits)
[7453/19601] GLDD: ✓ (no splits)
[7454/19601] GLDG: ✓ (no splits)
[7455/19601] GLDI: ✓ (1 split(s))
[7456/19601] GLDM: ✓ (1 split(s))
[7457/19601] GLDW: ✓ (no splits)
[7458/19601] GLDX: ✓ (no splits)
[7459/19601] GLDY: ✓ (no splits)
[7460/19601] GLEE: ✓ (no splits)
[7461/19601] GLE: ✓ (no splits)
[7462/19601] GLEEU: ✓ (no splits)
[7463/19601] GLEEW: ✓ (no splits)
[7464/19601] GLEO: ✓ (no splits)
[7465/19601] GLEO.U: ✓ (no splits)
[7466/19601] GLEO.WS: ✓ (no splits)
[7467/19601] GLGG: ✓ (no splits)
[7468/19601] GLG: ✓ (1 split(s))
[7469/19601] GLHA: ✓ (no splits)
[7470/19601] GLHAU: ✓ (no splits)
[7471/19601] GLHAW: ✓ (no splits)
[7472/19601] GLIBA: ✓ (no splits)
[7473/19601] GLIBK: ✓ (no splits)
[7474/19601] GLIBP: ✓ (no splits)
[7475/19601] GLIBR: ✓ (no splits)
[7476/19601] GLIF: ✓ (no splits)
[7477/19601] GLIN: ✓ (no splits)
[7478/19601] GLIX: ✓ (no splits)
[7479/19601] GLL: ✓ (2 split(s))
[7480/19601] GLLI: ✓ (no splits)
[7481/19601] GLLIR: ✓ (no splits)
[7482/19601] GLLIU: ✓ (no splits)
[7483/19601] GLLIW: ✓ (no splits)
[7484/19601] GLMD: ✓ (2 split(s))
[7485/19601] GLNK: ✓ (no splits)
[7486/19601] GLNG: ✓ (no splits)
[7487/19601] GLOB: ✓ (no splits)
[7488/19601] GLO: ✓ (no splits)
[7489/19601] GLOF: ✓ (no splits)
[7490/19601] GLOGpA: ✓ (no splits)
[7491/19601] GLOG: ✓ (no splits)
[7492/19601] GLOO: ✓ (no splits)
[7493/19601] GLOP: ✓ (no splits)
[7494/19601] GLOPpA: ✓ (no splits)
[7495/19601] GLOPpB: ✓ (no splits)
[7496/19601] GLOPpC: ✓ (no splits)
[7497/19601] GLOV: ✓ (no splits)
[7498/19601] GLOW: ✓ (no splits)
[7499/19601] GLOr: ✓ (no splits)
[7500/19601] GLOrw: ✓ (no splits)
  → Checkpoint saved: 906 splits so far
[7501/19601] GLP: ✓ (no splits)
[7502/19601] GLPG: ✓ (no splits)
[7503/19601] GLPI: ✓ (no splits)
[7504/19601] GLPpA: ✓ (no splits)
[7505/19601] GLQ: ✓ (no splits)
[7506/19601] GLPpB: ✓ (no splits)
[7507/19601] GLQr: ✓ (no splits)
[7508/19601] GLQrw: ✓ (no splits)
[7509/19601] GLRE: ✓ (no splits)
[7510/19601] GLRY: ✓ (no splits)
[7511/19601] GLS: ✓ (no splits)
[7512/19601] GLS.WS: ✓ (no splits)
[7513/19601] GLSPT: ✓ (no splits)
[7514/19601] GLSI: ✓ (no splits)
[7515/19601] GLSPU: ✓ (no splits)
[7516/19601] GLSPW: ✓ (no splits)
[7517/19601] GLST: ✓ (no splits)
[7518/19601] GLSTR: ✓ (no splits)
[7519/19601] GLSTU: ✓ (no splits)
[7520/19601] GLSTW: ✓ (no splits)
[7521/19601] GLT: ✓ (1 split(s))
[7522/19601] GLTA: ✓ (no splits)
[7523/19601] GLTA.U: ✓ (no splits)
[7524/19601] GLTA.WS: ✓ (no splits)
[7525/19601] GLTO: ✓ (1 split(s))
[7526/19601] GLTR: ✓ (no splits)
[7527/19601] GLU: ✓ (no splits)
[7528/19601] GLUE: ✓ (no splits)
[7529/19601] GLUU: ✓ (no splits)
[7530/19601] GLUpA: ✓ (no splits)
[7531/19601] GLUpB: ✓ (no splits)
[7532/19601] GLUr: ✓ (no splits)
[7533/19601] GLUrw: ✓ (no splits)
[7534/19601] GLVr: ✓ (no splits)
[7535/19601] GLV: ✓ (no splits)
[7536/19601] GLW: ✓ (no splits)
[7537/19601] GLVrw: ✓ (no splits)
[7538/19601] GLXG: ✓ (1 split(s))
[7539/19601] GLXU: ✓ (no splits)
[7540/19601] GLXY: ✓ (no splits)
[7541/19601] GLYC: ✓ (1 split(s))
[7542/19601] GLpC: ✓ (no splits)
[7543/19601] GLpD: ✓ (no splits)
[7544/19601] GM: ✓ (no splits)
[7545/19601] GMAR: ✓ (no splits)
[7546/19601] GMAB: ✓ (no splits)
[7547/19601] GMAY: ✓ (no splits)
[7548/19601] GMBLP: ✓ (no splits)
[7549/19601] GMBL: ✓ (2 split(s))
[7550/19601] GMBLW: ✓ (no splits)
[7551/19601] GMBLZ: ✓ (no splits)
[7552/19601] GMBT: ✓ (no splits)
[7553/19601] GMBTU: ✓ (no splits)
[7554/19601] GMBTW: ✓ (no splits)
[7555/19601] GMDA: ✓ (no splits)
[7556/19601] GME.WS: ✓ (no splits)
[7557/19601] GME: ✓ (1 split(s))
[7558/19601] GMED: ✓ (no splits)
[7559/19601] GMET: ✓ (no splits)
[7560/19601] GMEU: ✓ (no splits)
[7561/19601] GMEY: ✓ (no splits)
[7562/19601] GMF: ✓ (no splits)
[7563/19601] GMFI: ✓ (no splits)
[7564/19601] GMFIU: ✓ (no splits)
[7565/19601] GMGI: ✓ (no splits)
[7566/19601] GMFIW: ✓ (no splits)
[7567/19601] GMHS: ✓ (no splits)
[7568/19601] GMIIU: ✓ (no splits)
[7569/19601] GMII: ✓ (no splits)
[7570/19601] GMIIW: ✓ (no splits)
[7571/19601] GMLP: ✓ (no splits)
[7572/19601] GMLPP: ✓ (no splits)
[7573/19601] GMM: ✓ (1 split(s))
[7574/19601] GMMA: ✓ (no splits)
[7575/19601] GMMF: ✓ (no splits)
[7576/19601] GMNY: ✓ (no splits)
[7577/19601] GMOC: ✓ (no splits)
[7578/19601] GMOD: ✓ (no splits)
[7579/19601] GMOI: ✓ (no splits)
[7580/19601] GMOV: ✓ (no splits)
[7581/19601] GMOM: ✓ (no splits)
[7582/19601] GMRE: ✓ (1 split(s))
[7583/19601] GMREpA: ✓ (no splits)
[7584/19601] GMREpB: ✓ (no splits)
[7585/19601] GMS: ✓ (no splits)
[7586/19601] GMTA: ✓ (no splits)
[7587/19601] GMTX: ✓ (1 split(s))
[7588/19601] GMUB: ✓ (no splits)
[7589/19601] GMUN: ✓ (no splits)
[7590/19601] GMVD: ✓ (2 split(s))
[7591/19601] GNAC: ✓ (no splits)
[7592/19601] GMVDW: ✓ (1 split(s))
[7593/19601] GNACU: ✓ (no splits)
[7594/19601] GNAF: ✓ (no splits)
[7595/19601] GNACW: ✓ (no splits)
[7596/19601] GNCA: ✓ (no splits)
[7597/19601] GNE: ✓ (no splits)
[7598/19601] GNEpA: ✓ (no splits)
[7599/19601] GNFT: ✓ (no splits)
[7600/19601] GNK: ✓ (no splits)
[7601/19601] GNL: ✓ (no splits)
[7602/19601] GNLN: ✓ (4 split(s))
[7603/19601] GNLpA: ✓ (no splits)
[7604/19601] GNLX: ✓ (no splits)
[7605/19601] GNLpB: ✓ (no splits)
[7606/19601] GNLpD: ✓ (no splits)
[7607/19601] GNLpE: ✓ (no splits)
[7608/19601] GNMA: ✓ (no splits)
[7609/19601] GNOG: ✓ (no splits)
[7610/19601] GNMK: ✓ (no splits)
[7611/19601] GNOM: ✓ (1 split(s))
[7612/19601] GNOGW: ✓ (no splits)
[7613/19601] GNOV: ✓ (no splits)
[7614/19601] GNPK: ✓ (no splits)
[7615/19601] GNPK.U: ✓ (no splits)
[7616/19601] GNPK.WS: ✓ (no splits)
[7617/19601] GNPX: ✓ (2 split(s))
[7618/19601] GNR: ✓ (no splits)
[7619/19601] GNRC: ✓ (no splits)
[7620/19601] GNRS: ✓ (no splits)
[7621/19601] GNRSU: ✓ (no splits)
[7622/19601] GNRSW: ✓ (no splits)
[7623/19601] GNSS: ✓ (no splits)
[7624/19601] GNS: ✓ (1 split(s))
[7625/19601] GNSr: ✓ (no splits)
[7626/19601] GNSrw: ✓ (no splits)
[7627/19601] GNT: ✓ (no splits)
[7628/19601] GNTA: ✓ (no splits)
[7629/19601] GNTX: ✓ (no splits)
[7630/19601] GNTY: ✓ (1 split(s))
[7631/19601] GNTpA: ✓ (no splits)
[7632/19601] GNUS: ✓ (1 split(s))
[7633/19601] GNW: ✓ (no splits)
[7634/19601] GO: ✓ (no splits)
[7635/19601] GOAC.U: ✓ (no splits)
[7636/19601] GOAT: ✓ (no splits)
[7637/19601] GOAC.WS: ✓ (no splits)
[7638/19601] GOAC: ✓ (no splits)
[7639/19601] GOAU: ✓ (no splits)
[7640/19601] GOBI: ✓ (no splits)
[7641/19601] GOCO: ✓ (1 split(s))
[7642/19601] GOCT: ✓ (no splits)
[7643/19601] GODN: ✓ (no splits)
[7644/19601] GODNR: ✓ (no splits)
[7645/19601] GODNU: ✓ (no splits)
[7646/19601] GOED: ✓ (no splits)
[7647/19601] GOED.WS: ✓ (no splits)
[7648/19601] GOEV: ✓ (2 split(s))
[7649/19601] GOEVW: ✓ (no splits)
[7650/19601] GOEX: ✓ (no splits)
[7651/19601] GOF: ✓ (no splits)
[7652/19601] GOGN: ✓ (no splits)
[7653/19601] GOGL: ✓ (no splits)
[7654/19601] GOGN.U: ✓ (no splits)
[7655/19601] GOGO: ✓ (no splits)
[7656/19601] GOGN.WS: ✓ (no splits)
[7657/19601] GOL: ✓ (no splits)
[7658/19601] GOLD: ✓ (no splits)
[7659/19601] GOLF: ✓ (no splits)
[7660/19601] GOLY: ✓ (no splits)
[7661/19601] GOOD: ✓ (no splits)
[7662/19601] GOODM: ✓ (no splits)
[7663/19601] GOODN: ✓ (no splits)
[7664/19601] GOODO: ✓ (no splits)
[7665/19601] GOOG: ✓ (1 split(s))
[7666/19601] GOOGL: ✓ (1 split(s))
[7667/19601] GOOP: ✓ (no splits)
[7668/19601] GOOS: ✓ (no splits)
[7669/19601] GOOW: ✓ (no splits)
[7670/19601] GOOX: ✓ (no splits)
[7671/19601] GOOY: ✓ (no splits)
[7672/19601] GORO: ✓ (no splits)
[7673/19601] GOP: ✓ (no splits)
[7674/19601] GORV: ✓ (1 split(s))
[7675/19601] GOSS: ✓ (no splits)
[7676/19601] GOTU: ✓ (no splits)
[7677/19601] GOU: ✓ (no splits)
[7678/19601] GOVI: ✓ (no splits)
[7679/19601] GOVT: ✓ (no splits)
[7680/19601] GOVX: ✓ (1 split(s))
[7681/19601] GOVXW: ✓ (no splits)
[7682/19601] GOVZ: ✓ (no splits)
[7683/19601] GP: ✓ (1 split(s))
[7684/19601] GPAC: ✓ (no splits)
[7685/19601] GPACU: ✓ (no splits)
[7686/19601] GPACW: ✓ (no splits)
[7687/19601] GPAK: ✓ (no splits)
[7688/19601] GPAL: ✓ (no splits)
[7689/19601] GPAT: ✓ (no splits)
[7690/19601] GPATU: ✓ (no splits)
[7691/19601] GPATW: ✓ (no splits)
[7692/19601] GPC: ✓ (no splits)
[7693/19601] GPCOR: ✓ (no splits)
[7694/19601] GPCO: ✓ (no splits)
[7695/19601] GPCOU: ✓ (no splits)
[7696/19601] GPCOW: ✓ (no splits)
[7697/19601] GPCR: ✓ (no splits)
[7698/19601] GPI: ✓ (no splits)
[7699/19601] GPIQ: ✓ (no splits)
[7700/19601] GPIX: ✓ (no splits)
[7701/19601] GPJA: ✓ (no splits)
[7702/19601] GPK: ✓ (no splits)
[7703/19601] GPM: ✓ (no splits)
[7704/19601] GPL: ✓ (1 split(s))
[7705/19601] GPMT: ✓ (no splits)
[7706/19601] GPMTpA: ✓ (no splits)
[7707/19601] GPN: ✓ (no splits)
[7708/19601] GPOR: ✓ (no splits)
[7709/19601] GPP: ✓ (no splits)
[7710/19601] GPOW: ✓ (no splits)
[7711/19601] GPRE: ✓ (no splits)
[7712/19601] GPRF: ✓ (no splits)
[7713/19601] GPRO: ✓ (no splits)
[7714/19601] GPRK: ✓ (no splits)
[7715/19601] GPS: ✓ (no splits)
[7716/19601] GPT: ✓ (no splits)
[7717/19601] GPTY: ✓ (no splits)
[7718/19601] GPUS: ✓ (6 split(s))
[7719/19601] GPUSpD: ✓ (no splits)
[7720/19601] GPX: ✓ (no splits)
[7721/19601] GPZ: ✓ (no splits)
[7722/19601] GQGU: ✓ (no splits)
[7723/19601] GQI: ✓ (no splits)
[7724/19601] GQRE: ✓ (no splits)
[7725/19601] GQQQ: ✓ (no splits)
[7726/19601] GRAB: ✓ (no splits)
[7727/19601] GRA: ✓ (no splits)
[7728/19601] GRABW: ✓ (no splits)
[7729/19601] GRAF: ✓ (no splits)
[7730/19601] GRAF.U: ✓ (no splits)
[7731/19601] GRAF.WS: ✓ (no splits)
[7732/19601] GRAL: ✓ (no splits)
[7733/19601] GRAN: ✓ (no splits)
[7734/19601] GRBK: ✓ (no splits)
[7735/19601] GRALV: ✓ (no splits)
[7736/19601] GRAY: ✓ (no splits)
[7737/19601] GRBKpA: ✓ (no splits)
[7738/19601] GRCE: ✓ (no splits)
[7739/19601] GRC: ✓ (no splits)
[7740/19601] GRCL: ✓ (no splits)
[7741/19601] GRCYU: ✓ (no splits)
[7742/19601] GRCY: ✓ (no splits)
[7743/19601] GRCYW: ✓ (no splits)
[7744/19601] GRDIW: ✓ (no splits)
[7745/19601] GRDI: ✓ (no splits)
[7746/19601] GRDX: ✓ (no splits)
[7747/19601] GRDN: ✓ (no splits)
[7748/19601] GREE: ✓ (1 split(s))
[7749/19601] GREI: ✓ (no splits)
[7750/19601] GREEL: ✓ (no splits)
[7751/19601] GREK: ✓ (no splits)
[7752/19601] GRES: ✓ (no splits)
[7753/19601] GRF: ✓ (no splits)
[7754/19601] GRFS: ✓ (no splits)
[7755/19601] GRID: ✓ (no splits)
[7756/19601] GRFX: ✓ (1 split(s))
[7757/19601] GRI: ✓ (3 split(s))
[7758/19601] GRIL: ✓ (no splits)
[7759/19601] GRIF: ✓ (no splits)
[7760/19601] GRIN: ✓ (no splits)
[7761/19601] GRMN: ✓ (no splits)
[7762/19601] GRN: ✓ (1 split(s))
[7763/19601] GRNA: ✓ (no splits)
[7764/19601] GRNAW: ✓ (no splits)
[7765/19601] GRNB: ✓ (no splits)
[7766/19601] GRND: ✓ (no splits)
[7767/19601] GRND.WS: ✓ (no splits)
[7768/19601] GRNI: ✓ (no splits)
[7769/19601] GRNJ: ✓ (no splits)
[7770/19601] GRNQ: ✓ (1 split(s))
[7771/19601] GRNR: ✓ (no splits)
[7772/19601] GRNT: ✓ (1 split(s))
[7773/19601] GRNT.WS: ✓ (no splits)
[7774/19601] GRNV: ✓ (no splits)
[7775/19601] GRNVW: ✓ (no splits)
[7776/19601] GRNVR: ✓ (no splits)
[7777/19601] GRNVU: ✓ (no splits)
[7778/19601] GRO: ✓ (no splits)
[7779/19601] GRNY: ✓ (no splits)
[7780/19601] GROM: ✓ (2 split(s))
[7781/19601] GROMW: ✓ (1 split(s))
[7782/19601] GROV: ✓ (1 split(s))
[7783/19601] GROV.WS: ✓ (no splits)
[7784/19601] GROW: ✓ (no splits)
[7785/19601] GROY: ✓ (no splits)
[7786/19601] GROY.WS: ✓ (no splits)
[7787/19601] GROZ: ✓ (no splits)
[7788/19601] GRP.U: ✓ (no splits)
[7789/19601] GRPM: ✓ (no splits)
[7790/19601] GRPH: ✓ (1 split(s))
[7791/19601] GRPN: ✓ (no splits)
[7792/19601] GRPZ: ✓ (no splits)
[7793/19601] GRRR: ✓ (1 split(s))
[7794/19601] GRRRW: ✓ (no splits)
[7795/19601] GRSV: ✓ (no splits)
[7796/19601] GRSVU: ✓ (no splits)
[7797/19601] GRSVW: ✓ (no splits)
[7798/19601] GRTS: ✓ (no splits)
[7799/19601] GRTX: ✓ (no splits)
[7800/19601] GRU: ✓ (no splits)
[7801/19601] GRUB: ✓ (1 split(s))
[7802/19601] GRVI: ✓ (no splits)
[7803/19601] GRVY: ✓ (no splits)
[7804/19601] GRW: ✓ (no splits)
[7805/19601] GRWG: ✓ (no splits)
[7806/19601] GRXpB: ✓ (no splits)
[7807/19601] GRX: ✓ (no splits)
[7808/19601] GRYP: ✓ (1 split(s))
[7809/19601] GRZZ: ✓ (no splits)
[7810/19601] GS: ✓ (no splits)
[7811/19601] GSAH: ✓ (no splits)
[7812/19601] GSAH.U: ✓ (no splits)
[7813/19601] GSAH.WS: ✓ (no splits)
[7814/19601] GSAQ: ✓ (no splits)
[7815/19601] GSAQU: ✓ (no splits)
[7816/19601] GSAQW: ✓ (no splits)
[7817/19601] GSAT: ✓ (1 split(s))
[7818/19601] GSC: ✓ (no splits)
[7819/19601] GSBC: ✓ (no splits)
[7820/19601] GSBD: ✓ (no splits)
[7821/19601] GSD: ✓ (no splits)
[7822/19601] GSDWU: ✓ (no splits)
[7823/19601] GSDWW: ✓ (no splits)
[7824/19601] GSEE: ✓ (no splits)
[7825/19601] GSEV: ✓ (no splits)
[7826/19601] GSEU: ✓ (no splits)
[7827/19601] GSEP: ✓ (no splits)
[7828/19601] GSEVU: ✓ (no splits)
[7829/19601] GSEVW: ✓ (no splits)
[7830/19601] GSEW: ✓ (no splits)
[7831/19601] GSFP: ✓ (no splits)
[7832/19601] GSG: ✓ (no splits)
[7833/19601] GSGO: ✓ (no splits)
[7834/19601] GSHD: ✓ (no splits)
[7835/19601] GSHR: ✓ (no splits)
[7836/19601] GSHRU: ✓ (no splits)
[7837/19601] GSHRW: ✓ (no splits)
[7838/19601] GSIB: ✓ (no splits)
[7839/19601] GSID: ✓ (no splits)
[7840/19601] GSIG: ✓ (no splits)
[7841/19601] GSIE: ✓ (no splits)
[7842/19601] GSIT: ✓ (no splits)
[7843/19601] GSIW: ✓ (no splits)
[7844/19601] GSJY: ✓ (no splits)
[7845/19601] GSKH: ✓ (no splits)
[7846/19601] GSK: ✓ (1 split(s))
[7847/19601] GSKY: ✓ (no splits)
[7848/19601] GSKw: ✓ (no splits)
[7849/19601] GSLC: ✓ (no splits)
[7850/19601] GSL: ✓ (no splits)
[7851/19601] GSLD: ✓ (no splits)
[7852/19601] GSLpB: ✓ (no splits)
[7853/19601] GSM: ✓ (no splits)
[7854/19601] GSMG: ✓ (no splits)
[7855/19601] GSMGW: ✓ (no splits)
[7856/19601] GSOL: ✓ (1 split(s))
[7857/19601] GSP: ✓ (no splits)
[7858/19601] GSPY: ✓ (no splits)
[7859/19601] GSQB: ✓ (no splits)
[7860/19601] GSQB.U: ✓ (no splits)
[7861/19601] GSQB.WS: ✓ (no splits)
[7862/19601] GSQD: ✓ (no splits)
[7863/19601] GSQD.U: ✓ (no splits)
[7864/19601] GSQD.WS: ✓ (no splits)
[7865/19601] GSRF: ✓ (no splits)
[7866/19601] GSRFR: ✓ (no splits)
[7867/19601] GSRM: ✓ (no splits)
[7868/19601] GSRFU: ✓ (no splits)
[7869/19601] GSRMR: ✓ (no splits)
[7870/19601] GSRMU: ✓ (no splits)
[7871/19601] GSRMW: ✓ (no splits)
[7872/19601] GSRT: ✓ (no splits)
[7873/19601] GSRTR: ✓ (no splits)
[7874/19601] GSRTU: ✓ (no splits)
[7875/19601] GSS: ✓ (no splits)
[7876/19601] GSSC: ✓ (no splits)
[7877/19601] GSST: ✓ (no splits)
[7878/19601] GSUM: ✓ (no splits)
[7879/19601] GSUS: ✓ (no splits)
[7880/19601] GSV: ✓ (no splits)
[7881/19601] GSUN: ✓ (1 split(s))
[7882/19601] GSX: ✓ (no splits)
[7883/19601] GSY: ✓ (no splits)
[7884/19601] GSpA: ✓ (no splits)
[7885/19601] GSpC: ✓ (no splits)
[7886/19601] GSpD: ✓ (no splits)
[7887/19601] GSpJ: ✓ (no splits)
[7888/19601] GSpK: ✓ (no splits)
[7889/19601] GSpN: ✓ (no splits)
[7890/19601] GTAC: ✓ (no splits)
[7891/19601] GTACU: ✓ (no splits)
[7892/19601] GT: ✓ (no splits)
[7893/19601] GTACW: ✓ (no splits)
[7894/19601] GTBP: ✓ (2 split(s))
[7895/19601] GTE: ✓ (1 split(s))
[7896/19601] GTEC: ✓ (no splits)
[7897/19601] GTEK: ✓ (no splits)
[7898/19601] GTEN: ✓ (no splits)
[7899/19601] GTENW: ✓ (no splits)
[7900/19601] GTENU: ✓ (no splits)
[7901/19601] GTERA: ✓ (no splits)
[7902/19601] GTERW: ✓ (no splits)
[7903/19601] GTERR: ✓ (no splits)
[7904/19601] GTERU: ✓ (no splits)
[7905/19601] GTES: ✓ (no splits)
[7906/19601] GTH: ✓ (1 split(s))
[7907/19601] GTHX: ✓ (no splits)
[7908/19601] GTI: ✓ (1 split(s))
[7909/19601] GTIM: ✓ (no splits)
[7910/19601] GTLS: ✓ (no splits)
[7911/19601] GTIP: ✓ (no splits)
[7912/19601] GTLB: ✓ (no splits)
[7913/19601] GTLSpB: ✓ (no splits)
[7914/19601] GTM: ✓ (no splits)
[7915/19601] GTN: ✓ (no splits)
[7916/19601] GTN.A: ✓ (no splits)
[7917/19601] GTO: ✓ (no splits)
[7918/19601] GTOC: ✓ (no splits)
[7919/19601] GTPA: ✓ (no splits)
[7920/19601] GTPAU: ✓ (no splits)
[7921/19601] GTOS: ✓ (no splits)
[7922/19601] GTPAW: ✓ (no splits)
[7923/19601] GTPB: ✓ (no splits)
[7924/19601] GTPBU: ✓ (no splits)
[7925/19601] GTPBW: ✓ (no splits)
[7926/19601] GTPE: ✓ (no splits)
[7927/19601] GTR: ✓ (no splits)
[7928/19601] GTS: ✓ (no splits)
[7929/19601] GTT: ✓ (no splits)
[7930/19601] GTX: ✓ (no splits)
[7931/19601] GTXAP: ✓ (no splits)
[7932/19601] GTYH: ✓ (no splits)
[7933/19601] GTY: ✓ (no splits)
[7934/19601] GUDB: ✓ (no splits)
[7935/19601] GUG: ✓ (no splits)
[7936/19601] GUMI: ✓ (no splits)
[7937/19601] GUNR: ✓ (no splits)
[7938/19601] GUNZ: ✓ (no splits)
[7939/19601] GURU: ✓ (no splits)
[7940/19601] GUSA: ✓ (no splits)
[7941/19601] GURE: ✓ (1 split(s))
[7942/19601] GUSE: ✓ (no splits)
[7943/19601] GUT: ✓ (no splits)
[7944/19601] GUSH: ✓ (1 split(s))
[7945/19601] GUTS: ✓ (no splits)
[7946/19601] GUTpA: ✓ (no splits)
[7947/19601] GUTpC: ✓ (no splits)
[7948/19601] GUTr: ✓ (no splits)
[7949/19601] GUTrw: ✓ (no splits)
[7950/19601] GV: ✓ (1 split(s))
[7951/19601] GVA: ✓ (no splits)
[7952/19601] GVCI: ✓ (no splits)
[7953/19601] GVAL: ✓ (no splits)
[7954/19601] GVCIU: ✓ (no splits)
[7955/19601] GVCIW: ✓ (no splits)
[7956/19601] GVI: ✓ (no splits)
[7957/19601] GVH: ✓ (1 split(s))
[7958/19601] GVIP: ✓ (no splits)
[7959/19601] GVLE: ✓ (no splits)
[7960/19601] GVLU: ✓ (no splits)
[7961/19601] GVP: ✓ (1 split(s))
[7962/19601] GVUS: ✓ (no splits)
[7963/19601] GWACW: ✓ (no splits)
[7964/19601] GWAC: ✓ (no splits)
[7965/19601] GWAV: ✓ (2 split(s))
[7966/19601] GWB: ✓ (no splits)
[7967/19601] GWGH: ✓ (no splits)
[7968/19601] GWH.WS: ✓ (no splits)
[7969/19601] GWH: ✓ (1 split(s))
[7970/19601] GWII: ✓ (no splits)
[7971/19601] GWIIU: ✓ (no splits)
[7972/19601] GWIIW: ✓ (no splits)
[7973/19601] GWPH: ✓ (no splits)
[7974/19601] GWRE: ✓ (no splits)
[7975/19601] GWRS: ✓ (no splits)
[7976/19601] GWX: ✓ (no splits)
[7977/19601] GWW: ✓ (no splits)
[7978/19601] GXAI: ✓ (1 split(s))
[7979/19601] GXC: ✓ (no splits)
[7980/19601] GXDW: ✓ (no splits)
[7981/19601] GXF: ✓ (no splits)
[7982/19601] GXG: ✓ (no splits)
[7983/19601] GXGX: ✓ (no splits)
[7984/19601] GXGXU: ✓ (no splits)
[7985/19601] GXGXW: ✓ (no splits)
[7986/19601] GXIG: ✓ (no splits)
[7987/19601] GXII: ✓ (no splits)
[7988/19601] GXIIU: ✓ (no splits)
[7989/19601] GXIIW: ✓ (no splits)
[7990/19601] GXLC: ✓ (no splits)
[7991/19601] GXO: ✓ (no splits)
[7992/19601] GXPC: ✓ (no splits)
[7993/19601] GXOw: ✓ (no splits)
[7994/19601] GXPD: ✓ (no splits)
[7995/19601] GXPE: ✓ (no splits)
[7996/19601] GXPS: ✓ (no splits)
[7997/19601] GXPT: ✓ (no splits)
[7998/19601] GXRP: ✓ (no splits)
[7999/19601] GXTG: ✓ (no splits)
[8000/19601] GYC: ✓ (no splits)
  → Checkpoint saved: 978 splits so far
[8001/19601] GXUS: ✓ (no splits)
[8002/19601] GYLD: ✓ (no splits)
[8003/19601] GYRO: ✓ (no splits)
[8004/19601] GYRE: ✓ (1 split(s))
[8005/19601] HA: ✓ (no splits)
[8006/19601] H: ✓ (no splits)
[8007/19601] HAAC: ✓ (no splits)
[8008/19601] HAACU: ✓ (no splits)
[8009/19601] HAACW: ✓ (no splits)
[8010/19601] HACK: ✓ (no splits)
[8011/19601] HAE: ✓ (no splits)
[8012/19601] HAFC: ✓ (no splits)
[8013/19601] HAFN: ✓ (no splits)
[8014/19601] HAIA: ✓ (no splits)
[8015/19601] HAIAU: ✓ (no splits)
[8016/19601] HAIAW: ✓ (no splits)
[8017/19601] HAIL: ✓ (no splits)
[8018/19601] HAIN: ✓ (no splits)
[8019/19601] HAL: ✓ (no splits)
[8020/19601] HALL: ✓ (1 split(s))
[8021/19601] HALO: ✓ (no splits)
[8022/19601] HAO: ✓ (1 split(s))
[8023/19601] HAPI: ✓ (no splits)
[8024/19601] HAP: ✓ (no splits)
[8025/19601] HAPP: ✓ (no splits)
[8026/19601] HAPR: ✓ (no splits)
[8027/19601] HAPS: ✓ (no splits)
[8028/19601] HARD: ✓ (no splits)
[8029/19601] HAPY: ✓ (no splits)
[8030/19601] HART: ✓ (no splits)
[8031/19601] HARP: ✓ (1 split(s))
[8032/19601] HAS: ✓ (no splits)
[8033/19601] HASI: ✓ (no splits)
[8034/19601] HAUS: ✓ (no splits)
[8035/19601] HAUZ: ✓ (no splits)
[8036/19601] HAWX: ✓ (no splits)
[8037/19601] HAVAU: ✓ (no splits)
[8038/19601] HAYN: ✓ (no splits)
[8039/19601] HAYW: ✓ (no splits)
[8040/19601] HBANL: ✓ (no splits)
[8041/19601] HBAN: ✓ (no splits)
[8042/19601] HBANM: ✓ (no splits)
[8043/19601] HBANO: ✓ (no splits)
[8044/19601] HBANN: ✓ (no splits)
[8045/19601] HBANP: ✓ (no splits)
[8046/19601] HBB: ✓ (no splits)
[8047/19601] HBDC: ✓ (no splits)
[8048/19601] HBCP: ✓ (no splits)
[8049/19601] HBI: ✓ (no splits)
[8050/19601] HBIO: ✓ (no splits)
[8051/19601] HBM: ✓ (no splits)
[8052/19601] HBMD: ✓ (no splits)
[8053/19601] HBNC: ✓ (no splits)
[8054/19601] HBNB: ✓ (no splits)
[8055/19601] HBP: ✓ (no splits)
[8056/19601] HBR: ✓ (no splits)
[8057/19601] HBT: ✓ (no splits)
[8058/19601] HBTA: ✓ (no splits)
[8059/19601] HBTC: ✓ (no splits)
[8060/19601] HCA: ✓ (no splits)
[8061/19601] HCAC: ✓ (no splits)
[8062/19601] HCACU: ✓ (no splits)
[8063/19601] HCACW: ✓ (no splits)
[8064/19601] HCAI: ✓ (no splits)
[8065/19601] HCAP: ✓ (no splits)
[8066/19601] HCAPZ: ✓ (no splits)
[8067/19601] HCAR: ✓ (no splits)
[8068/19601] HCAQ: ✓ (no splits)
[8069/19601] HCARW: ✓ (no splits)
[8070/19601] HCARU: ✓ (no splits)
[8071/19601] HCC: ✓ (no splits)
[8072/19601] HCCC: ✓ (no splits)
[8073/19601] HCCCU: ✓ (no splits)
[8074/19601] HCAT: ✓ (no splits)
[8075/19601] HCCCW: ✓ (no splits)
[8076/19601] HCCH: ✓ (no splits)
[8077/19601] HCCHR: ✓ (no splits)
[8078/19601] HCCI: ✓ (no splits)
[8079/19601] HCDI: ✓ (1 split(s))
[8080/19601] HCDIP: ✓ (no splits)
[8081/19601] HCCHW: ✓ (no splits)
[8082/19601] HCDIW: ✓ (no splits)
[8083/19601] HCDIZ: ✓ (no splits)
[8084/19601] HCFT: ✓ (no splits)
[8085/19601] HCHC: ✓ (no splits)
[8086/19601] HCHL: ✓ (no splits)
[8087/19601] HCIC: ✓ (no splits)
[8088/19601] HCI: ✓ (no splits)
[8089/19601] HCICU: ✓ (no splits)
[8090/19601] HCICW: ✓ (no splits)
[8091/19601] HCIIU: ✓ (no splits)
[8092/19601] HCII: ✓ (no splits)
[8093/19601] HCKT: ✓ (no splits)
[8094/19601] HCIIW: ✓ (no splits)
[8095/19601] HCM: ✓ (no splits)
[8096/19601] HCMA: ✓ (no splits)
[8097/19601] HCMAU: ✓ (no splits)
[8098/19601] HCMAW: ✓ (no splits)
[8099/19601] HCMT: ✓ (no splits)
[8100/19601] HCNE: ✓ (no splits)
[8101/19601] HCNEU: ✓ (no splits)
[8102/19601] HCNEW: ✓ (no splits)
[8103/19601] HCOM: ✓ (no splits)
[8104/19601] HCOW: ✓ (no splits)
[8105/19601] HCRB: ✓ (no splits)
[8106/19601] HCP: ✓ (no splits)
[8107/19601] HCTI: ✓ (2 split(s))
[8108/19601] HCSG: ✓ (no splits)
[8109/19601] HCVI: ✓ (no splits)
[8110/19601] HCVIU: ✓ (no splits)
[8111/19601] HCVIW: ✓ (no splits)
[8112/19601] HCWC: ✓ (no splits)
[8113/19601] HCXY: ✓ (no splits)
[8114/19601] HCWB: ✓ (1 split(s))
[8115/19601] HDAW: ✓ (no splits)
[8116/19601] HCXZ: ✓ (no splits)
[8117/19601] HD: ✓ (no splits)
[8118/19601] HDB: ✓ (1 split(s))
[8119/19601] HDEF: ✓ (no splits)
[8120/19601] HDG: ✓ (no splits)
[8121/19601] HDGE: ✓ (1 split(s))
[8122/19601] HDIV: ✓ (no splits)
[8123/19601] HDL: ✓ (no splits)
[8124/19601] HDLB: ✓ (no splits)
[8125/19601] HDMV: ✓ (no splits)
[8126/19601] HDRO: ✓ (1 split(s))
[8127/19601] HDS: ✓ (no splits)
[8128/19601] HDV: ✓ (no splits)
[8129/19601] HDSN: ✓ (no splits)
[8130/19601] HDUS: ✓ (no splits)
[8131/19601] HE: ✓ (no splits)
[8132/19601] HEAR: ✓ (no splits)
[8133/19601] HEAL: ✓ (1 split(s))
[8134/19601] HEAT: ✓ (no splits)
[8135/19601] HECCU: ✓ (no splits)
[8136/19601] HEC: ✓ (no splits)
[8137/19601] HECA: ✓ (no splits)
[8138/19601] HECCW: ✓ (no splits)
[8139/19601] HECO: ✓ (no splits)
[8140/19601] HEDG: ✓ (no splits)
[8141/19601] HEEM: ✓ (no splits)
[8142/19601] HEDJ: ✓ (1 split(s))
[8143/19601] HEES: ✓ (no splits)
[8144/19601] HEET: ✓ (no splits)
[8145/19601] HEFA: ✓ (no splits)
[8146/19601] HEFT: ✓ (no splits)
[8147/19601] HEGD: ✓ (no splits)
[8148/19601] HEI: ✓ (no splits)
[8149/19601] HEI.A: ✓ (no splits)
[8150/19601] HEJD: ✓ (no splits)
[8151/19601] HELE: ✓ (no splits)
[8152/19601] HELO: ✓ (no splits)
[8153/19601] HELX: ✓ (no splits)
[8154/19601] HEP: ✓ (no splits)
[8155/19601] HEQ: ✓ (no splits)
[8156/19601] HEQQ: ✓ (no splits)
[8157/19601] HEPS: ✓ (no splits)
[8158/19601] HEQT: ✓ (no splits)
[8159/19601] HEPA: ✓ (2 split(s))
[8160/19601] HERA: ✓ (no splits)
[8161/19601] HERAU: ✓ (no splits)
[8162/19601] HERAW: ✓ (no splits)
[8163/19601] HERD: ✓ (no splits)
[8164/19601] HERE: ✓ (no splits)
[8165/19601] HERO: ✓ (no splits)
[8166/19601] HERZ: ✓ (no splits)
[8167/19601] HES: ✓ (no splits)
[8168/19601] HEWG: ✓ (no splits)
[8169/19601] HESM: ✓ (no splits)
[8170/19601] HEWJ: ✓ (no splits)
[8171/19601] HEWC: ✓ (no splits)
[8172/19601] HEWU: ✓ (no splits)
[8173/19601] HEWW: ✓ (no splits)
[8174/19601] HEXO: ✓ (2 split(s))
[8175/19601] HEZU: ✓ (no splits)
[8176/19601] HF: ✓ (no splits)
[8177/19601] HFEN: ✓ (no splits)
[8178/19601] HFFG: ✓ (no splits)
[8179/19601] HFGM: ✓ (no splits)
[8180/19601] HFEQ: ✓ (no splits)
[8181/19601] HFC: ✓ (no splits)
[8182/19601] HFBL: ✓ (1 split(s))
[8183/19601] HFGO: ✓ (no splits)
[8184/19601] HFMF: ✓ (no splits)
[8185/19601] HFND: ✓ (no splits)
[8186/19601] HFRO: ✓ (no splits)
[8187/19601] HFROpA: ✓ (no splits)
[8188/19601] HFROpB: ✓ (no splits)
[8189/19601] HFWA: ✓ (no splits)
[8190/19601] HFSI: ✓ (no splits)
[8191/19601] HFSP: ✓ (no splits)
[8192/19601] HFXI: ✓ (no splits)
[8193/19601] HG: ✓ (no splits)
[8194/19601] HGAS: ✓ (no splits)
[8195/19601] HGASW: ✓ (no splits)
[8196/19601] HGBL: ✓ (no splits)
[8197/19601] HGEN: ✓ (no splits)
[8198/19601] HGH: ✓ (no splits)
[8199/19601] HGSH: ✓ (no splits)
[8200/19601] HGER: ✓ (no splits)
[8201/19601] HGLB: ✓ (no splits)
[8202/19601] HGRO: ✓ (no splits)
[8203/19601] HGTY: ✓ (no splits)
[8204/19601] HGTY.WS: ✓ (no splits)
[8205/19601] HGV: ✓ (no splits)
[8206/19601] HHC: ✓ (no splits)
[8207/19601] HHGC: ✓ (no splits)
[8208/19601] HHGCR: ✓ (no splits)
[8209/19601] HHGCU: ✓ (no splits)
[8210/19601] HHH: ✓ (no splits)
[8211/19601] HHGCW: ✓ (no splits)
[8212/19601] HHHw: ✓ (no splits)
[8213/19601] HHLA: ✓ (no splits)
[8214/19601] HHLA.U: ✓ (no splits)
[8215/19601] HHLA.WS: ✓ (no splits)
[8216/19601] HHR: ✓ (no splits)
[8217/19601] HHRS: ✓ (no splits)
[8218/19601] HHRSW: ✓ (no splits)
[8219/19601] HHS: ✓ (no splits)
[8220/19601] HI: ✓ (no splits)
[8221/19601] HIBB: ✓ (no splits)
[8222/19601] HIBS: ✓ (2 split(s))
[8223/19601] HIDE: ✓ (no splits)
[8224/19601] HIBL: ✓ (1 split(s))
[8225/19601] HIDV: ✓ (no splits)
[8226/19601] HIE: ✓ (no splits)
[8227/19601] HIFS: ✓ (no splits)
[8228/19601] HIG: ✓ (no splits)
[8229/19601] HIGA.WS: ✓ (no splits)
[8230/19601] HIGA: ✓ (no splits)
[8231/19601] HIGA.U: ✓ (no splits)
[8232/19601] HIGH: ✓ (no splits)
[8233/19601] HIGpG: ✓ (no splits)
[8234/19601] HIHO: ✓ (no splits)
[8235/19601] HII: ✓ (no splits)
[8236/19601] HIII: ✓ (no splits)
[8237/19601] HIIIU: ✓ (no splits)
[8238/19601] HIIIW: ✓ (no splits)
[8239/19601] HIL: ✓ (no splits)
[8240/19601] HIMS: ✓ (no splits)
[8241/19601] HIMS.WS: ✓ (no splits)
[8242/19601] HILS: ✓ (no splits)
[8243/19601] HIMY: ✓ (no splits)
[8244/19601] HIMX: ✓ (no splits)
[8245/19601] HIMZ: ✓ (no splits)
[8246/19601] HIMU: ✓ (no splits)
[8247/19601] HIND: ✓ (1 split(s))
[8248/19601] HIO: ✓ (no splits)
[8249/19601] HIPO: ✓ (1 split(s))
[8250/19601] HIPO.WS: ✓ (no splits)
[8251/19601] HIPS: ✓ (no splits)
[8252/19601] HIT: ✓ (no splits)
[8253/19601] HIPR: ✓ (no splits)
[8254/19601] HISF: ✓ (no splits)
[8255/19601] HIVE: ✓ (1 split(s))
[8256/19601] HITI: ✓ (1 split(s))
[8257/19601] HIW: ✓ (no splits)
[8258/19601] HIX: ✓ (no splits)
[8259/19601] HIXr: ✓ (no splits)
[8260/19601] HIXrw: ✓ (no splits)
[8261/19601] HIYS: ✓ (no splits)
[8262/19601] HIYY: ✓ (no splits)
[8263/19601] HJEN: ✓ (no splits)
[8264/19601] HJLI: ✓ (no splits)
[8265/19601] HJLIW: ✓ (no splits)
[8266/19601] HJAN: ✓ (no splits)
[8267/19601] HJPX: ✓ (no splits)
[8268/19601] HJUL: ✓ (no splits)
[8269/19601] HKD: ✓ (no splits)
[8270/19601] HKIB: ✓ (no splits)
[8271/19601] HKIT: ✓ (no splits)
[8272/19601] HKND: ✓ (no splits)
[8273/19601] HKPD: ✓ (no splits)
[8274/19601] HLAH: ✓ (no splits)
[8275/19601] HL: ✓ (no splits)
[8276/19601] HLAHU: ✓ (no splits)
[8277/19601] HLAHW: ✓ (no splits)
[8278/19601] HLAL: ✓ (no splits)
[8279/19601] HLBZ: ✓ (1 split(s))
[8280/19601] HLBZW: ✓ (no splits)
[8281/19601] HLF: ✓ (no splits)
[8282/19601] HLG: ✓ (no splits)
[8283/19601] HLGE: ✓ (no splits)
[8284/19601] HLI: ✓ (no splits)
[8285/19601] HLGN.WS: ✓ (no splits)
[8286/19601] HLIO: ✓ (no splits)
[8287/19601] HLGN: ✓ (1 split(s))
[8288/19601] HLIT: ✓ (no splits)
[8289/19601] HLLY: ✓ (no splits)
[8290/19601] HLLY.WS: ✓ (no splits)
[8291/19601] HLMN: ✓ (no splits)
[8292/19601] HLMNW: ✓ (no splits)
[8293/19601] HLMp: ✓ (no splits)
[8294/19601] HLNE: ✓ (no splits)
[8295/19601] HLN: ✓ (no splits)
[8296/19601] HLNw: ✓ (no splits)
[8297/19601] HLP: ✓ (no splits)
[8298/19601] HLT: ✓ (no splits)
[8299/19601] HLTH: ✓ (no splits)
[8300/19601] HLVX: ✓ (no splits)
[8301/19601] HLX: ✓ (no splits)
[8302/19601] HLXA: ✓ (no splits)
[8303/19601] HLXB: ✓ (no splits)
[8304/19601] HMA: ✓ (no splits)
[8305/19601] HLpB: ✓ (no splits)
[8306/19601] HMAC: ✓ (no splits)
[8307/19601] HMA.U: ✓ (no splits)
[8308/19601] HMA.WS: ✓ (no splits)
[8309/19601] HMACR: ✓ (no splits)
[8310/19601] HMACU: ✓ (no splits)
[8311/19601] HMACW: ✓ (no splits)
[8312/19601] HMC: ✓ (no splits)
[8313/19601] HMCO: ✓ (no splits)
[8314/19601] HMCOW: ✓ (no splits)
[8315/19601] HMCOU: ✓ (no splits)
[8316/19601] HMHC: ✓ (no splits)
[8317/19601] HMG: ✓ (no splits)
[8318/19601] HMI: ✓ (no splits)
[8319/19601] HMLP: ✓ (no splits)
[8320/19601] HMN: ✓ (no splits)
[8321/19601] HMLPpA: ✓ (no splits)
[8322/19601] HMNF: ✓ (no splits)
[8323/19601] HMOP: ✓ (no splits)
[8324/19601] HMPT: ✓ (no splits)
[8325/19601] HMR: ✓ (no splits)
[8326/19601] HMSY: ✓ (no splits)
[8327/19601] HMST: ✓ (no splits)
[8328/19601] HMTV: ✓ (no splits)
[8329/19601] HMY: ✓ (no splits)
[8330/19601] HMYY: ✓ (no splits)
[8331/19601] HNDL: ✓ (no splits)
[8332/19601] HNGE: ✓ (no splits)
[8333/19601] HNGR: ✓ (no splits)
[8334/19601] HNI: ✓ (no splits)
[8335/19601] HNNA: ✓ (no splits)
[8336/19601] HNNAZ: ✓ (no splits)
[8337/19601] HNP: ✓ (no splits)
[8338/19601] HNRA: ✓ (no splits)
[8339/19601] HNRA.U: ✓ (no splits)
[8340/19601] HNRA.WS: ✓ (no splits)
[8341/19601] HNRG: ✓ (no splits)
[8342/19601] HNST: ✓ (no splits)
[8343/19601] HNVR: ✓ (no splits)
[8344/19601] HNW: ✓ (no splits)
[8345/19601] HOCT: ✓ (no splits)
[8346/19601] HODU: ✓ (no splits)
[8347/19601] HODL: ✓ (1 split(s))
[8348/19601] HOFT: ✓ (no splits)
[8349/19601] HOFV: ✓ (1 split(s))
[8350/19601] HOFVW: ✓ (no splits)
[8351/19601] HOG: ✓ (no splits)
[8352/19601] HOII: ✓ (no splits)
[8353/19601] HOL: ✓ (no splits)
[8354/19601] HOLA: ✓ (no splits)
[8355/19601] HOLD: ✓ (no splits)
[8356/19601] HOLI: ✓ (no splits)
[8357/19601] HOLOW: ✓ (no splits)
[8358/19601] HOLO: ✓ (3 split(s))
[8359/19601] HOLUU: ✓ (no splits)
[8360/19601] HOLX: ✓ (no splits)
[8361/19601] HOLUW: ✓ (no splits)
[8362/19601] HOM: ✓ (no splits)
[8363/19601] HOMB: ✓ (no splits)
[8364/19601] HOME: ✓ (no splits)
[8365/19601] HOMZ: ✓ (no splits)
[8366/19601] HON: ✓ (no splits)
[8367/19601] HOND: ✓ (no splits)
[8368/19601] HONDU: ✓ (no splits)
[8369/19601] HONDW: ✓ (no splits)
[8370/19601] HONE: ✓ (no splits)
[8371/19601] HONIV: ✓ (no splits)
[8372/19601] HOOD: ✓ (no splits)
[8373/19601] HOOG: ✓ (no splits)
[8374/19601] HOOI: ✓ (no splits)
[8375/19601] HOOK: ✓ (1 split(s))
[8376/19601] HOOW: ✓ (no splits)
[8377/19601] HOOX: ✓ (no splits)
[8378/19601] HOOY: ✓ (no splits)
[8379/19601] HOOZ: ✓ (no splits)
[8380/19601] HOPE: ✓ (no splits)
[8381/19601] HORI: ✓ (no splits)
[8382/19601] HORIU: ✓ (no splits)
[8383/19601] HORIW: ✓ (no splits)
[8384/19601] HOTH: ✓ (1 split(s))
[8385/19601] HOTL: ✓ (no splits)
[8386/19601] HOUR: ✓ (no splits)
[8387/19601] HOUS: ✓ (no splits)
[8388/19601] HOV: ✓ (no splits)
[8389/19601] HOVNP: ✓ (no splits)
[8390/19601] HOVR: ✓ (no splits)
[8391/19601] HOVRW: ✓ (no splits)
[8392/19601] HOWL: ✓ (no splits)
[8393/19601] HOYY: ✓ (no splits)
[8394/19601] HP: ✓ (no splits)
[8395/19601] HPAI: ✓ (no splits)
[8396/19601] HPAIW: ✓ (no splits)
[8397/19601] HPCO: ✓ (1 split(s))
[8398/19601] HPE: ✓ (no splits)
[8399/19601] HPEpC: ✓ (no splits)
[8400/19601] HPF: ✓ (no splits)
[8401/19601] HPI: ✓ (no splits)
[8402/19601] HPH: ✓ (1 split(s))
[8403/19601] HPK: ✓ (no splits)
[8404/19601] HPKEW: ✓ (no splits)
[8405/19601] HPLT: ✓ (no splits)
[8406/19601] HPLTU: ✓ (no splits)
[8407/19601] HPLTW: ✓ (no splits)
[8408/19601] HPPpC: ✓ (no splits)
[8409/19601] HPP: ✓ (1 split(s))
[8410/19601] HPQ: ✓ (no splits)
[8411/19601] HPR: ✓ (no splits)
[8412/19601] HPS: ✓ (no splits)
[8413/19601] HPX: ✓ (no splits)
[8414/19601] HPX.U: ✓ (no splits)
[8415/19601] HPX.WS: ✓ (no splits)
[8416/19601] HQGO: ✓ (no splits)
[8417/19601] HQH: ✓ (no splits)
[8418/19601] HQI: ✓ (no splits)
[8419/19601] HQY: ✓ (no splits)
[8420/19601] HQL: ✓ (no splits)
[8421/19601] HR: ✓ (no splits)
[8422/19601] HRB: ✓ (no splits)
[8423/19601] HRI: ✓ (no splits)
[8424/19601] HRL: ✓ (no splits)
[8425/19601] HRC: ✓ (no splits)
[8426/19601] HRMY: ✓ (no splits)
[8427/19601] HROW: ✓ (no splits)
[8428/19601] HROWL: ✓ (no splits)
[8429/19601] HROWM: ✓ (no splits)
[8430/19601] HRT: ✓ (no splits)
[8431/19601] HRTG: ✓ (no splits)
[8432/19601] HRTS: ✓ (no splits)
[8433/19601] HRTX: ✓ (no splits)
[8434/19601] HRYU: ✓ (no splits)
[8435/19601] HRZN: ✓ (no splits)
[8436/19601] HSAI: ✓ (no splits)
[8437/19601] HSAQ: ✓ (no splits)
[8438/19601] HSBC: ✓ (no splits)
[8439/19601] HSBCpA: ✓ (no splits)
[8440/19601] HSC: ✓ (no splits)
[8441/19601] HSBH: ✓ (no splits)
[8442/19601] HSCS: ✓ (1 split(s))
[8443/19601] HSCZ: ✓ (no splits)
[8444/19601] HSCSW: ✓ (1 split(s))
[8445/19601] HSHP: ✓ (no splits)
[8446/19601] HSDT: ✓ (4 split(s))
[8447/19601] HSII: ✓ (no splits)
[8448/19601] HSIC: ✓ (no splits)
[8449/19601] HSKA: ✓ (no splits)
[8450/19601] HSON: ✓ (no splits)
[8451/19601] HSMV: ✓ (no splits)
[8452/19601] HSONP: ✓ (no splits)
[8453/19601] HSPO: ✓ (no splits)
[8454/19601] HSPOR: ✓ (no splits)
[8455/19601] HSPOU: ✓ (no splits)
[8456/19601] HSPOW: ✓ (no splits)
[8457/19601] HSPT: ✓ (no splits)
[8458/19601] HSPTR: ✓ (no splits)
[8459/19601] HSRT: ✓ (no splits)
[8460/19601] HSPTU: ✓ (no splits)
[8461/19601] HST: ✓ (no splits)
[8462/19601] HSTM: ✓ (no splits)
[8463/19601] HSUN: ✓ (no splits)
[8464/19601] HSTO: ✓ (1 split(s))
[8465/19601] HSY: ✓ (no splits)
[8466/19601] HT: ✓ (no splits)
[8467/19601] HTA: ✓ (no splits)
[8468/19601] HTAQ: ✓ (no splits)
[8469/19601] HTAB: ✓ (no splits)
[8470/19601] HTAQ.U: ✓ (no splits)
[8471/19601] HTAQ.WS: ✓ (no splits)
[8472/19601] HTAX: ✓ (no splits)
[8473/19601] HTB: ✓ (no splits)
[8474/19601] HTBI: ✓ (no splits)
[8475/19601] HTBK: ✓ (no splits)
[8476/19601] HTBX: ✓ (1 split(s))
[8477/19601] HTCO: ✓ (1 split(s))
[8478/19601] HTCR: ✓ (no splits)
[8479/19601] HTEC: ✓ (no splits)
[8480/19601] HTD: ✓ (no splits)
[8481/19601] HTFA: ✓ (no splits)
[8482/19601] HTFB: ✓ (no splits)
[8483/19601] HTFL: ✓ (no splits)
[8484/19601] HTFC: ✓ (no splits)
[8485/19601] HTGC: ✓ (no splits)
[8486/19601] HTGM: ✓ (1 split(s))
[8487/19601] HTH: ✓ (no splits)
[8488/19601] HTIA: ✓ (no splits)
[8489/19601] HTHT: ✓ (no splits)
[8490/19601] HTIBP: ✓ (no splits)
[8491/19601] HTLD: ✓ (no splits)
[8492/19601] HTLFP: ✓ (no splits)
[8493/19601] HTLM: ✓ (no splits)
[8494/19601] HTLF: ✓ (no splits)
[8495/19601] HTO: ✓ (no splits)
[8496/19601] HTOO: ✓ (1 split(s))
[8497/19601] HTOOW: ✓ (no splits)
[8498/19601] HTPA: ✓ (no splits)
[8499/19601] HTPA.U: ✓ (no splits)
[8500/19601] HTPA.WS: ✓ (no splits)
  → Checkpoint saved: 1026 splits so far
[8501/19601] HTUS: ✓ (no splits)
[8502/19601] HTRB: ✓ (no splits)
[8503/19601] HTY: ✓ (no splits)
[8504/19601] HTZ: ✓ (no splits)
[8505/19601] HTZWW: ✓ (no splits)
[8506/19601] HTpC: ✓ (no splits)
[8507/19601] HTpD: ✓ (no splits)
[8508/19601] HTpE: ✓ (no splits)
[8509/19601] HUBB: ✓ (no splits)
[8510/19601] HUBC: ✓ (3 split(s))
[8511/19601] HUBCW: ✓ (no splits)
[8512/19601] HUBCZ: ✓ (no splits)
[8513/19601] HUBS: ✓ (no splits)
[8514/19601] HUBG: ✓ (1 split(s))
[8515/19601] HUDA: ✓ (no splits)
[8516/19601] HUDAR: ✓ (no splits)
[8517/19601] HUDAU: ✓ (no splits)
[8518/19601] HUDI: ✓ (no splits)
[8519/19601] HUGE: ✓ (1 split(s))
[8520/19601] HUGS: ✓ (no splits)
[8521/19601] HUGS.U: ✓ (no splits)
[8522/19601] HUGS.WS: ✓ (no splits)
[8523/19601] HUHU: ✓ (no splits)
[8524/19601] HUIZ: ✓ (1 split(s))
[8525/19601] HUM: ✓ (no splits)
[8526/19601] HUMA: ✓ (no splits)
[8527/19601] HUMAW: ✓ (no splits)
[8528/19601] HUMN: ✓ (no splits)
[8529/19601] HUN: ✓ (no splits)
[8530/19601] HURA: ✓ (1 split(s))
[8531/19601] HURC: ✓ (no splits)
[8532/19601] HURN: ✓ (no splits)
[8533/19601] HUSA: ✓ (1 split(s))
[8534/19601] HUSN: ✓ (no splits)
[8535/19601] HUSV: ✓ (no splits)
[8536/19601] HUT: ✓ (1 split(s))
[8537/19601] HUYA: ✓ (no splits)
[8538/19601] HVAC: ✓ (no splits)
[8539/19601] HVAL: ✓ (no splits)
[8540/19601] HVBC: ✓ (no splits)
[8541/19601] HVII: ✓ (no splits)
[8542/19601] HVBT: ✓ (no splits)
[8543/19601] HVIIU: ✓ (no splits)
[8544/19601] HVIIR: ✓ (no splits)
[8545/19601] HVMC: ✓ (no splits)
[8546/19601] HVMCU: ✓ (no splits)
[8547/19601] HVMCW: ✓ (no splits)
[8548/19601] HVT: ✓ (no splits)
[8549/19601] HVT.A: ✓ (no splits)
[8550/19601] HWBK: ✓ (3 split(s))
[8551/19601] HWAY: ✓ (no splits)
[8552/19601] HWC: ✓ (no splits)
[8553/19601] HWCC: ✓ (no splits)
[8554/19601] HWCPL: ✓ (no splits)
[8555/19601] HWCPZ: ✓ (no splits)
[8556/19601] HWEL: ✓ (no splits)
[8557/19601] HWELU: ✓ (no splits)
[8558/19601] HWELW: ✓ (no splits)
[8559/19601] HWH: ✓ (1 split(s))
[8560/19601] HWKN: ✓ (1 split(s))
[8561/19601] HWKZ: ✓ (no splits)
[8562/19601] HWKZ.U: ✓ (no splits)
[8563/19601] HWKZ.WS: ✓ (no splits)
[8564/19601] HWM: ✓ (no splits)
[8565/19601] HWMp: ✓ (no splits)
[8566/19601] HWSM: ✓ (no splits)
[8567/19601] HX: ✓ (no splits)
[8568/19601] HXHX: ✓ (no splits)
[8569/19601] HXL: ✓ (no splits)
[8570/19601] HYAC: ✓ (no splits)
[8571/19601] HY: ✓ (no splits)
[8572/19601] HYAC.U: ✓ (no splits)
[8573/19601] HYAC.WS: ✓ (no splits)
[8574/19601] HYACU: ✓ (no splits)
[8575/19601] HYACW: ✓ (no splits)
[8576/19601] HYBB: ✓ (no splits)
[8577/19601] HYB: ✓ (no splits)
[8578/19601] HYBI: ✓ (1 split(s))
[8579/19601] HYBL: ✓ (no splits)
[8580/19601] HYBX: ✓ (no splits)
[8581/19601] HYD: ✓ (no splits)
[8582/19601] HYDB: ✓ (no splits)
[8583/19601] HYDR: ✓ (1 split(s))
[8584/19601] HYDW: ✓ (no splits)
[8585/19601] HYEM: ✓ (no splits)
[8586/19601] HYFI: ✓ (no splits)
[8587/19601] HYFM: ✓ (1 split(s))
[8588/19601] HYFT: ✓ (no splits)
[8589/19601] HYG: ✓ (no splits)
[8590/19601] HYGH: ✓ (no splits)
[8591/19601] HYGI: ✓ (no splits)
[8592/19601] HYGV: ✓ (no splits)
[8593/19601] HYGW: ✓ (no splits)
[8594/19601] HYHG: ✓ (no splits)
[8595/19601] HYI: ✓ (no splits)
[8596/19601] HYLB: ✓ (1 split(s))
[8597/19601] HYKE: ✓ (no splits)
[8598/19601] HYIN: ✓ (no splits)
[8599/19601] HYLD: ✓ (no splits)
[8600/19601] HYLG: ✓ (no splits)
[8601/19601] HYLN: ✓ (no splits)
[8602/19601] HYLN.WS: ✓ (no splits)
[8603/19601] HYLS: ✓ (no splits)
[8604/19601] HYLV: ✓ (no splits)
[8605/19601] HYMB: ✓ (1 split(s))
[8606/19601] HYMC: ✓ (1 split(s))
[8607/19601] HYMCL: ✓ (no splits)
[8608/19601] HYMCW: ✓ (no splits)
[8609/19601] HYMCZ: ✓ (no splits)
[8610/19601] HYMU: ✓ (no splits)
[8611/19601] HYNE: ✓ (no splits)
[8612/19601] HYP: ✓ (no splits)
[8613/19601] HYPD: ✓ (no splits)
[8614/19601] HYPR: ✓ (no splits)
[8615/19601] HYRE: ✓ (no splits)
[8616/19601] HYRM: ✓ (no splits)
[8617/19601] HYS: ✓ (no splits)
[8618/19601] HYSA: ✓ (no splits)
[8619/19601] HYSD: ✓ (no splits)
[8620/19601] HYT: ✓ (no splits)
[8621/19601] HYTI: ✓ (no splits)
[8622/19601] HYTR: ✓ (no splits)
[8623/19601] HYTr: ✓ (no splits)
[8624/19601] HYTrw: ✓ (no splits)
[8625/19601] HYUP: ✓ (no splits)
[8626/19601] HYW: ✓ (no splits)
[8627/19601] HYXF: ✓ (no splits)
[8628/19601] HYZD: ✓ (no splits)
[8629/19601] HYXU: ✓ (no splits)
[8630/19601] HYZNW: ✓ (no splits)
[8631/19601] HZAC: ✓ (no splits)
[8632/19601] HYZN: ✓ (1 split(s))
[8633/19601] HZAC.U: ✓ (no splits)
[8634/19601] HZAC.WS: ✓ (no splits)
[8635/19601] HZN: ✓ (no splits)
[8636/19601] HZO: ✓ (no splits)
[8637/19601] HZNP: ✓ (no splits)
[8638/19601] HZON: ✓ (no splits)
[8639/19601] HZON.WS: ✓ (no splits)
[8640/19601] HZON.U: ✓ (no splits)
[8641/19601] IAA: ✓ (no splits)
[8642/19601] IAC: ✓ (no splits)
[8643/19601] IACA: ✓ (no splits)
[8644/19601] IACA.U: ✓ (no splits)
[8645/19601] IACA.WS: ✓ (no splits)
[8646/19601] IACB.U: ✓ (no splits)
[8647/19601] IACB: ✓ (no splits)
[8648/19601] IACB.WS: ✓ (no splits)
[8649/19601] IACC: ✓ (no splits)
[8650/19601] IACVV: ✓ (no splits)
[8651/19601] IAE: ✓ (no splits)
[8652/19601] IAGG: ✓ (no splits)
[8653/19601] IAF: ✓ (1 split(s))
[8654/19601] IAG: ✓ (no splits)
[8655/19601] IAI: ✓ (no splits)
[8656/19601] IAIC: ✓ (no splits)
[8657/19601] IAK: ✓ (no splits)
[8658/19601] IAPR: ✓ (no splits)
[8659/19601] IART: ✓ (no splits)
[8660/19601] IAS: ✓ (no splits)
[8661/19601] IAT: ✓ (no splits)
[8662/19601] IAU: ✓ (1 split(s))
[8663/19601] IAUF: ✓ (no splits)
[8664/19601] IAUG: ✓ (no splits)
[8665/19601] IAUI: ✓ (no splits)
[8666/19601] IAUM: ✓ (no splits)
[8667/19601] IAUX: ✓ (no splits)
[8668/19601] IAUX.WS: ✓ (no splits)
[8669/19601] IBA: ✓ (no splits)
[8670/19601] IBAC: ✓ (no splits)
[8671/19601] IBACR: ✓ (no splits)
[8672/19601] IBAT: ✓ (no splits)
[8673/19601] IBB: ✓ (no splits)
[8674/19601] IBACU: ✓ (no splits)
[8675/19601] IBBJ: ✓ (no splits)
[8676/19601] IBBQ: ✓ (no splits)
[8677/19601] IBCA: ✓ (no splits)
[8678/19601] IBCE: ✓ (no splits)
[8679/19601] IBCP: ✓ (no splits)
[8680/19601] IBD: ✓ (no splits)
[8681/19601] IBDL: ✓ (no splits)
[8682/19601] IBDD: ✓ (no splits)
[8683/19601] IBDM: ✓ (no splits)
[8684/19601] IBDO: ✓ (no splits)
[8685/19601] IBDN: ✓ (no splits)
[8686/19601] IBDP: ✓ (no splits)
[8687/19601] IBDQ: ✓ (no splits)
[8688/19601] IBDS: ✓ (no splits)
[8689/19601] IBDR: ✓ (no splits)
[8690/19601] IBDT: ✓ (no splits)
[8691/19601] IBDU: ✓ (no splits)
[8692/19601] IBDV: ✓ (no splits)
[8693/19601] IBDW: ✓ (no splits)
[8694/19601] IBDY: ✓ (no splits)
[8695/19601] IBDX: ✓ (no splits)
[8696/19601] IBDZ: ✓ (no splits)
[8697/19601] IBER: ✓ (no splits)
[8698/19601] IBER.U: ✓ (no splits)
[8699/19601] IBER.WS: ✓ (no splits)
[8700/19601] IBET: ✓ (no splits)
[8701/19601] IBEX: ✓ (no splits)
[8702/19601] IBG: ✓ (1 split(s))
[8703/19601] IBGA: ✓ (no splits)
[8704/19601] IBGB: ✓ (no splits)
[8705/19601] IBGK: ✓ (no splits)
[8706/19601] IBGL: ✓ (no splits)
[8707/19601] IBHA: ✓ (no splits)
[8708/19601] IBHC: ✓ (no splits)
[8709/19601] IBHB: ✓ (no splits)
[8710/19601] IBHD: ✓ (no splits)
[8711/19601] IBHE: ✓ (no splits)
[8712/19601] IBHF: ✓ (no splits)
[8713/19601] IBHG: ✓ (no splits)
[8714/19601] IBHH: ✓ (no splits)
[8715/19601] IBHI: ✓ (no splits)
[8716/19601] IBHJ: ✓ (no splits)
[8717/19601] IBHK: ✓ (no splits)
[8718/19601] IBHL: ✓ (no splits)
[8719/19601] IBIA: ✓ (no splits)
[8720/19601] IBIB: ✓ (no splits)
[8721/19601] IBIC: ✓ (no splits)
[8722/19601] IBID: ✓ (no splits)
[8723/19601] IBIE: ✓ (no splits)
[8724/19601] IBIG: ✓ (no splits)
[8725/19601] IBIF: ✓ (no splits)
[8726/19601] IBIH: ✓ (no splits)
[8727/19601] IBII: ✓ (no splits)
[8728/19601] IBIJ: ✓ (no splits)
[8729/19601] IBIK: ✓ (no splits)
[8730/19601] IBIL: ✓ (no splits)
[8731/19601] IBIO: ✓ (2 split(s))
[8732/19601] IBIT: ✓ (no splits)
[8733/19601] IBKR: ✓ (1 split(s))
[8734/19601] IBLC: ✓ (no splits)
[8735/19601] IBMJ: ✓ (no splits)
[8736/19601] IBM: ✓ (1 split(s))
[8737/19601] IBMK: ✓ (no splits)
[8738/19601] IBML: ✓ (no splits)
[8739/19601] IBMM: ✓ (no splits)
[8740/19601] IBMO: ✓ (no splits)
[8741/19601] IBMN: ✓ (no splits)
[8742/19601] IBMP: ✓ (no splits)
[8743/19601] IBMQ: ✓ (no splits)
[8744/19601] IBMS: ✓ (no splits)
[8745/19601] IBMR: ✓ (no splits)
[8746/19601] IBMT: ✓ (no splits)
[8747/19601] IBMw: ✓ (no splits)
[8748/19601] IBN: ✓ (no splits)
[8749/19601] IBND: ✓ (no splits)
[8750/19601] IBO: ✓ (no splits)
[8751/19601] IBOT: ✓ (no splits)
[8752/19601] IBOC: ✓ (no splits)
[8753/19601] IBP: ✓ (no splits)
[8754/19601] IBRX: ✓ (no splits)
[8755/19601] IBTB: ✓ (no splits)
[8756/19601] IBTA: ✓ (no splits)
[8757/19601] IBRN: ✓ (no splits)
[8758/19601] IBTD: ✓ (no splits)
[8759/19601] IBTE: ✓ (no splits)
[8760/19601] IBTH: ✓ (no splits)
[8761/19601] IBTG: ✓ (no splits)
[8762/19601] IBTF: ✓ (no splits)
[8763/19601] IBTI: ✓ (no splits)
[8764/19601] IBTJ: ✓ (no splits)
[8765/19601] IBTK: ✓ (no splits)
[8766/19601] IBTL: ✓ (no splits)
[8767/19601] IBTM: ✓ (no splits)
[8768/19601] IBTP: ✓ (no splits)
[8769/19601] IBTO: ✓ (no splits)
[8770/19601] IBTQ: ✓ (no splits)
[8771/19601] IBUF: ✓ (no splits)
[8772/19601] IBTX: ✓ (no splits)
[8773/19601] IBUY: ✓ (no splits)
[8774/19601] ICAD: ✓ (no splits)
[8775/19601] ICCH: ✓ (no splits)
[8776/19601] ICBK: ✓ (no splits)
[8777/19601] ICCC: ✓ (no splits)
[8778/19601] ICAP: ✓ (no splits)
[8779/19601] ICCM: ✓ (no splits)
[8780/19601] ICE: ✓ (no splits)
[8781/19601] ICF: ✓ (no splits)
[8782/19601] ICD: ✓ (no splits)
[8783/19601] ICCT: ✓ (1 split(s))
[8784/19601] ICFI: ✓ (no splits)
[8785/19601] ICG: ✓ (no splits)
[8786/19601] ICHR: ✓ (no splits)
[8787/19601] ICL: ✓ (no splits)
[8788/19601] ICLN: ✓ (no splits)
[8789/19601] ICLK: ✓ (1 split(s))
[8790/19601] ICLO: ✓ (no splits)
[8791/19601] ICLR: ✓ (no splits)
[8792/19601] ICMB: ✓ (no splits)
[8793/19601] ICNC: ✓ (no splits)
[8794/19601] ICNC.U: ✓ (no splits)
[8795/19601] ICNC.WS: ✓ (no splits)
[8796/19601] ICOL: ✓ (no splits)
[8797/19601] ICOI: ✓ (no splits)
[8798/19601] ICOP: ✓ (no splits)
[8799/19601] ICON: ✓ (1 split(s))
[8800/19601] ICPI: ✓ (no splits)
[8801/19601] ICPY: ✓ (no splits)
[8802/19601] ICOW: ✓ (no splits)
[8803/19601] ICSH: ✓ (no splits)
[8804/19601] ICPT: ✓ (no splits)
[8805/19601] ICRpA: ✓ (no splits)
[8806/19601] ICRC: ✓ (no splits)
[8807/19601] ICU: ✓ (1 split(s))
[8808/19601] ICUCW: ✓ (no splits)
[8809/19601] ICUI: ✓ (no splits)
[8810/19601] ICVT: ✓ (no splits)
[8811/19601] ICVX: ✓ (no splits)
[8812/19601] IDA: ✓ (no splits)
[8813/19601] ID: ✓ (no splits)
[8814/19601] IDAI: ✓ (3 split(s))
[8815/19601] IDAT: ✓ (no splits)
[8816/19601] IDBA: ✓ (no splits)
[8817/19601] IDEC: ✓ (no splits)
[8818/19601] IDE: ✓ (no splits)
[8819/19601] IDCC: ✓ (no splits)
[8820/19601] IDEF: ✓ (no splits)
[8821/19601] IDEQ: ✓ (no splits)
[8822/19601] IDEV: ✓ (no splits)
[8823/19601] IDGT: ✓ (no splits)
[8824/19601] IDIV: ✓ (no splits)
[8825/19601] IDEX: ✓ (1 split(s))
[8826/19601] IDHQ: ✓ (no splits)
[8827/19601] IDHD: ✓ (no splits)
[8828/19601] IDLB: ✓ (no splits)
[8829/19601] IDLV: ✓ (no splits)
[8830/19601] IDME: ✓ (no splits)
[8831/19601] IDMO: ✓ (no splits)
[8832/19601] IDNA: ✓ (no splits)
[8833/19601] IDN: ✓ (no splits)
[8834/19601] IDOG: ✓ (no splits)
[8835/19601] IDR: ✓ (no splits)
[8836/19601] IDRA: ✓ (1 split(s))
[8837/19601] IDRV: ✓ (no splits)
[8838/19601] IDU: ✓ (no splits)
[8839/19601] IDT: ✓ (no splits)
[8840/19601] IDUB: ✓ (no splits)
[8841/19601] IDV: ✓ (no splits)
[8842/19601] IDVO: ✓ (no splits)
[8843/19601] IDVZ: ✓ (no splits)
[8844/19601] IDW: ✓ (no splits)
[8845/19601] IDXG: ✓ (no splits)
[8846/19601] IDYN: ✓ (no splits)
[8847/19601] IDXX: ✓ (no splits)
[8848/19601] IDYA: ✓ (no splits)
[8849/19601] IDX: ✓ (no splits)
[8850/19601] IE: ✓ (no splits)
[8851/19601] IEA: ✓ (no splits)
[8852/19601] IEAWW: ✓ (no splits)
[8853/19601] IEC: ✓ (no splits)
[8854/19601] IECS: ✓ (no splits)
[8855/19601] IEDI: ✓ (no splits)
[8856/19601] IEF: ✓ (no splits)
[8857/19601] IEFA: ✓ (no splits)
[8858/19601] IEFN: ✓ (no splits)
[8859/19601] IEHS: ✓ (no splits)
[8860/19601] IEI: ✓ (no splits)
[8861/19601] IEIH: ✓ (no splits)
[8862/19601] IEME: ✓ (no splits)
[8863/19601] IEMG: ✓ (no splits)
[8864/19601] IEO: ✓ (no splits)
[8865/19601] IEP: ✓ (no splits)
[8866/19601] IEQ: ✓ (no splits)
[8867/19601] IETH: ✓ (no splits)
[8868/19601] IEUR: ✓ (no splits)
[8869/19601] IESC: ✓ (no splits)
[8870/19601] IETC: ✓ (no splits)
[8871/19601] IEUS: ✓ (no splits)
[8872/19601] IEV: ✓ (no splits)
[8873/19601] IEX: ✓ (no splits)
[8874/19601] IEZ: ✓ (no splits)
[8875/19601] IFBD: ✓ (4 split(s))
[8876/19601] IFEB: ✓ (no splits)
[8877/19601] IFED: ✓ (no splits)
[8878/19601] IFF: ✓ (no splits)
[8879/19601] IFFT: ✓ (no splits)
[8880/19601] IFFw: ✓ (no splits)
[8881/19601] IFIN: ✓ (no splits)
[8882/19601] IFGL: ✓ (no splits)
[8883/19601] IFIN.U: ✓ (no splits)
[8884/19601] IFIN.WS: ✓ (no splits)
[8885/19601] IFLO: ✓ (no splits)
[8886/19601] IFLR: ✓ (no splits)
[8887/19601] IFMK: ✓ (no splits)
[8888/19601] IFNr: ✓ (no splits)
[8889/19601] IFN: ✓ (no splits)
[8890/19601] IFNrw: ✓ (no splits)
[8891/19601] IFRA: ✓ (no splits)
[8892/19601] IFS: ✓ (no splits)
[8893/19601] IFV: ✓ (no splits)
[8894/19601] IFRX: ✓ (no splits)
[8895/19601] IG: ✓ (no splits)
[8896/19601] IGA: ✓ (no splits)
[8897/19601] IGAC: ✓ (no splits)
[8898/19601] IGACU: ✓ (no splits)
[8899/19601] IGACW: ✓ (no splits)
[8900/19601] IGAP: ✓ (1 split(s))
[8901/19601] IGC: ✓ (no splits)
[8902/19601] IGBH: ✓ (no splits)
[8903/19601] IGCB: ✓ (no splits)
[8904/19601] IGD: ✓ (no splits)
[8905/19601] IGE: ✓ (no splits)
[8906/19601] IGEB: ✓ (no splits)
[8907/19601] IGF: ✓ (no splits)
[8908/19601] IGGY: ✓ (no splits)
[8909/19601] IGHG: ✓ (no splits)
[8910/19601] IGI: ✓ (no splits)
[8911/19601] IGIB: ✓ (no splits)
[8912/19601] IGLB: ✓ (no splits)
[8913/19601] IGICW: ✓ (no splits)
[8914/19601] IGIC: ✓ (no splits)
[8915/19601] IGLD: ✓ (no splits)
[8916/19601] IGM: ✓ (1 split(s))
[8917/19601] IGME: ✓ (no splits)
[8918/19601] IGMS: ✓ (no splits)
[8919/19601] IGN: ✓ (no splits)
[8920/19601] IGNY: ✓ (no splits)
[8921/19601] IGNYW: ✓ (no splits)
[8922/19601] IGNYU: ✓ (no splits)
[8923/19601] IGOV: ✓ (no splits)
[8924/19601] IGPT: ✓ (1 split(s))
[8925/19601] IGR: ✓ (no splits)
[8926/19601] IGRO: ✓ (no splits)
[8927/19601] IGRr: ✓ (no splits)
[8928/19601] IGRrw: ✓ (no splits)
[8929/19601] IGT: ✓ (no splits)
[8930/19601] IGSB: ✓ (no splits)
[8931/19601] IGTAU: ✓ (no splits)
[8932/19601] IGTAR: ✓ (no splits)
[8933/19601] IGTA: ✓ (no splits)
[8934/19601] IGTAW: ✓ (no splits)
[8935/19601] IGTR: ✓ (no splits)
[8936/19601] IGV: ✓ (1 split(s))
[8937/19601] IH: ✓ (no splits)
[8938/19601] IGZ: ✓ (no splits)
[8939/19601] IHAK: ✓ (no splits)
[8940/19601] IHC: ✓ (no splits)
[8941/19601] IHDG: ✓ (no splits)
[8942/19601] IHD: ✓ (no splits)
[8943/19601] IHE: ✓ (1 split(s))
[8944/19601] IHG: ✓ (no splits)
[8945/19601] IHF: ✓ (1 split(s))
[8946/19601] IHI: ✓ (1 split(s))
[8947/19601] IHIT: ✓ (no splits)
[8948/19601] IHRT: ✓ (no splits)
[8949/19601] IHS: ✓ (no splits)
[8950/19601] IHT: ✓ (no splits)
[8951/19601] IHTA: ✓ (no splits)
[8952/19601] IHY: ✓ (no splits)
[8953/19601] IHYF: ✓ (no splits)
[8954/19601] IIAC: ✓ (no splits)
[8955/19601] IIAC.U: ✓ (no splits)
[8956/19601] IID: ✓ (no splits)
[8957/19601] IIAC.WS: ✓ (no splits)
[8958/19601] IIGD: ✓ (no splits)
[8959/19601] IIGV: ✓ (no splits)
[8960/19601] IIF: ✓ (no splits)
[8961/19601] III: ✓ (no splits)
[8962/19601] IIII: ✓ (no splits)
[8963/19601] IIIIU: ✓ (no splits)
[8964/19601] IIIIW: ✓ (no splits)
[8965/19601] IIIN: ✓ (no splits)
[8966/19601] IIIV: ✓ (no splits)
[8967/19601] IIM: ✓ (no splits)
[8968/19601] IIN: ✓ (no splits)
[8969/19601] IINN: ✓ (no splits)
[8970/19601] IINNW: ✓ (no splits)
[8971/19601] IIPR: ✓ (no splits)
[8972/19601] IIVIP: ✓ (no splits)
[8973/19601] IIVI: ✓ (no splits)
[8974/19601] IIPRpA: ✓ (no splits)
[8975/19601] IJAN: ✓ (no splits)
[8976/19601] IJJ: ✓ (no splits)
[8977/19601] IJS: ✓ (no splits)
[8978/19601] IJR: ✓ (no splits)
[8979/19601] IJK: ✓ (no splits)
[8980/19601] IJH: ✓ (1 split(s))
[8981/19601] IJUL: ✓ (no splits)
[8982/19601] IJT: ✓ (no splits)
[8983/19601] IJUN: ✓ (no splits)
[8984/19601] IKNA: ✓ (1 split(s))
[8985/19601] IKNX: ✓ (no splits)
[8986/19601] IKT: ✓ (1 split(s))
[8987/19601] ILAG: ✓ (no splits)
[8988/19601] ILCB: ✓ (1 split(s))
[8989/19601] ILCV: ✓ (1 split(s))
[8990/19601] ILCG: ✓ (1 split(s))
[8991/19601] ILDR: ✓ (no splits)
[8992/19601] ILF: ✓ (no splits)
[8993/19601] ILLM: ✓ (no splits)
[8994/19601] ILIT: ✓ (no splits)
[8995/19601] ILLR: ✓ (1 split(s))
[8996/19601] ILLRW: ✓ (no splits)
[8997/19601] ILMN: ✓ (no splits)
[8998/19601] ILMNV: ✓ (no splits)
[8999/19601] ILTB: ✓ (no splits)
[9000/19601] ILOW: ✓ (no splits)
  → Checkpoint saved: 1081 splits so far
[9001/19601] IMA: ✓ (no splits)
[9002/19601] ILPT: ✓ (no splits)
[9003/19601] ILS: ✓ (no splits)
[9004/19601] IMAB: ✓ (no splits)
[9005/19601] IMAC: ✓ (no splits)
[9006/19601] IMACW: ✓ (no splits)
[9007/19601] IMAQ: ✓ (no splits)
[9008/19601] IMAQR: ✓ (no splits)
[9009/19601] IMAQU: ✓ (no splits)
[9010/19601] IMAQW: ✓ (no splits)
[9011/19601] IMAR: ✓ (no splits)
[9012/19601] IMAX: ✓ (no splits)
[9013/19601] IMAY: ✓ (no splits)
[9014/19601] IMBIL: ✓ (no splits)
[9015/19601] IMBI: ✓ (no splits)
[9016/19601] IMCB: ✓ (1 split(s))
[9017/19601] IMCC: ✓ (2 split(s))
[9018/19601] IMCG: ✓ (1 split(s))
[9019/19601] IMCR: ✓ (no splits)
[9020/19601] IMDX: ✓ (no splits)
[9021/19601] IMCV: ✓ (1 split(s))
[9022/19601] IMF: ✓ (no splits)
[9023/19601] IMFL: ✓ (no splits)
[9024/19601] IMG: ✓ (1 split(s))
[9025/19601] IMGN: ✓ (no splits)
[9026/19601] IMGO: ✓ (no splits)
[9027/19601] IMH: ✓ (no splits)
[9028/19601] IMKTA: ✓ (no splits)
[9029/19601] IMLP: ✓ (no splits)
[9030/19601] IMMP: ✓ (no splits)
[9031/19601] IMMR: ✓ (no splits)
[9032/19601] IMMX: ✓ (no splits)
[9033/19601] IMNM: ✓ (no splits)
[9034/19601] IMO: ✓ (no splits)
[9035/19601] IMNN: ✓ (3 split(s))
[9036/19601] IMOM: ✓ (no splits)
[9037/19601] IMOS: ✓ (no splits)
[9038/19601] IMPL: ✓ (no splits)
[9039/19601] IMPP: ✓ (1 split(s))
[9040/19601] IMPPP: ✓ (no splits)
[9041/19601] IMPX: ✓ (no splits)
[9042/19601] IMPX.U: ✓ (no splits)
[9043/19601] IMPPV: ✓ (no splits)
[9044/19601] IMPX.WS: ✓ (no splits)
[9045/19601] IMRN: ✓ (no splits)
[9046/19601] IMRA: ✓ (1 split(s))
[9047/19601] IMRNW: ✓ (no splits)
[9048/19601] IMRX: ✓ (no splits)
[9049/19601] IMSI: ✓ (no splits)
[9050/19601] IMSR: ✓ (no splits)
[9051/19601] IMSRW: ✓ (no splits)
[9052/19601] IMST: ✓ (no splits)
[9053/19601] IMTB: ✓ (no splits)
[9054/19601] IMTE: ✓ (1 split(s))
[9055/19601] IMTM: ✓ (no splits)
[9056/19601] IMTX: ✓ (no splits)
[9057/19601] IMTXW: ✓ (no splits)
[9058/19601] IMUX: ✓ (no splits)
[9059/19601] IMV: ✓ (1 split(s))
[9060/19601] IMVT: ✓ (no splits)
[9061/19601] IMXI: ✓ (no splits)
[9062/19601] INACR: ✓ (no splits)
[9063/19601] INAB: ✓ (1 split(s))
[9064/19601] INAC: ✓ (no splits)
[9065/19601] INACU: ✓ (no splits)
[9066/19601] INAQ: ✓ (no splits)
[9067/19601] INAQ.WS: ✓ (no splits)
[9068/19601] INAQ.U: ✓ (no splits)
[9069/19601] INAQU: ✓ (no splits)
[9070/19601] INAQW: ✓ (no splits)
[9071/19601] INAV: ✓ (no splits)
[9072/19601] INBK: ✓ (no splits)
[9073/19601] INBKL: ✓ (no splits)
[9074/19601] INBKZ: ✓ (no splits)
[9075/19601] INBS: ✓ (2 split(s))
[9076/19601] INBX: ✓ (no splits)
[9077/19601] INBXV: ✓ (no splits)
[9078/19601] INC: ✓ (no splits)
[9079/19601] INCE: ✓ (no splits)
[9080/19601] INCM: ✓ (no splits)
[9081/19601] INCO: ✓ (no splits)
[9082/19601] INCR: ✓ (no splits)
[9083/19601] INCY: ✓ (no splits)
[9084/19601] IND: ✓ (no splits)
[9085/19601] INDA: ✓ (no splits)
[9086/19601] INDB: ✓ (no splits)
[9087/19601] INDE: ✓ (no splits)
[9088/19601] INDF: ✓ (no splits)
[9089/19601] INDH: ✓ (no splits)
[9090/19601] INDI: ✓ (no splits)
[9091/19601] INDIW: ✓ (no splits)
[9092/19601] INDL: ✓ (no splits)
[9093/19601] INDO: ✓ (no splits)
[9094/19601] INDS: ✓ (no splits)
[9095/19601] INDP: ✓ (2 split(s))
[9096/19601] INDT: ✓ (no splits)
[9097/19601] INDV: ✓ (no splits)
[9098/19601] INDY: ✓ (no splits)
[9099/19601] INEO: ✓ (no splits)
[9100/19601] INEQ: ✓ (no splits)
[9101/19601] INFA: ✓ (no splits)
[9102/19601] INFI: ✓ (no splits)
[9103/19601] INFL: ✓ (no splits)
[9104/19601] INFN: ✓ (no splits)
[9105/19601] INFR: ✓ (no splits)
[9106/19601] INFU: ✓ (no splits)
[9107/19601] INFY: ✓ (no splits)
[9108/19601] INFO: ✓ (no splits)
[9109/19601] INGM: ✓ (no splits)
[9110/19601] ING: ✓ (no splits)
[9111/19601] INGN: ✓ (no splits)
[9112/19601] INGR: ✓ (no splits)
[9113/19601] INHD: ✓ (1 split(s))
[9114/19601] INKAU: ✓ (no splits)
[9115/19601] INKA: ✓ (no splits)
[9116/19601] INKAW: ✓ (no splits)
[9117/19601] INKM: ✓ (no splits)
[9118/19601] INKT: ✓ (1 split(s))
[9119/19601] INLF: ✓ (no splits)
[9120/19601] INM: ✓ (2 split(s))
[9121/19601] INLX: ✓ (no splits)
[9122/19601] INMD: ✓ (1 split(s))
[9123/19601] INMU: ✓ (no splits)
[9124/19601] INNO: ✓ (no splits)
[9125/19601] INNV: ✓ (no splits)
[9126/19601] INNpF: ✓ (no splits)
[9127/19601] INNpE: ✓ (no splits)
[9128/19601] INO: ✓ (1 split(s))
[9129/19601] INOD: ✓ (no splits)
[9130/19601] INPX: ✓ (2 split(s))
[9131/19601] INPXV: ✓ (no splits)
[9132/19601] INQQ: ✓ (no splits)
[9133/19601] INR: ✓ (no splits)
[9134/19601] INRO: ✓ (no splits)
[9135/19601] INS: ✓ (no splits)
[9136/19601] INSG: ✓ (1 split(s))
[9137/19601] INSI: ✓ (no splits)
[9138/19601] INSM: ✓ (no splits)
[9139/19601] INSP: ✓ (no splits)
[9140/19601] INST: ✓ (no splits)
[9141/19601] INT: ✓ (no splits)
[9142/19601] INSW: ✓ (no splits)
[9143/19601] INSWpA: ✓ (no splits)
[9144/19601] INSE: ✓ (no splits)
[9145/19601] INTA: ✓ (no splits)
[9146/19601] INN: ✓ (no splits)
[9147/19601] INNpD: ✓ (no splits)
[9148/19601] INOV: ✓ (no splits)
[9149/19601] INMB: ✓ (no splits)
[9150/19601] INTC: ✓ (no splits)
[9151/19601] INTE: ✓ (no splits)
[9152/19601] INTEW: ✓ (no splits)
[9153/19601] INTEU: ✓ (no splits)
[9154/19601] INTF: ✓ (no splits)
[9155/19601] INTG: ✓ (no splits)
[9156/19601] INTJ: ✓ (no splits)
[9157/19601] INTL: ✓ (no splits)
[9158/19601] INTM: ✓ (no splits)
[9159/19601] INTR: ✓ (no splits)
[9160/19601] INTS: ✓ (no splits)
[9161/19601] INTU: ✓ (no splits)
[9162/19601] INTT: ✓ (no splits)
[9163/19601] INTW: ✓ (no splits)
[9164/19601] INTZ: ✓ (1 split(s))
[9165/19601] INUV: ✓ (1 split(s))
[9166/19601] INVE: ✓ (no splits)
[9167/19601] INV: ✓ (no splits)
[9168/19601] INVA: ✓ (no splits)
[9169/19601] INVH: ✓ (no splits)
[9170/19601] INVN: ✓ (no splits)
[9171/19601] INVG: ✓ (no splits)
[9172/19601] INVO: ✓ (1 split(s))
[9173/19601] INVX: ✓ (no splits)
[9174/19601] INVZW: ✓ (no splits)
[9175/19601] INVZ: ✓ (no splits)
[9176/19601] INXB: ✓ (no splits)
[9177/19601] INXBV: ✓ (no splits)
[9178/19601] INZY: ✓ (no splits)
[9179/19601] IO: ✓ (no splits)
[9180/19601] IOAC: ✓ (no splits)
[9181/19601] IOACW: ✓ (no splits)
[9182/19601] IOACU: ✓ (no splits)
[9183/19601] IOBT: ✓ (no splits)
[9184/19601] IOCT: ✓ (no splits)
[9185/19601] ION: ✓ (no splits)
[9186/19601] IONL: ✓ (no splits)
[9187/19601] IONQ: ✓ (no splits)
[9188/19601] IONM: ✓ (2 split(s))
[9189/19601] IONQ.WS: ✓ (no splits)
[9190/19601] IONS: ✓ (no splits)
[9191/19601] IONZ: ✓ (no splits)
[9192/19601] IONR: ✓ (no splits)
[9193/19601] IOPP: ✓ (no splits)
[9194/19601] IONX: ✓ (no splits)
[9195/19601] IOO: ✓ (no splits)
[9196/19601] IOR: ✓ (no splits)
[9197/19601] IOSP: ✓ (no splits)
[9198/19601] IOT: ✓ (no splits)
[9199/19601] IOVA: ✓ (no splits)
[9200/19601] IOTR: ✓ (1 split(s))
[9201/19601] IOYY: ✓ (no splits)
[9202/19601] IP: ✓ (no splits)
[9203/19601] IPA: ✓ (no splits)
[9204/19601] IPAC: ✓ (no splits)
[9205/19601] IPAR: ✓ (no splits)
[9206/19601] IPAV: ✓ (no splits)
[9207/19601] IPAXU: ✓ (no splits)
[9208/19601] IPAX: ✓ (no splits)
[9209/19601] IPAXW: ✓ (no splits)
[9210/19601] IPAY: ✓ (no splits)
[9211/19601] IPCX: ✓ (no splits)
[9212/19601] IPB: ✓ (no splits)
[9213/19601] IPCXR: ✓ (no splits)
[9214/19601] IPDP: ✓ (no splits)
[9215/19601] IPCXU: ✓ (no splits)
[9216/19601] IPEX: ✓ (no splits)
[9217/19601] IPDN: ✓ (2 split(s))
[9218/19601] IPEXR: ✓ (no splits)
[9219/19601] IPFF: ✓ (no splits)
[9220/19601] IPEXU: ✓ (no splits)
[9221/19601] IPG: ✓ (no splits)
[9222/19601] IPHA: ✓ (no splits)
[9223/19601] IPGP: ✓ (no splits)
[9224/19601] IPHI: ✓ (no splits)
[9225/19601] IPI: ✓ (no splits)
[9226/19601] IPKW: ✓ (no splits)
[9227/19601] IPLDP: ✓ (no splits)
[9228/19601] IPM: ✓ (no splits)
[9229/19601] IPO: ✓ (no splits)
[9230/19601] IPOB: ✓ (no splits)
[9231/19601] IPOB.U: ✓ (no splits)
[9232/19601] IPOB.WS: ✓ (no splits)
[9233/19601] IPOC: ✓ (no splits)
[9234/19601] IPOD.U: ✓ (no splits)
[9235/19601] IPOC.WS: ✓ (no splits)
[9236/19601] IPOC.U: ✓ (no splits)
[9237/19601] IPOD: ✓ (no splits)
[9238/19601] IPOD.WS: ✓ (no splits)
[9239/19601] IPODU: ✓ (no splits)
[9240/19601] IPODW: ✓ (no splits)
[9241/19601] IPOE: ✓ (no splits)
[9242/19601] IPOE.U: ✓ (no splits)
[9243/19601] IPOE.WS: ✓ (no splits)
[9244/19601] IPOF: ✓ (no splits)
[9245/19601] IPOF.U: ✓ (no splits)
[9246/19601] IPOF.WS: ✓ (no splits)
[9247/19601] IPOS: ✓ (no splits)
[9248/19601] IPPP: ✓ (no splits)
[9249/19601] IPSC: ✓ (no splits)
[9250/19601] IPST: ✓ (1 split(s))
[9251/19601] IPV: ✓ (no splits)
[9252/19601] IPV.U: ✓ (no splits)
[9253/19601] IPV.WS: ✓ (no splits)
[9254/19601] IPVA: ✓ (no splits)
[9255/19601] IPVF: ✓ (no splits)
[9256/19601] IPVF.U: ✓ (no splits)
[9257/19601] IPVA.WS: ✓ (no splits)
[9258/19601] IPVA.U: ✓ (no splits)
[9259/19601] IPVF.WS: ✓ (no splits)
[9260/19601] IPVI: ✓ (no splits)
[9261/19601] IPVIU: ✓ (no splits)
[9262/19601] IPVIW: ✓ (no splits)
[9263/19601] IPW: ✓ (1 split(s))
[9264/19601] IPWR: ✓ (no splits)
[9265/19601] IPX: ✓ (no splits)
[9266/19601] IPXX: ✓ (no splits)
[9267/19601] IPXXU: ✓ (no splits)
[9268/19601] IPXXW: ✓ (no splits)
[9269/19601] IQ: ✓ (no splits)
[9270/19601] IQDE: ✓ (no splits)
[9271/19601] IQDF: ✓ (no splits)
[9272/19601] IQDY: ✓ (no splits)
[9273/19601] IQDG: ✓ (no splits)
[9274/19601] IQHI: ✓ (no splits)
[9275/19601] IQLT: ✓ (no splits)
[9276/19601] IQIN: ✓ (no splits)
[9277/19601] IQI: ✓ (no splits)
[9278/19601] IQM: ✓ (no splits)
[9279/19601] IQMDU: ✓ (no splits)
[9280/19601] IQMD: ✓ (no splits)
[9281/19601] IQMDW: ✓ (no splits)
[9282/19601] IQRA: ✓ (no splits)
[9283/19601] IQQQ: ✓ (no splits)
[9284/19601] IQSI: ✓ (no splits)
[9285/19601] IQSM: ✓ (no splits)
[9286/19601] IQST: ✓ (1 split(s))
[9287/19601] IQSU: ✓ (no splits)
[9288/19601] IQSZ: ✓ (no splits)
[9289/19601] IQV: ✓ (no splits)
[9290/19601] IR: ✓ (no splits)
[9291/19601] IRAA: ✓ (no splits)
[9292/19601] IRAAU: ✓ (no splits)
[9293/19601] IRAAW: ✓ (no splits)
[9294/19601] IRBA: ✓ (no splits)
[9295/19601] IRD: ✓ (no splits)
[9296/19601] IRBT: ✓ (no splits)
[9297/19601] IRBO: ✓ (no splits)
[9298/19601] IRCP: ✓ (1 split(s))
[9299/19601] IRE: ✓ (no splits)
[9300/19601] IRDM: ✓ (no splits)
[9301/19601] IREN: ✓ (no splits)
[9302/19601] IRETpC: ✓ (no splits)
[9303/19601] IREX: ✓ (no splits)
[9304/19601] IRET: ✓ (no splits)
[9305/19601] IRHG: ✓ (no splits)
[9306/19601] IRL: ✓ (no splits)
[9307/19601] IRIX: ✓ (no splits)
[9308/19601] IRM: ✓ (no splits)
[9309/19601] IRMD: ✓ (no splits)
[9310/19601] IRNT: ✓ (no splits)
[9311/19601] IRNT.WS: ✓ (no splits)
[9312/19601] IROC: ✓ (no splits)
[9313/19601] IROH: ✓ (no splits)
[9314/19601] IROHR: ✓ (no splits)
[9315/19601] IROHU: ✓ (no splits)
[9316/19601] IRON: ✓ (no splits)
[9317/19601] IROHW: ✓ (no splits)
[9318/19601] IROQ: ✓ (no splits)
[9319/19601] IRR: ✓ (no splits)
[9320/19601] IRRX: ✓ (no splits)
[9321/19601] IRRX.U: ✓ (no splits)
[9322/19601] IRRX.WS: ✓ (no splits)
[9323/19601] IRS: ✓ (3 split(s))
[9324/19601] IRT: ✓ (no splits)
[9325/19601] IRS.WS: ✓ (no splits)
[9326/19601] IRTC: ✓ (no splits)
[9327/19601] IRTR: ✓ (no splits)
[9328/19601] IRVH: ✓ (no splits)
[9329/19601] IRWD: ✓ (no splits)
[9330/19601] IS: ✓ (no splits)
[9331/19601] ISAA: ✓ (no splits)
[9332/19601] ISBA: ✓ (no splits)
[9333/19601] ISBC: ✓ (no splits)
[9334/19601] ISCB: ✓ (1 split(s))
[9335/19601] ISCF: ✓ (no splits)
[9336/19601] ISCG: ✓ (1 split(s))
[9337/19601] ISCV: ✓ (1 split(s))
[9338/19601] ISDB: ✓ (no splits)
[9339/19601] ISDX: ✓ (no splits)
[9340/19601] ISD: ✓ (no splits)
[9341/19601] ISDR: ✓ (no splits)
[9342/19601] ISEE: ✓ (no splits)
[9343/19601] ISEM: ✓ (no splits)
[9344/19601] ISEP: ✓ (no splits)
[9345/19601] ISHG: ✓ (no splits)
[9346/19601] ISHP: ✓ (no splits)
[9347/19601] ISIG: ✓ (no splits)
[9348/19601] ISLE: ✓ (no splits)
[9349/19601] ISLEU: ✓ (no splits)
[9350/19601] ISLEW: ✓ (no splits)
[9351/19601] ISMD: ✓ (no splits)
[9352/19601] ISNS: ✓ (no splits)
[9353/19601] ISMF: ✓ (no splits)
[9354/19601] ISO: ✓ (no splits)
[9355/19601] ISOS: ✓ (no splits)
[9356/19601] ISOS.U: ✓ (no splits)
[9357/19601] ISOS.WS: ✓ (no splits)
[9358/19601] ISPC: ✓ (1 split(s))
[9359/19601] ISPR: ✓ (no splits)
[9360/19601] ISPO: ✓ (1 split(s))
[9361/19601] ISOU: ✓ (no splits)
[9362/19601] ISPOW: ✓ (no splits)
[9363/19601] ISPY: ✓ (no splits)
[9364/19601] ISRA: ✓ (no splits)
[9365/19601] ISR: ✓ (no splits)
[9366/19601] ISRG: ✓ (1 split(s))
[9367/19601] ISRL: ✓ (no splits)
[9368/19601] ISRLU: ✓ (no splits)
[9369/19601] ISRLW: ✓ (no splits)
[9370/19601] ISSC: ✓ (no splits)
[9371/19601] ISTB: ✓ (no splits)
[9372/19601] ISTR: ✓ (no splits)
[9373/19601] ISUL: ✓ (no splits)
[9374/19601] ISUN: ✓ (no splits)
[9375/19601] ISVL: ✓ (no splits)
[9376/19601] ISWN: ✓ (no splits)
[9377/19601] ISZE: ✓ (no splits)
[9378/19601] IT: ✓ (no splits)
[9379/19601] ITACU: ✓ (no splits)
[9380/19601] ITA: ✓ (no splits)
[9381/19601] ITAC: ✓ (no splits)
[9382/19601] ITACW: ✓ (no splits)
[9383/19601] ITAQ: ✓ (no splits)
[9384/19601] ITAN: ✓ (no splits)
[9385/19601] ITAQU: ✓ (no splits)
[9386/19601] ITAQW: ✓ (no splits)
[9387/19601] ITB: ✓ (no splits)
[9388/19601] ITCB: ✓ (no splits)
[9389/19601] ITCBr: ✓ (no splits)
[9390/19601] ITCI: ✓ (no splits)
[9391/19601] ITCL: ✓ (no splits)
[9392/19601] ITDA: ✓ (no splits)
[9393/19601] ITDB: ✓ (no splits)
[9394/19601] ITDC: ✓ (no splits)
[9395/19601] ITDD: ✓ (no splits)
[9396/19601] ITDE: ✓ (no splits)
[9397/19601] ITDF: ✓ (no splits)
[9398/19601] ITDG: ✓ (no splits)
[9399/19601] ITDI: ✓ (no splits)
[9400/19601] ITHX: ✓ (no splits)
[9401/19601] ITM: ✓ (no splits)
[9402/19601] ITMR: ✓ (no splits)
[9403/19601] ITI: ✓ (no splits)
[9404/19601] ITOL: ✓ (no splits)
[9405/19601] ITOT: ✓ (no splits)
[9406/19601] ITOS: ✓ (no splits)
[9407/19601] ITP: ✓ (1 split(s))
[9408/19601] ITQ: ✓ (no splits)
[9409/19601] ITQRU: ✓ (no splits)
[9410/19601] ITEQ: ✓ (no splits)
[9411/19601] ITDJ: ✓ (no splits)
[9412/19601] ITDH: ✓ (no splits)
[9413/19601] ITGR: ✓ (no splits)
[9414/19601] ITHXU: ✓ (no splits)
[9415/19601] ITHXW: ✓ (no splits)
[9416/19601] ITIC: ✓ (no splits)
[9417/19601] ITQRW: ✓ (no splits)
[9418/19601] ITRG: ✓ (1 split(s))
[9419/19601] ITRI: ✓ (no splits)
[9420/19601] ITRM: ✓ (1 split(s))
[9421/19601] ITRN: ✓ (no splits)
[9422/19601] ITW: ✓ (no splits)
[9423/19601] ITT: ✓ (no splits)
[9424/19601] ITUB: ✓ (1 split(s))
[9425/19601] IUS: ✓ (no splits)
[9426/19601] IUSA: ✓ (no splits)
[9427/19601] ITWO: ✓ (no splits)
[9428/19601] IUSG: ✓ (no splits)
[9429/19601] IUSB: ✓ (no splits)
[9430/19601] IUSS: ✓ (no splits)
[9431/19601] IUSV: ✓ (no splits)
[9432/19601] IVA: ✓ (no splits)
[9433/19601] IVAC: ✓ (no splits)
[9434/19601] IVAL: ✓ (no splits)
[9435/19601] IVAN.WS: ✓ (no splits)
[9436/19601] IVAN: ✓ (no splits)
[9437/19601] IVAN.U: ✓ (no splits)
[9438/19601] IVC: ✓ (no splits)
[9439/19601] IVCA: ✓ (no splits)
[9440/19601] IVCAU: ✓ (no splits)
[9441/19601] IVCAW: ✓ (no splits)
[9442/19601] IVCB: ✓ (no splits)
[9443/19601] IVCP: ✓ (no splits)
[9444/19601] IVCBW: ✓ (no splits)
[9445/19601] IVCBU: ✓ (no splits)
[9446/19601] IVCPW: ✓ (no splits)
[9447/19601] IVCPU: ✓ (no splits)
[9448/19601] IVDAW: ✓ (no splits)
[9449/19601] IVDG: ✓ (no splits)
[9450/19601] IVDA: ✓ (2 split(s))
[9451/19601] IVE: ✓ (no splits)
[9452/19601] IVEG: ✓ (no splits)
[9453/19601] IVLC: ✓ (no splits)
[9454/19601] IVH: ✓ (no splits)
[9455/19601] IVF: ✓ (2 split(s))
[9456/19601] IVES: ✓ (no splits)
[9457/19601] IVLU: ✓ (no splits)
[9458/19601] IVOG: ✓ (1 split(s))
[9459/19601] IVOL: ✓ (no splits)
[9460/19601] IVOO: ✓ (1 split(s))
[9461/19601] IVOV: ✓ (1 split(s))
[9462/19601] IVP: ✓ (2 split(s))
[9463/19601] IVRA: ✓ (no splits)
[9464/19601] IVR: ✓ (1 split(s))
[9465/19601] IVRS: ✓ (no splits)
[9466/19601] IVRpA: ✓ (no splits)
[9467/19601] IVRpC: ✓ (no splits)
[9468/19601] IVRpB: ✓ (no splits)
[9469/19601] IVSG: ✓ (no splits)
[9470/19601] IVSS: ✓ (no splits)
[9471/19601] IVT: ✓ (no splits)
[9472/19601] IVV: ✓ (no splits)
[9473/19601] IVVB: ✓ (no splits)
[9474/19601] IVVD: ✓ (no splits)
[9475/19601] IVVW: ✓ (no splits)
[9476/19601] IVW: ✓ (no splits)
[9477/19601] IVVM: ✓ (no splits)
[9478/19601] IVZ: ✓ (no splits)
[9479/19601] IWB: ✓ (no splits)
[9480/19601] IWC: ✓ (no splits)
[9481/19601] IWD: ✓ (no splits)
[9482/19601] IWDL: ✓ (no splits)
[9483/19601] IWF: ✓ (no splits)
[9484/19601] IWFH: ✓ (no splits)
[9485/19601] IWFG: ✓ (no splits)
[9486/19601] IWFL: ✓ (no splits)
[9487/19601] IWIN: ✓ (no splits)
[9488/19601] IWL: ✓ (no splits)
[9489/19601] IWLG: ✓ (no splits)
[9490/19601] IWM: ✓ (no splits)
[9491/19601] IWMI: ✓ (no splits)
[9492/19601] IWML: ✓ (no splits)
[9493/19601] IWMW: ✓ (no splits)
[9494/19601] IWMY: ✓ (1 split(s))
[9495/19601] IWN: ✓ (no splits)
[9496/19601] IWO: ✓ (no splits)
[9497/19601] IWR: ✓ (no splits)
[9498/19601] IWS: ✓ (no splits)
[9499/19601] IWP: ✓ (no splits)
[9500/19601] IWTR: ✓ (no splits)
  → Checkpoint saved: 1144 splits so far
[9501/19601] IWV: ✓ (no splits)
[9502/19601] IWX: ✓ (no splits)
[9503/19601] IWY: ✓ (no splits)
[9504/19601] IXAQ: ✓ (no splits)
[9505/19601] IX: ✓ (1 split(s))
[9506/19601] IXAQU: ✓ (no splits)
[9507/19601] IXAQW: ✓ (no splits)
[9508/19601] IXC: ✓ (no splits)
[9509/19601] IXJ: ✓ (no splits)
[9510/19601] IXG: ✓ (no splits)
[9511/19601] IXN: ✓ (1 split(s))
[9512/19601] IXHL: ✓ (no splits)
[9513/19601] IXP: ✓ (no splits)
[9514/19601] IXSE: ✓ (no splits)
[9515/19601] IXUS: ✓ (no splits)
[9516/19601] IYC: ✓ (no splits)
[9517/19601] IYF: ✓ (no splits)
[9518/19601] IYE: ✓ (no splits)
[9519/19601] IYG: ✓ (1 split(s))
[9520/19601] IYH: ✓ (1 split(s))
[9521/19601] IYJ: ✓ (no splits)
[9522/19601] IYK: ✓ (1 split(s))
[9523/19601] IYLD: ✓ (no splits)
[9524/19601] IYM: ✓ (no splits)
[9525/19601] IYR: ✓ (no splits)
[9526/19601] IYRI: ✓ (no splits)
[9527/19601] IYT: ✓ (1 split(s))
[9528/19601] IYW: ✓ (no splits)
[9529/19601] IYY: ✓ (no splits)
[9530/19601] IYZ: ✓ (no splits)
[9531/19601] IZEA: ✓ (1 split(s))
[9532/19601] IZM: ✓ (no splits)
[9533/19601] IZRL: ✓ (no splits)
[9534/19601] IZTC: ✓ (no splits)
[9535/19601] J: ✓ (no splits)
[9536/19601] JAAA: ✓ (no splits)
[9537/19601] JACS.U: ✓ (no splits)
[9538/19601] JABS: ✓ (no splits)
[9539/19601] JACK: ✓ (no splits)
[9540/19601] JACS: ✓ (no splits)
[9541/19601] JACSr: ✓ (no splits)
[9542/19601] JADE: ✓ (no splits)
[9543/19601] JAGG: ✓ (no splits)
[9544/19601] JAGX: ✓ (4 split(s))
[9545/19601] JAKK: ✓ (no splits)
[9546/19601] JAJL: ✓ (no splits)
[9547/19601] JAMF: ✓ (no splits)
[9548/19601] JAN: ✓ (no splits)
[9549/19601] JANB: ✓ (no splits)
[9550/19601] JAND: ✓ (no splits)
[9551/19601] JANH: ✓ (no splits)
[9552/19601] JANJ: ✓ (no splits)
[9553/19601] JANM: ✓ (no splits)
[9554/19601] JANP: ✓ (no splits)
[9555/19601] JANQ: ✓ (no splits)
[9556/19601] JANT: ✓ (no splits)
[9557/19601] JANW: ✓ (no splits)
[9558/19601] JANU: ✓ (no splits)
[9559/19601] JANZ: ✓ (no splits)
[9560/19601] JANX: ✓ (no splits)
[9561/19601] JAPN: ✓ (no splits)
[9562/19601] JAQC: ✓ (no splits)
[9563/19601] JAQCU: ✓ (no splits)
[9564/19601] JAQCW: ✓ (no splits)
[9565/19601] JATT: ✓ (no splits)
[9566/19601] JATT.U: ✓ (no splits)
[9567/19601] JATT.WS: ✓ (no splits)
[9568/19601] JAVA: ✓ (no splits)
[9569/19601] JAX: ✓ (no splits)
[9570/19601] JAZZ: ✓ (no splits)
[9571/19601] JBBB: ✓ (no splits)
[9572/19601] JBDI: ✓ (no splits)
[9573/19601] JBGS: ✓ (no splits)
[9574/19601] JBI.WS: ✓ (no splits)
[9575/19601] JBHT: ✓ (no splits)
[9576/19601] JBI: ✓ (no splits)
[9577/19601] JBIO: ✓ (no splits)
[9578/19601] JBK: ✓ (no splits)
[9579/19601] JBLU: ✓ (no splits)
[9580/19601] JBL: ✓ (no splits)
[9581/19601] JBND: ✓ (no splits)
[9582/19601] JBS: ✓ (no splits)
[9583/19601] JBSS: ✓ (no splits)
[9584/19601] JBT: ✓ (no splits)
[9585/19601] JBTM: ✓ (no splits)
[9586/19601] JCAP: ✓ (no splits)
[9587/19601] JCHI: ✓ (no splits)
[9588/19601] JCE: ✓ (no splits)
[9589/19601] JCI: ✓ (no splits)
[9590/19601] JCIC: ✓ (no splits)
[9591/19601] JCICU: ✓ (no splits)
[9592/19601] JCICW: ✓ (no splits)
[9593/19601] JCO: ✓ (no splits)
[9594/19601] JCPB: ✓ (no splits)
[9595/19601] JCOM: ✓ (no splits)
[9596/19601] JCPI: ✓ (no splits)
[9597/19601] JCS: ✓ (no splits)
[9598/19601] JCSE: ✓ (1 split(s))
[9599/19601] JCTR: ✓ (no splits)
[9600/19601] JCTC: ✓ (no splits)
[9601/19601] JCTCF: ✓ (no splits)
[9602/19601] JD: ✓ (no splits)
[9603/19601] JDD: ✓ (no splits)
[9604/19601] JDIV: ✓ (no splits)
[9605/19601] JDST: ✓ (1 split(s))
[9606/19601] JDOC: ✓ (no splits)
[9607/19601] JDVI: ✓ (no splits)
[9608/19601] JDVL: ✓ (no splits)
[9609/19601] JDZG: ✓ (1 split(s))
[9610/19601] JE: ✓ (no splits)
[9611/19601] JEDI: ✓ (no splits)
[9612/19601] JEF: ✓ (no splits)
[9613/19601] JELD: ✓ (no splits)
[9614/19601] JEM: ✓ (no splits)
[9615/19601] JEMB: ✓ (no splits)
[9616/19601] JEMA: ✓ (no splits)
[9617/19601] JEMD: ✓ (no splits)
[9618/19601] JENA: ✓ (no splits)
[9619/19601] JENA.U: ✓ (no splits)
[9620/19601] JEPI: ✓ (no splits)
[9621/19601] JENAr: ✓ (no splits)
[9622/19601] JEPQ: ✓ (no splits)
[9623/19601] JEPY: ✓ (1 split(s))
[9624/19601] JEQ: ✓ (no splits)
[9625/19601] JETU: ✓ (no splits)
[9626/19601] JETD: ✓ (no splits)
[9627/19601] JETS: ✓ (no splits)
[9628/19601] JEWL: ✓ (no splits)
[9629/19601] JFB: ✓ (no splits)
[9630/19601] JFBR: ✓ (3 split(s))
[9631/19601] JFBRW: ✓ (no splits)
[9632/19601] JFIN: ✓ (no splits)
[9633/19601] JFLI: ✓ (no splits)
[9634/19601] JFLX: ✓ (no splits)
[9635/19601] JFR: ✓ (no splits)
[9636/19601] JFRr: ✓ (no splits)
[9637/19601] JFRrw: ✓ (no splits)
[9638/19601] JFWD: ✓ (no splits)
[9639/19601] JGGCR: ✓ (no splits)
[9640/19601] JG: ✓ (1 split(s))
[9641/19601] JGGC: ✓ (no splits)
[9642/19601] JFU: ✓ (1 split(s))
[9643/19601] JGGCU: ✓ (no splits)
[9644/19601] JGGCW: ✓ (no splits)
[9645/19601] JGH: ✓ (no splits)
[9646/19601] JGLD: ✓ (no splits)
[9647/19601] JGHrw: ✓ (no splits)
[9648/19601] JGHr: ✓ (no splits)
[9649/19601] JGLO: ✓ (no splits)
[9650/19601] JGRO: ✓ (no splits)
[9651/19601] JGRW: ✓ (no splits)
[9652/19601] JHAA: ✓ (no splits)
[9653/19601] JHAC: ✓ (no splits)
[9654/19601] JHAI: ✓ (no splits)
[9655/19601] JHB: ✓ (no splits)
[9656/19601] JHCB: ✓ (no splits)
[9657/19601] JHCP: ✓ (no splits)
[9658/19601] JHCR: ✓ (no splits)
[9659/19601] JHCS: ✓ (no splits)
[9660/19601] JHEM: ✓ (no splits)
[9661/19601] JHG: ✓ (no splits)
[9662/19601] JHDV: ✓ (no splits)
[9663/19601] JHHY: ✓ (no splits)
[9664/19601] JHI: ✓ (no splits)
[9665/19601] JHID: ✓ (no splits)
[9666/19601] JHMB: ✓ (no splits)
[9667/19601] JHLN: ✓ (no splits)
[9668/19601] JHMA: ✓ (no splits)
[9669/19601] JHMD: ✓ (no splits)
[9670/19601] JHMC: ✓ (no splits)
[9671/19601] JHMF: ✓ (no splits)
[9672/19601] JHME: ✓ (no splits)
[9673/19601] JHMH: ✓ (no splits)
[9674/19601] JHMI: ✓ (no splits)
[9675/19601] JHML: ✓ (no splits)
[9676/19601] JHMM: ✓ (no splits)
[9677/19601] JHMS: ✓ (no splits)
[9678/19601] JHMT: ✓ (no splits)
[9679/19601] JHMU: ✓ (no splits)
[9680/19601] JHPI: ✓ (no splits)
[9681/19601] JHX: ✓ (no splits)
[9682/19601] JHS: ✓ (no splits)
[9683/19601] JHSC: ✓ (no splits)
[9684/19601] JIB: ✓ (no splits)
[9685/19601] JIDA: ✓ (no splits)
[9686/19601] JIG: ✓ (no splits)
[9687/19601] JIGB: ✓ (no splits)
[9688/19601] JIH.WS: ✓ (no splits)
[9689/19601] JIH.U: ✓ (no splits)
[9690/19601] JILL: ✓ (no splits)
[9691/19601] JIII: ✓ (no splits)
[9692/19601] JIH: ✓ (no splits)
[9693/19601] JIRE: ✓ (no splits)
[9694/19601] JIVE: ✓ (no splits)
[9695/19601] JJA: ✓ (1 split(s))
[9696/19601] JJE: ✓ (no splits)
[9697/19601] JJC: ✓ (1 split(s))
[9698/19601] JJG: ✓ (no splits)
[9699/19601] JJM: ✓ (no splits)
[9700/19601] JJN: ✓ (1 split(s))
[9701/19601] JJP: ✓ (no splits)
[9702/19601] JJSF: ✓ (no splits)
[9703/19601] JJS: ✓ (no splits)
[9704/19601] JJT: ✓ (no splits)
[9705/19601] JJU: ✓ (no splits)
[9706/19601] JKD: ✓ (no splits)
[9707/19601] JKE: ✓ (no splits)
[9708/19601] JKF: ✓ (no splits)
[9709/19601] JKG: ✓ (no splits)
[9710/19601] JKH: ✓ (no splits)
[9711/19601] JKHY: ✓ (no splits)
[9712/19601] JKI: ✓ (no splits)
[9713/19601] JKJ: ✓ (no splits)
[9714/19601] JKL: ✓ (no splits)
[9715/19601] JKK: ✓ (no splits)
[9716/19601] JKS: ✓ (no splits)
[9717/19601] JL: ✓ (1 split(s))
[9718/19601] JLHL: ✓ (no splits)
[9719/19601] JLL: ✓ (no splits)
[9720/19601] JLS: ✓ (no splits)
[9721/19601] JLQD: ✓ (no splits)
[9722/19601] JMACU: ✓ (no splits)
[9723/19601] JMAC: ✓ (no splits)
[9724/19601] JMACW: ✓ (no splits)
[9725/19601] JMBS: ✓ (no splits)
[9726/19601] JMEE: ✓ (no splits)
[9727/19601] JMHI: ✓ (no splits)
[9728/19601] JMID: ✓ (no splits)
[9729/19601] JMIA: ✓ (no splits)
[9730/19601] JMIN: ✓ (no splits)
[9731/19601] JMM: ✓ (no splits)
[9732/19601] JMOM: ✓ (no splits)
[9733/19601] JMP: ✓ (no splits)
[9734/19601] JMPNL: ✓ (no splits)
[9735/19601] JMPNZ: ✓ (no splits)
[9736/19601] JMSI: ✓ (no splits)
[9737/19601] JMST: ✓ (no splits)
[9738/19601] JMSB: ✓ (no splits)
[9739/19601] JMTG: ✓ (no splits)
[9740/19601] JMUB: ✓ (no splits)
[9741/19601] JNCE: ✓ (no splits)
[9742/19601] JNJ: ✓ (no splits)
[9743/19601] JNEU: ✓ (no splits)
[9744/19601] JNJ.WD: ✓ (no splits)
[9745/19601] JNK: ✓ (no splits)
[9746/19601] JNPR: ✓ (no splits)
[9747/19601] JNUG: ✓ (no splits)
[9748/19601] JNVR: ✓ (1 split(s))
[9749/19601] JO: ✓ (no splits)
[9750/19601] JOAN: ✓ (no splits)
[9751/19601] JOB: ✓ (no splits)
[9752/19601] JOBS: ✓ (no splits)
[9753/19601] JOBX: ✓ (no splits)
[9754/19601] JOBY: ✓ (no splits)
[9755/19601] JOBY.WS: ✓ (no splits)
[9756/19601] JOE: ✓ (no splits)
[9757/19601] JOET: ✓ (no splits)
[9758/19601] JOFF: ✓ (no splits)
[9759/19601] JOF: ✓ (no splits)
[9760/19601] JOFFW: ✓ (no splits)
[9761/19601] JOFFU: ✓ (no splits)
[9762/19601] JOYT: ✓ (no splits)
[9763/19601] JOJO: ✓ (no splits)
[9764/19601] JOUT: ✓ (no splits)
[9765/19601] JOYY: ✓ (no splits)
[9766/19601] JP: ✓ (no splits)
[9767/19601] JPAN: ✓ (no splits)
[9768/19601] JPEF: ✓ (no splits)
[9769/19601] JPC: ✓ (no splits)
[9770/19601] JPEM: ✓ (no splits)
[9771/19601] JPHY: ✓ (no splits)
[9772/19601] JPI: ✓ (no splits)
[9773/19601] JPIB: ✓ (no splits)
[9774/19601] JPIE: ✓ (no splits)
[9775/19601] JPIN: ✓ (no splits)
[9776/19601] JPM: ✓ (no splits)
[9777/19601] JPMB: ✓ (no splits)
[9778/19601] JPLD: ✓ (no splits)
[9779/19601] JPME: ✓ (no splits)
[9780/19601] JPMpC: ✓ (no splits)
[9781/19601] JPMO: ✓ (no splits)
[9782/19601] JPMpH: ✓ (no splits)
[9783/19601] JPMpD: ✓ (no splits)
[9784/19601] JPMpG: ✓ (no splits)
[9785/19601] JPMpJ: ✓ (no splits)
[9786/19601] JPMpK: ✓ (no splits)
[9787/19601] JPMpL: ✓ (no splits)
[9788/19601] JPMpM: ✓ (no splits)
[9789/19601] JPN: ✓ (no splits)
[9790/19601] JPRE: ✓ (no splits)
[9791/19601] JPS: ✓ (no splits)
[9792/19601] JPSE: ✓ (no splits)
[9793/19601] JPST: ✓ (no splits)
[9794/19601] JPSV: ✓ (no splits)
[9795/19601] JPT: ✓ (no splits)
[9796/19601] JPUS: ✓ (no splits)
[9797/19601] JPX: ✓ (no splits)
[9798/19601] JPXN: ✓ (no splits)
[9799/19601] JPY: ✓ (no splits)
[9800/19601] JQCr: ✓ (no splits)
[9801/19601] JQC: ✓ (no splits)
[9802/19601] JQCrw: ✓ (no splits)
[9803/19601] JQUA: ✓ (no splits)
[9804/19601] JRE: ✓ (no splits)
[9805/19601] JRI: ✓ (no splits)
[9806/19601] JRJC: ✓ (no splits)
[9807/19601] JRNY: ✓ (no splits)
[9808/19601] JRO: ✓ (no splits)
[9809/19601] JRS: ✓ (no splits)
[9810/19601] JRSH: ✓ (no splits)
[9811/19601] JRVR: ✓ (no splits)
[9812/19601] JSCP: ✓ (no splits)
[9813/19601] JSD: ✓ (no splits)
[9814/19601] JSI: ✓ (no splits)
[9815/19601] JSM: ✓ (no splits)
[9816/19601] JSMD: ✓ (no splits)
[9817/19601] JSML: ✓ (no splits)
[9818/19601] JSPR: ✓ (1 split(s))
[9819/19601] JSTC: ✓ (no splits)
[9820/19601] JSPRW: ✓ (no splits)
[9821/19601] JT: ✓ (no splits)
[9822/19601] JTA: ✓ (no splits)
[9823/19601] JTAI: ✓ (1 split(s))
[9824/19601] JTAIW: ✓ (no splits)
[9825/19601] JTAIZ: ✓ (no splits)
[9826/19601] JTD: ✓ (no splits)
[9827/19601] JTEK: ✓ (no splits)
[9828/19601] JUCY: ✓ (no splits)
[9829/19601] JUGG: ✓ (no splits)
[9830/19601] JUGGU: ✓ (no splits)
[9831/19601] JUGGW: ✓ (no splits)
[9832/19601] JULB: ✓ (no splits)
[9833/19601] JULH: ✓ (no splits)
[9834/19601] JULD: ✓ (no splits)
[9835/19601] JULJ: ✓ (no splits)
[9836/19601] JULM: ✓ (no splits)
[9837/19601] JULP: ✓ (no splits)
[9838/19601] JULQ: ✓ (no splits)
[9839/19601] JULT: ✓ (no splits)
[9840/19601] JULU: ✓ (no splits)
[9841/19601] JULW: ✓ (no splits)
[9842/19601] JULZ: ✓ (no splits)
[9843/19601] JUN: ✓ (no splits)
[9844/19601] JUN.U: ✓ (no splits)
[9845/19601] JUN.WS: ✓ (no splits)
[9846/19601] JUNE: ✓ (no splits)
[9847/19601] JUNM: ✓ (no splits)
[9848/19601] JUNP: ✓ (no splits)
[9849/19601] JUNS: ✓ (no splits)
[9850/19601] JUNT: ✓ (no splits)
[9851/19601] JUNW: ✓ (no splits)
[9852/19601] JUNZ: ✓ (no splits)
[9853/19601] JUPW: ✓ (no splits)
[9854/19601] JUPWW: ✓ (no splits)
[9855/19601] JUSA: ✓ (no splits)
[9856/19601] JUST: ✓ (no splits)
[9857/19601] JVA: ✓ (no splits)
[9858/19601] JVAL: ✓ (no splits)
[9859/19601] JVSA: ✓ (no splits)
[9860/19601] JVSAR: ✓ (no splits)
[9861/19601] JVSAU: ✓ (no splits)
[9862/19601] JW.B: ✓ (no splits)
[9863/19601] JW.A: ✓ (no splits)
[9864/19601] JWAC: ✓ (no splits)
[9865/19601] JWACR: ✓ (no splits)
[9866/19601] JWACU: ✓ (no splits)
[9867/19601] JWEL: ✓ (1 split(s))
[9868/19601] JWN: ✓ (no splits)
[9869/19601] JWS: ✓ (no splits)
[9870/19601] JWS.U: ✓ (no splits)
[9871/19601] JWS.WS: ✓ (no splits)
[9872/19601] JWSM: ✓ (no splits)
[9873/19601] JWSM.U: ✓ (no splits)
[9874/19601] JXG: ✓ (2 split(s))
[9875/19601] JWSM.WS: ✓ (no splits)
[9876/19601] JXI: ✓ (no splits)
[9877/19601] JXJT: ✓ (1 split(s))
[9878/19601] JXN: ✓ (no splits)
[9879/19601] JXNpA: ✓ (no splits)
[9880/19601] JXNw: ✓ (no splits)
[9881/19601] JXX: ✓ (no splits)
[9882/19601] JYAC: ✓ (no splits)
[9883/19601] JYD: ✓ (1 split(s))
[9884/19601] JYNT: ✓ (no splits)
[9885/19601] JZ: ✓ (2 split(s))
[9886/19601] JZRO: ✓ (no splits)
[9887/19601] JZXN: ✓ (2 split(s))
[9888/19601] Jw: ✓ (no splits)
[9889/19601] K: ✓ (no splits)
[9890/19601] KA: ✓ (no splits)
[9891/19601] KACL: ✓ (no splits)
[9892/19601] KACLR: ✓ (no splits)
[9893/19601] KACLW: ✓ (no splits)
[9894/19601] KACLU: ✓ (no splits)
[9895/19601] KAHC: ✓ (no splits)
[9896/19601] KAHC.U: ✓ (no splits)
[9897/19601] KAHC.WS: ✓ (no splits)
[9898/19601] KAI: ✓ (no splits)
[9899/19601] KAII: ✓ (no splits)
[9900/19601] KAIIU: ✓ (no splits)
[9901/19601] KAIIW: ✓ (no splits)
[9902/19601] KAIR: ✓ (no splits)
[9903/19601] KAIRU: ✓ (no splits)
[9904/19601] KAIRW: ✓ (no splits)
[9905/19601] KAL: ✓ (1 split(s))
[9906/19601] KALA: ✓ (2 split(s))
[9907/19601] KALL: ✓ (no splits)
[9908/19601] KALU: ✓ (no splits)
[9909/19601] KALV: ✓ (no splits)
[9910/19601] KALWW: ✓ (no splits)
[9911/19601] KAMN: ✓ (no splits)
[9912/19601] KAPA: ✓ (no splits)
[9913/19601] KAR: ✓ (no splits)
[9914/19601] KAPR: ✓ (no splits)
[9915/19601] KARO: ✓ (no splits)
[9916/19601] KARB: ✓ (no splits)
[9917/19601] KAT: ✓ (no splits)
[9918/19601] KARS: ✓ (no splits)
[9919/19601] KAUG: ✓ (no splits)
[9920/19601] KAVL: ✓ (2 split(s))
[9921/19601] KB: ✓ (no splits)
[9922/19601] KBA: ✓ (no splits)
[9923/19601] KBAB: ✓ (no splits)
[9924/19601] KBAL: ✓ (no splits)
[9925/19601] KBDC: ✓ (no splits)
[9926/19601] KBDU: ✓ (no splits)
[9927/19601] KBE: ✓ (no splits)
[9928/19601] KBH: ✓ (no splits)
[9929/19601] KBND: ✓ (no splits)
[9930/19601] KBNT: ✓ (no splits)
[9931/19601] KBNTW: ✓ (no splits)
[9932/19601] KBR: ✓ (no splits)
[9933/19601] KBSX: ✓ (no splits)
[9934/19601] KBSF: ✓ (no splits)
[9935/19601] KBUF: ✓ (no splits)
[9936/19601] KBUY: ✓ (no splits)
[9937/19601] KBWD: ✓ (no splits)
[9938/19601] KBWB: ✓ (no splits)
[9939/19601] KBWP: ✓ (no splits)
[9940/19601] KBWR: ✓ (no splits)
[9941/19601] KBWY: ✓ (no splits)
[9942/19601] KC: ✓ (no splits)
[9943/19601] KCA.U: ✓ (no splits)
[9944/19601] KCAC.WS: ✓ (no splits)
[9945/19601] KCAC: ✓ (no splits)
[9946/19601] KCAC.U: ✓ (no splits)
[9947/19601] KCAC.WS.A: ✓ (no splits)
[9948/19601] KCAI: ✓ (no splits)
[9949/19601] KCCA: ✓ (no splits)
[9950/19601] KCAPL: ✓ (no splits)
[9951/19601] KCAL: ✓ (no splits)
[9952/19601] KCCB: ✓ (no splits)
[9953/19601] KCE: ✓ (no splits)
[9954/19601] KCGI: ✓ (no splits)
[9955/19601] KCGI.U: ✓ (no splits)
[9956/19601] KCGI.WS: ✓ (no splits)
[9957/19601] KCHV: ✓ (no splits)
[9958/19601] KCHVR: ✓ (no splits)
[9959/19601] KCHVU: ✓ (no splits)
[9960/19601] KCNY: ✓ (no splits)
[9961/19601] KCSH: ✓ (no splits)
[9962/19601] KD: ✓ (no splits)
[9963/19601] KDEC: ✓ (no splits)
[9964/19601] KDFI: ✓ (no splits)
[9965/19601] KDEF: ✓ (no splits)
[9966/19601] KDIV: ✓ (no splits)
[9967/19601] KDK: ✓ (no splits)
[9968/19601] KDKRW: ✓ (no splits)
[9969/19601] KDLY: ✓ (no splits)
[9970/19601] KDLYW: ✓ (no splits)
[9971/19601] KDNY: ✓ (no splits)
[9972/19601] KDMN: ✓ (no splits)
[9973/19601] KDP: ✓ (no splits)
[9974/19601] KDRN: ✓ (no splits)
[9975/19601] KDw: ✓ (no splits)
[9976/19601] KE: ✓ (no splits)
[9977/19601] KEAT: ✓ (no splits)
[9978/19601] KELYA: ✓ (no splits)
[9979/19601] KEJI: ✓ (no splits)
[9980/19601] KELYB: ✓ (no splits)
[9981/19601] KEM: ✓ (no splits)
[9982/19601] KEMQ: ✓ (no splits)
[9983/19601] KEMX: ✓ (no splits)
[9984/19601] KEN: ✓ (no splits)
[9985/19601] KEP: ✓ (no splits)
[9986/19601] KEQU: ✓ (no splits)
[9987/19601] KERN: ✓ (2 split(s))
[9988/19601] KERNW: ✓ (no splits)
[9989/19601] KESG: ✓ (no splits)
[9990/19601] KEUA: ✓ (1 split(s))
[9991/19601] KEX: ✓ (no splits)
[9992/19601] KEY: ✓ (no splits)
[9993/19601] KEYS: ✓ (no splits)
[9994/19601] KEYpI: ✓ (no splits)
[9995/19601] KEYpJ: ✓ (no splits)
[9996/19601] KEYpK: ✓ (no splits)
[9997/19601] KEYpL: ✓ (no splits)
[9998/19601] KF: ✓ (no splits)
[9999/19601] KFFB: ✓ (no splits)
[10000/19601] KFEB: ✓ (no splits)
  → Checkpoint saved: 1188 splits so far
[10001/19601] KFII: ✓ (no splits)
[10002/19601] KFIIR: ✓ (no splits)
[10003/19601] KFIIU: ✓ (no splits)
[10004/19601] KFRC: ✓ (no splits)
[10005/19601] KFS: ✓ (no splits)
[10006/19601] KFVG: ✓ (no splits)
[10007/19601] KFY: ✓ (no splits)
[10008/19601] KFYP: ✓ (no splits)
[10009/19601] KG: ✓ (no splits)
[10010/19601] KGC: ✓ (no splits)
[10011/19601] KGEI: ✓ (no splits)
[10012/19601] KGHG: ✓ (no splits)
[10013/19601] KGLD: ✓ (no splits)
[10014/19601] KGRN: ✓ (no splits)
[10015/19601] KGRO: ✓ (no splits)
[10016/19601] KGS: ✓ (no splits)
[10017/19601] KHC: ✓ (no splits)
[10018/19601] KHPI: ✓ (no splits)
[10019/19601] KIDS: ✓ (no splits)
[10020/19601] KHYB: ✓ (no splits)
[10021/19601] KIDZ: ✓ (no splits)
[10022/19601] KIDZW: ✓ (no splits)
[10023/19601] KIE: ✓ (no splits)
[10024/19601] KIIIW: ✓ (no splits)
[10025/19601] KIIIU: ✓ (no splits)
[10026/19601] KIII: ✓ (no splits)
[10027/19601] KIM: ✓ (no splits)
[10028/19601] KIMpL: ✓ (no splits)
[10029/19601] KIMpM: ✓ (no splits)
[10030/19601] KIN: ✓ (no splits)
[10031/19601] KIMpN: ✓ (no splits)
[10032/19601] KIND: ✓ (no splits)
[10033/19601] KINS: ✓ (no splits)
[10034/19601] KINZ: ✓ (no splits)
[10035/19601] KINZU: ✓ (no splits)
[10036/19601] KINZW: ✓ (no splits)
[10037/19601] KIO: ✓ (no splits)
[10038/19601] KIOr: ✓ (no splits)
[10039/19601] KIOrw: ✓ (no splits)
[10040/19601] KIRK: ✓ (no splits)
[10041/19601] KIQ: ✓ (no splits)
[10042/19601] KITTW: ✓ (no splits)
[10043/19601] KITT: ✓ (2 split(s))
[10044/19601] KJD: ✓ (no splits)
[10045/19601] KJAN: ✓ (no splits)
[10046/19601] KJUL: ✓ (no splits)
[10047/19601] KJUN: ✓ (no splits)
[10048/19601] KKR: ✓ (no splits)
[10049/19601] KKRS: ✓ (no splits)
[10050/19601] KKRT: ✓ (no splits)
[10051/19601] KKRpA: ✓ (no splits)
[10052/19601] KKRpB: ✓ (no splits)
[10053/19601] KKRpD: ✓ (no splits)
[10054/19601] KKRpC: ✓ (no splits)
[10055/19601] KL: ✓ (no splits)
[10056/19601] KLAC: ✓ (no splits)
[10057/19601] KLAQ: ✓ (no splits)
[10058/19601] KLAQU: ✓ (no splits)
[10059/19601] KLAQW: ✓ (no splits)
[10060/19601] KLC: ✓ (no splits)
[10061/19601] KLAR: ✓ (no splits)
[10062/19601] KLCD: ✓ (no splits)
[10063/19601] KLDO: ✓ (no splits)
[10064/19601] KLDW: ✓ (no splits)
[10065/19601] KLG: ✓ (no splits)
[10066/19601] KLGw: ✓ (no splits)
[10067/19601] KLIC: ✓ (no splits)
[10068/19601] KLIP: ✓ (1 split(s))
[10069/19601] KLMN: ✓ (no splits)
[10070/19601] KLMT: ✓ (no splits)
[10071/19601] KLNE: ✓ (no splits)
[10072/19601] KLR: ✓ (1 split(s))
[10073/19601] KLR.WS: ✓ (no splits)
[10074/19601] KLRS: ✓ (no splits)
[10075/19601] KLTO: ✓ (no splits)
[10076/19601] KLTOW: ✓ (no splits)
[10077/19601] KLTR: ✓ (no splits)
[10078/19601] KLXE: ✓ (no splits)
[10079/19601] KLXY: ✓ (no splits)
[10080/19601] KMAR: ✓ (no splits)
[10081/19601] KMAY: ✓ (no splits)
[10082/19601] KMB: ✓ (no splits)
[10083/19601] KMDA: ✓ (no splits)
[10084/19601] KMED: ✓ (no splits)
[10085/19601] KMET: ✓ (no splits)
[10086/19601] KMI: ✓ (no splits)
[10087/19601] KMF: ✓ (no splits)
[10088/19601] KMID: ✓ (no splits)
[10089/19601] KMLI: ✓ (no splits)
[10090/19601] KMLM: ✓ (no splits)
[10091/19601] KMPB: ✓ (no splits)
[10092/19601] KMPH: ✓ (1 split(s))
[10093/19601] KMPR: ✓ (no splits)
[10094/19601] KMT: ✓ (no splits)
[10095/19601] KMRK: ✓ (no splits)
[10096/19601] KMTS: ✓ (no splits)
[10097/19601] KMX: ✓ (no splits)
[10098/19601] KN: ✓ (no splits)
[10099/19601] KNAB: ✓ (no splits)
[10100/19601] KNBE: ✓ (no splits)
[10101/19601] KNDI: ✓ (no splits)
[10102/19601] KNCT: ✓ (no splits)
[10103/19601] KNF: ✓ (no splits)
[10104/19601] KNFw: ✓ (no splits)
[10105/19601] KNG: ✓ (no splits)
[10106/19601] KNGZ: ✓ (no splits)
[10107/19601] KNGS: ✓ (no splits)
[10108/19601] KNL: ✓ (no splits)
[10109/19601] KNO: ✓ (no splits)
[10110/19601] KNOP: ✓ (no splits)
[10111/19601] KNOV: ✓ (no splits)
[10112/19601] KNOW: ✓ (no splits)
[10113/19601] KNRG: ✓ (no splits)
[10114/19601] KNRX: ✓ (no splits)
[10115/19601] KNSA: ✓ (no splits)
[10116/19601] KNSW: ✓ (no splits)
[10117/19601] KNSL: ✓ (no splits)
[10118/19601] KNSW.U: ✓ (no splits)
[10119/19601] KNSW.WS: ✓ (no splits)
[10120/19601] KNTE: ✓ (no splits)
[10121/19601] KNTK: ✓ (1 split(s))
[10122/19601] KNX: ✓ (no splits)
[10123/19601] KO: ✓ (no splits)
[10124/19601] KOCG: ✓ (no splits)
[10125/19601] KNW: ✓ (1 split(s))
[10126/19601] KOCT: ✓ (no splits)
[10127/19601] KOD: ✓ (no splits)
[10128/19601] KODK: ✓ (no splits)
[10129/19601] KOF: ✓ (no splits)
[10130/19601] KOID: ✓ (no splits)
[10131/19601] KOIN: ✓ (no splits)
[10132/19601] KOKU: ✓ (no splits)
[10133/19601] KOL: ✓ (no splits)
[10134/19601] KOLD: ✓ (3 split(s))
[10135/19601] KOMP: ✓ (no splits)
[10136/19601] KONG: ✓ (no splits)
[10137/19601] KOOL: ✓ (no splits)
[10138/19601] KOPN: ✓ (no splits)
[10139/19601] KOP: ✓ (no splits)
[10140/19601] KOR: ✓ (no splits)
[10141/19601] KORE.WS: ✓ (no splits)
[10142/19601] KORE: ✓ (1 split(s))
[10143/19601] KORP: ✓ (no splits)
[10144/19601] KOS: ✓ (no splits)
[10145/19601] KORU: ✓ (1 split(s))
[10146/19601] KOSS: ✓ (no splits)
[10147/19601] KOYNU: ✓ (no splits)
[10148/19601] KOYN: ✓ (no splits)
[10149/19601] KOYNW: ✓ (no splits)
[10150/19601] KPDD: ✓ (no splits)
[10151/19601] KPHO: ✓ (no splits)
[10152/19601] KPLT: ✓ (1 split(s))
[10153/19601] KPLTW: ✓ (no splits)
[10154/19601] KPOP: ✓ (no splits)
[10155/19601] KPRO: ✓ (no splits)
[10156/19601] KPRX: ✓ (2 split(s))
[10157/19601] KPTI: ✓ (1 split(s))
[10158/19601] KQQQ: ✓ (no splits)
[10159/19601] KR: ✓ (no splits)
[10160/19601] KRA: ✓ (no splits)
[10161/19601] KRBN: ✓ (no splits)
[10162/19601] KRBP: ✓ (1 split(s))
[10163/19601] KRC: ✓ (no splits)
[10164/19601] KREF: ✓ (no splits)
[10165/19601] KRE: ✓ (no splits)
[10166/19601] KREFpA: ✓ (no splits)
[10167/19601] KRG: ✓ (no splits)
[10168/19601] KRKR: ✓ (1 split(s))
[10169/19601] KRMA: ✓ (no splits)
[10170/19601] KRMD: ✓ (no splits)
[10171/19601] KRMN: ✓ (no splits)
[10172/19601] KRNL: ✓ (no splits)
[10173/19601] KRNLU: ✓ (no splits)
[10174/19601] KRNT: ✓ (no splits)
[10175/19601] KRNLW: ✓ (no splits)
[10176/19601] KRNY: ✓ (no splits)
[10177/19601] KRO: ✓ (no splits)
[10178/19601] KRON: ✓ (no splits)
[10179/19601] KROP: ✓ (1 split(s))
[10180/19601] KROS: ✓ (no splits)
[10181/19601] KRP: ✓ (no splits)
[10182/19601] KRRO: ✓ (no splits)
[10183/19601] KRSP: ✓ (no splits)
[10184/19601] KRSP.WS: ✓ (no splits)
[10185/19601] KRSP.U: ✓ (no splits)
[10186/19601] KRT: ✓ (no splits)
[10187/19601] KRTX: ✓ (no splits)
[10188/19601] KRUZ: ✓ (no splits)
[10189/19601] KRUS: ✓ (no splits)
[10190/19601] KRYS: ✓ (no splits)
[10191/19601] KSA: ✓ (no splits)
[10192/19601] KSCD: ✓ (no splits)
[10193/19601] KSCP: ✓ (1 split(s))
[10194/19601] KSEA: ✓ (no splits)
[10195/19601] KSEP: ✓ (no splits)
[10196/19601] KSET: ✓ (no splits)
[10197/19601] KSI: ✓ (no splits)
[10198/19601] KSICU: ✓ (no splits)
[10199/19601] KSICW: ✓ (no splits)
[10200/19601] KSLV: ✓ (no splits)
[10201/19601] KSM: ✓ (no splits)
[10202/19601] KSMT: ✓ (no splits)
[10203/19601] KSMTU: ✓ (no splits)
[10204/19601] KSPI: ✓ (no splits)
[10205/19601] KSMTW: ✓ (no splits)
[10206/19601] KSPN: ✓ (no splits)
[10207/19601] KSPY: ✓ (no splits)
[10208/19601] KSS: ✓ (no splits)
[10209/19601] KSTR: ✓ (no splits)
[10210/19601] KSUp: ✓ (no splits)
[10211/19601] KSU: ✓ (no splits)
[10212/19601] KT: ✓ (no splits)
[10213/19601] KTB: ✓ (no splits)
[10214/19601] KTCC: ✓ (no splits)
[10215/19601] KTEC: ✓ (no splits)
[10216/19601] KTF: ✓ (no splits)
[10217/19601] KTH: ✓ (no splits)
[10218/19601] KTN: ✓ (no splits)
[10219/19601] KTOS: ✓ (no splits)
[10220/19601] KTOV: ✓ (no splits)
[10221/19601] KTRA: ✓ (2 split(s))
[10222/19601] KTTA: ✓ (1 split(s))
[10223/19601] KTTAW: ✓ (no splits)
[10224/19601] KTUP: ✓ (no splits)
[10225/19601] KUKE: ✓ (1 split(s))
[10226/19601] KULR: ✓ (1 split(s))
[10227/19601] KURA: ✓ (no splits)
[10228/19601] KURI: ✓ (no splits)
[10229/19601] KURE: ✓ (no splits)
[10230/19601] KURIU: ✓ (no splits)
[10231/19601] KVAC: ✓ (no splits)
[10232/19601] KURIW: ✓ (no splits)
[10233/19601] KVACU: ✓ (no splits)
[10234/19601] KVACW: ✓ (no splits)
[10235/19601] KVHI: ✓ (no splits)
[10236/19601] KVLE: ✓ (no splits)
[10237/19601] KVSA: ✓ (no splits)
[10238/19601] KVSB: ✓ (no splits)
[10239/19601] KVSC: ✓ (no splits)
[10240/19601] KVUE: ✓ (no splits)
[10241/19601] KVUEw: ✓ (no splits)
[10242/19601] KVYO: ✓ (no splits)
[10243/19601] KW: ✓ (no splits)
[10244/19601] KWAC: ✓ (no splits)
[10245/19601] KWAC.U: ✓ (no splits)
[10246/19601] KWAC.WS: ✓ (no splits)
[10247/19601] KWESW: ✓ (no splits)
[10248/19601] KWEB: ✓ (no splits)
[10249/19601] KWE: ✓ (2 split(s))
[10250/19601] KWMWW: ✓ (no splits)
[10251/19601] KWIN: ✓ (no splits)
[10252/19601] KWM: ✓ (no splits)
[10253/19601] KWR: ✓ (no splits)
[10254/19601] KWT: ✓ (no splits)
[10255/19601] KXI: ✓ (no splits)
[10256/19601] KXIN: ✓ (3 split(s))
[10257/19601] KYCH: ✓ (no splits)
[10258/19601] KYCHR: ✓ (no splits)
[10259/19601] KYCHU: ✓ (no splits)
[10260/19601] KYCHW: ✓ (no splits)
[10261/19601] KYIV: ✓ (no splits)
[10262/19601] KYIVW: ✓ (no splits)
[10263/19601] KYLD: ✓ (no splits)
[10264/19601] KYMR: ✓ (no splits)
[10265/19601] KYTX: ✓ (no splits)
[10266/19601] KYN: ✓ (no splits)
[10267/19601] KZIA: ✓ (2 split(s))
[10268/19601] Kw: ✓ (no splits)
[10269/19601] KZR: ✓ (1 split(s))
[10270/19601] L: ✓ (no splits)
[10271/19601] LAAAU: ✓ (no splits)
[10272/19601] LAAA: ✓ (no splits)
[10273/19601] LAAAW: ✓ (no splits)
[10274/19601] LAACw: ✓ (no splits)
[10275/19601] LAAC: ✓ (no splits)
[10276/19601] LAB: ✓ (no splits)
[10277/19601] LABD: ✓ (1 split(s))
[10278/19601] LABP: ✓ (1 split(s))
[10279/19601] LABU: ✓ (1 split(s))
[10280/19601] LABX: ✓ (no splits)
[10281/19601] LAC: ✓ (no splits)
[10282/19601] LACQ: ✓ (no splits)
[10283/19601] LACQU: ✓ (no splits)
[10284/19601] LACQW: ✓ (no splits)
[10285/19601] LAD: ✓ (no splits)
[10286/19601] LACw: ✓ (no splits)
[10287/19601] LADR: ✓ (no splits)
[10288/19601] LAESV: ✓ (no splits)
[10289/19601] LAES: ✓ (no splits)
[10290/19601] LAFA: ✓ (no splits)
[10291/19601] LAFAU: ✓ (no splits)
[10292/19601] LAIX: ✓ (1 split(s))
[10293/19601] LAFAR: ✓ (no splits)
[10294/19601] LAKE: ✓ (no splits)
[10295/19601] LALT: ✓ (no splits)
[10296/19601] LAMR: ✓ (no splits)
[10297/19601] LANC: ✓ (no splits)
[10298/19601] LAND: ✓ (no splits)
[10299/19601] LANDM: ✓ (no splits)
[10300/19601] LANDO: ✓ (no splits)
[10301/19601] LANDP: ✓ (no splits)
[10302/19601] LANV: ✓ (no splits)
[10303/19601] LANV.WS: ✓ (no splits)
[10304/19601] LAPR: ✓ (no splits)
[10305/19601] LAR: ✓ (no splits)
[10306/19601] LARK: ✓ (5 split(s))
[10307/19601] LASE: ✓ (no splits)
[10308/19601] LASR: ✓ (no splits)
[10309/19601] LATA: ✓ (no splits)
[10310/19601] LATAU: ✓ (no splits)
[10311/19601] LATAW: ✓ (no splits)
[10312/19601] LATGU: ✓ (no splits)
[10313/19601] LATG: ✓ (no splits)
[10314/19601] LATGW: ✓ (no splits)
[10315/19601] LATN: ✓ (no splits)
[10316/19601] LATNU: ✓ (no splits)
[10317/19601] LATNW: ✓ (no splits)
[10318/19601] LAUR: ✓ (no splits)
[10319/19601] LAW: ✓ (no splits)
[10320/19601] LAWR: ✓ (no splits)
[10321/19601] LAWS: ✓ (no splits)
[10322/19601] LAX: ✓ (no splits)
[10323/19601] LAXXR: ✓ (no splits)
[10324/19601] LAXXU: ✓ (no splits)
[10325/19601] LAXXW: ✓ (no splits)
[10326/19601] LAYS: ✓ (no splits)
[10327/19601] LAZ: ✓ (no splits)
[10328/19601] LAZRW: ✓ (no splits)
[10329/19601] LAZR: ✓ (1 split(s))
[10330/19601] LAZY: ✓ (no splits)
[10331/19601] LB: ✓ (no splits)
[10332/19601] LBAY: ✓ (no splits)
[10333/19601] LBAI: ✓ (no splits)
[10334/19601] LBBB: ✓ (no splits)
[10335/19601] LBBBR: ✓ (no splits)
[10336/19601] LBBBU: ✓ (no splits)
[10337/19601] LBBBW: ✓ (no splits)
[10338/19601] LBC: ✓ (no splits)
[10339/19601] LBDAV: ✓ (no splits)
[10340/19601] LBDKV: ✓ (no splits)
[10341/19601] LBGJ: ✓ (no splits)
[10342/19601] LBJ: ✓ (no splits)
[10343/19601] LBO: ✓ (no splits)
[10344/19601] LBPH: ✓ (no splits)
[10345/19601] LBPS: ✓ (no splits)
[10346/19601] LBPSW: ✓ (no splits)
[10347/19601] LBRDA: ✓ (no splits)
[10348/19601] LBRDP: ✓ (no splits)
[10349/19601] LBRDK: ✓ (no splits)
[10350/19601] LBRT: ✓ (no splits)
[10351/19601] LBRX: ✓ (no splits)
[10352/19601] LBTYA: ✓ (no splits)
[10353/19601] LBTYB: ✓ (no splits)
[10354/19601] LBTYK: ✓ (no splits)
[10355/19601] LBYAV: ✓ (no splits)
[10356/19601] LC: ✓ (no splits)
[10357/19601] LCA: ✓ (no splits)
[10358/19601] LBYKV: ✓ (no splits)
[10359/19601] LCAA: ✓ (no splits)
[10360/19601] LCAAU: ✓ (no splits)
[10361/19601] LCAAW: ✓ (no splits)
[10362/19601] LCAHU: ✓ (no splits)
[10363/19601] LCAHW: ✓ (no splits)
[10364/19601] LCAP: ✓ (no splits)
[10365/19601] LCAPU: ✓ (no splits)
[10366/19601] LCAPW: ✓ (no splits)
[10367/19601] LCCC: ✓ (no splits)
[10368/19601] LCCCR: ✓ (no splits)
[10369/19601] LCCCU: ✓ (no splits)
[10370/19601] LCDL: ✓ (no splits)
[10371/19601] LCDS: ✓ (no splits)
[10372/19601] LCF: ✓ (no splits)
[10373/19601] LCFY: ✓ (1 split(s))
[10374/19601] LCG: ✓ (no splits)
[10375/19601] LCFYW: ✓ (1 split(s))
[10376/19601] LCIDW: ✓ (no splits)
[10377/19601] LCID: ✓ (1 split(s))
[10378/19601] LCI: ✓ (1 split(s))
[10379/19601] LCII: ✓ (no splits)
[10380/19601] LCNB: ✓ (no splits)
[10381/19601] LCLG: ✓ (no splits)
[10382/19601] LCR: ✓ (no splits)
[10383/19601] LCOW: ✓ (no splits)
[10384/19601] LCTD: ✓ (no splits)
[10385/19601] LCTU: ✓ (no splits)
[10386/19601] LCTX: ✓ (no splits)
[10387/19601] LCUT: ✓ (no splits)
[10388/19601] LCW: ✓ (no splits)
[10389/19601] LCW.U: ✓ (no splits)
[10390/19601] LCW.WS: ✓ (no splits)
[10391/19601] LCY: ✓ (no splits)
[10392/19601] LCYAU: ✓ (no splits)
[10393/19601] LCYAW: ✓ (no splits)
[10394/19601] LD: ✓ (no splits)
[10395/19601] LDDR: ✓ (1 split(s))
[10396/19601] LDEM: ✓ (no splits)
[10397/19601] LDER: ✓ (1 split(s))
[10398/19601] LDHA: ✓ (no splits)
[10399/19601] LDHAU: ✓ (no splits)
[10400/19601] LDHAW: ✓ (no splits)
[10401/19601] LDI: ✓ (no splits)
[10402/19601] LDL: ✓ (no splits)
[10403/19601] LDP: ✓ (no splits)
[10404/19601] LDOS: ✓ (no splits)
[10405/19601] LDRC: ✓ (no splits)
[10406/19601] LDRH: ✓ (no splits)
[10407/19601] LDRI: ✓ (no splits)
[10408/19601] LDRS: ✓ (no splits)
[10409/19601] LDRR: ✓ (1 split(s))
[10410/19601] LDRX: ✓ (no splits)
[10411/19601] LDRT: ✓ (no splits)
[10412/19601] LDSF: ✓ (no splits)
[10413/19601] LDTC: ✓ (no splits)
[10414/19601] LDTCW: ✓ (no splits)
[10415/19601] LDUR: ✓ (no splits)
[10416/19601] LDWY: ✓ (1 split(s))
[10417/19601] LE: ✓ (no splits)
[10418/19601] LEA: ✓ (no splits)
[10419/19601] LEAD: ✓ (no splits)
[10420/19601] LEAF: ✓ (no splits)
[10421/19601] LEAP: ✓ (no splits)
[10422/19601] LECO: ✓ (no splits)
[10423/19601] LEAP.WS: ✓ (no splits)
[10424/19601] LEAP.U: ✓ (no splits)
[10425/19601] LEDS: ✓ (no splits)
[10426/19601] LEE: ✓ (1 split(s))
[10427/19601] LEG: ✓ (no splits)
[10428/19601] LEGA: ✓ (no splits)
[10429/19601] LEGAU: ✓ (no splits)
[10430/19601] LEGN: ✓ (no splits)
[10431/19601] LEGAW: ✓ (no splits)
[10432/19601] LEGH: ✓ (no splits)
[10433/19601] LEGO: ✓ (no splits)
[10434/19601] LEGOW: ✓ (no splits)
[10435/19601] LEGOU: ✓ (no splits)
[10436/19601] LEGR: ✓ (no splits)
[10437/19601] LEGT.U: ✓ (no splits)
[10438/19601] LEGT: ✓ (no splits)
[10439/19601] LEGT.WS: ✓ (no splits)
[10440/19601] LEJU: ✓ (1 split(s))
[10441/19601] LEMB: ✓ (no splits)
[10442/19601] LEN.B: ✓ (no splits)
[10443/19601] LENS: ✓ (no splits)
[10444/19601] LEN: ✓ (1 split(s))
[10445/19601] LEND: ✓ (no splits)
[10446/19601] LENZ: ✓ (1 split(s))
[10447/19601] LEO: ✓ (no splits)
[10448/19601] LESL: ✓ (1 split(s))
[10449/19601] LEV.WS: ✓ (no splits)
[10450/19601] LEU: ✓ (no splits)
[10451/19601] LETB: ✓ (no splits)
[10452/19601] LEV.WS.A: ✓ (no splits)
[10453/19601] LEV: ✓ (no splits)
[10454/19601] LEVL: ✓ (no splits)
[10455/19601] LEVI: ✓ (no splits)
[10456/19601] LEVLP: ✓ (no splits)
[10457/19601] LEXI: ✓ (no splits)
[10458/19601] LEXX: ✓ (no splits)
[10459/19601] LEXXW: ✓ (no splits)
[10460/19601] LFAC: ✓ (no splits)
[10461/19601] LFACU: ✓ (no splits)
[10462/19601] LFACW: ✓ (no splits)
[10463/19601] LFAI: ✓ (2 split(s))
[10464/19601] LFAE: ✓ (1 split(s))
[10465/19601] LFAF: ✓ (1 split(s))
[10466/19601] LFAJ: ✓ (1 split(s))
[10467/19601] LFAK: ✓ (1 split(s))
[10468/19601] LFAL: ✓ (1 split(s))
[10469/19601] LFAN: ✓ (1 split(s))
[10470/19601] LFAO: ✓ (2 split(s))
[10471/19601] LFAU: ✓ (1 split(s))
[10472/19601] LFAQ: ✓ (1 split(s))
[10473/19601] LFAR: ✓ (1 split(s))
[10474/19601] LFAV: ✓ (1 split(s))
[10475/19601] LFAW: ✓ (2 split(s))
[10476/19601] LFAX: ✓ (1 split(s))
[10477/19601] LFAZ: ✓ (1 split(s))
[10478/19601] LFBB: ✓ (1 split(s))
[10479/19601] LFBD: ✓ (1 split(s))
[10480/19601] LFBE: ✓ (2 split(s))
[10481/19601] LFC: ✓ (no splits)
[10482/19601] LFCR: ✓ (no splits)
[10483/19601] LFDR: ✓ (2 split(s))
[10484/19601] LFEQ: ✓ (no splits)
[10485/19601] LFG: ✓ (no splits)
[10486/19601] LFG.WS: ✓ (no splits)
[10487/19601] LFGY: ✓ (no splits)
[10488/19601] LFLY: ✓ (2 split(s))
[10489/19601] LFLYW: ✓ (no splits)
[10490/19601] LFMD: ✓ (no splits)
[10491/19601] LFMDP: ✓ (no splits)
[10492/19601] LFS: ✓ (no splits)
[10493/19601] LFSC: ✓ (no splits)
[10494/19601] LFST: ✓ (no splits)
[10495/19601] LFT: ✓ (no splits)
[10496/19601] LFTR: ✓ (no splits)
[10497/19601] LFTRU: ✓ (no splits)
[10498/19601] LFTpA: ✓ (no splits)
[10499/19601] LFTRW: ✓ (no splits)
[10500/19601] LFTrw: ✓ (no splits)
  → Checkpoint saved: 1270 splits so far
[10501/19601] LFTr: ✓ (no splits)
[10502/19601] LFUS: ✓ (no splits)
[10503/19601] LFVN: ✓ (no splits)
[10504/19601] LGAC: ✓ (no splits)
[10505/19601] LFWD: ✓ (1 split(s))
[10506/19601] LGACW: ✓ (no splits)
[10507/19601] LGACU: ✓ (no splits)
[10508/19601] LGBT: ✓ (no splits)
[10509/19601] LGCB: ✓ (1 split(s))
[10510/19601] LGCF: ✓ (no splits)
[10511/19601] LGCL: ✓ (1 split(s))
[10512/19601] LGCY: ✓ (no splits)
[10513/19601] LGDX: ✓ (no splits)
[10514/19601] LGF.A: ✓ (no splits)
[10515/19601] LGF.B: ✓ (no splits)
[10516/19601] LGH: ✓ (no splits)
[10517/19601] LGHL: ✓ (3 split(s))
[10518/19601] LGHLW: ✓ (no splits)
[10519/19601] LGI: ✓ (no splits)
[10520/19601] LGIH: ✓ (no splits)
[10521/19601] LGHT: ✓ (no splits)
[10522/19601] LGL: ✓ (no splits)
[10523/19601] LGL.WS: ✓ (no splits)
[10524/19601] LGLV: ✓ (no splits)
[10525/19601] LGLZ: ✓ (no splits)
[10526/19601] LGLw: ✓ (no splits)
[10527/19601] LGMK: ✓ (4 split(s))
[10528/19601] LGN: ✓ (no splits)
[10529/19601] LGND: ✓ (no splits)
[10530/19601] LGNDV: ✓ (no splits)
[10531/19601] LGO: ✓ (no splits)
[10532/19601] LGOV: ✓ (no splits)
[10533/19601] LGPS: ✓ (no splits)
[10534/19601] LGRO: ✓ (no splits)
[10535/19601] LGST: ✓ (no splits)
[10536/19601] LGSTU: ✓ (no splits)
[10537/19601] LGSTW: ✓ (no splits)
[10538/19601] LGTOU: ✓ (no splits)
[10539/19601] LGV: ✓ (no splits)
[10540/19601] LGTO: ✓ (no splits)
[10541/19601] LGTY: ✓ (no splits)
[10542/19601] LGTOW: ✓ (no splits)
[10543/19601] LGV.U: ✓ (no splits)
[10544/19601] LGV.WS: ✓ (no splits)
[10545/19601] LGVC: ✓ (no splits)
[10546/19601] LGVCU: ✓ (no splits)
[10547/19601] LGVCW: ✓ (no splits)
[10548/19601] LGVN: ✓ (1 split(s))
[10549/19601] LGVNR: ✓ (no splits)
[10550/19601] LGVNV: ✓ (no splits)
[10551/19601] LGVW: ✓ (no splits)
[10552/19601] LGVW.WS: ✓ (no splits)
[10553/19601] LGVW.U: ✓ (no splits)
[10554/19601] LH: ✓ (1 split(s))
[10555/19601] LHAA: ✓ (no splits)
[10556/19601] LHAI: ✓ (no splits)
[10557/19601] LHC: ✓ (no splits)
[10558/19601] LHC.U: ✓ (no splits)
[10559/19601] LHC.WS: ✓ (no splits)
[10560/19601] LHCG: ✓ (no splits)
[10561/19601] LHDX: ✓ (no splits)
[10562/19601] LHSW: ✓ (no splits)
[10563/19601] LHX: ✓ (no splits)
[10564/19601] LHw: ✓ (no splits)
[10565/19601] LI: ✓ (no splits)
[10566/19601] LIAB: ✓ (1 split(s))
[10567/19601] LIAC: ✓ (1 split(s))
[10568/19601] LIAE: ✓ (2 split(s))
[10569/19601] LIAF: ✓ (1 split(s))
[10570/19601] LIAG: ✓ (1 split(s))
[10571/19601] LIAJ: ✓ (1 split(s))
[10572/19601] LIAM: ✓ (2 split(s))
[10573/19601] LIAK: ✓ (1 split(s))
[10574/19601] LIAN: ✓ (no splits)
[10575/19601] LIAO: ✓ (1 split(s))
[10576/19601] LIAP: ✓ (1 split(s))
[10577/19601] LIAQ: ✓ (1 split(s))
[10578/19601] LIAT: ✓ (1 split(s))
[10579/19601] LIAU: ✓ (2 split(s))
[10580/19601] LIAV: ✓ (1 split(s))
[10581/19601] LIAX: ✓ (1 split(s))
[10582/19601] LIAW: ✓ (1 split(s))
[10583/19601] LIAY: ✓ (1 split(s))
[10584/19601] LIBD: ✓ (2 split(s))
[10585/19601] LIBY: ✓ (no splits)
[10586/19601] LIBYW: ✓ (no splits)
[10587/19601] LICN: ✓ (1 split(s))
[10588/19601] LIBYU: ✓ (no splits)
[10589/19601] LICY: ✓ (1 split(s))
[10590/19601] LICY.WS: ✓ (no splits)
[10591/19601] LIDR: ✓ (1 split(s))
[10592/19601] LIDRW: ✓ (no splits)
[10593/19601] LIEN: ✓ (no splits)
[10594/19601] LIF: ✓ (no splits)
[10595/19601] LIFE: ✓ (no splits)
[10596/19601] LIFT: ✓ (no splits)
[10597/19601] LIFW: ✓ (2 split(s))
[10598/19601] LIFWW: ✓ (no splits)
[10599/19601] LIFWZ: ✓ (no splits)
[10600/19601] LII: ✓ (no splits)
[10601/19601] LIII: ✓ (no splits)
[10602/19601] LIII.WS: ✓ (no splits)
[10603/19601] LIII.U: ✓ (no splits)
[10604/19601] LILA: ✓ (no splits)
[10605/19601] LILAK: ✓ (no splits)
[10606/19601] LILMW: ✓ (no splits)
[10607/19601] LIMI: ✓ (no splits)
[10608/19601] LILM: ✓ (no splits)
[10609/19601] LIMN: ✓ (no splits)
[10610/19601] LIMNW: ✓ (no splits)
[10611/19601] LIN: ✓ (no splits)
[10612/19601] LINC: ✓ (no splits)
[10613/19601] LINE: ✓ (no splits)
[10614/19601] LIND: ✓ (no splits)
[10615/19601] LINK: ✓ (2 split(s))
[10616/19601] LINT: ✓ (no splits)
[10617/19601] LINX: ✓ (no splits)
[10618/19601] LION: ✓ (no splits)
[10619/19601] LIONU: ✓ (no splits)
[10620/19601] LIONW: ✓ (no splits)
[10621/19601] LIPO: ✓ (1 split(s))
[10622/19601] LIT: ✓ (no splits)
[10623/19601] LIQT: ✓ (1 split(s))
[10624/19601] LITE: ✓ (no splits)
[10625/19601] LITB: ✓ (1 split(s))
[10626/19601] LITP: ✓ (no splits)
[10627/19601] LITM: ✓ (1 split(s))
[10628/19601] LITL: ✓ (no splits)
[10629/19601] LITS: ✓ (no splits)
[10630/19601] LITT: ✓ (no splits)
[10631/19601] LITTU: ✓ (no splits)
[10632/19601] LITTW: ✓ (no splits)
[10633/19601] LIVB: ✓ (no splits)
[10634/19601] LIV: ✓ (no splits)
[10635/19601] LIVBU: ✓ (no splits)
[10636/19601] LIVBW: ✓ (no splits)
[10637/19601] LIVE: ✓ (no splits)
[10638/19601] LIVK: ✓ (no splits)
[10639/19601] LIVKU: ✓ (no splits)
[10640/19601] LIVKW: ✓ (no splits)
[10641/19601] LIVN: ✓ (no splits)
[10642/19601] LIVR: ✓ (no splits)
[10643/19601] LIVX: ✓ (no splits)
[10644/19601] LIXT: ✓ (1 split(s))
[10645/19601] LIXTW: ✓ (no splits)
[10646/19601] LIZI: ✓ (1 split(s))
[10647/19601] LJAQU: ✓ (no splits)
[10648/19601] LJAQW: ✓ (no splits)
[10649/19601] LJAN: ✓ (no splits)
[10650/19601] LJAQ: ✓ (no splits)
[10651/19601] LJIM: ✓ (no splits)
[10652/19601] LJPC: ✓ (no splits)
[10653/19601] LJUL: ✓ (no splits)
[10654/19601] LKCO: ✓ (2 split(s))
[10655/19601] LKFN: ✓ (no splits)
[10656/19601] LKOR: ✓ (no splits)
[10657/19601] LKQ: ✓ (no splits)
[10658/19601] LKSP: ✓ (no splits)
[10659/19601] LKSPR: ✓ (no splits)
[10660/19601] LKSPU: ✓ (no splits)
[10661/19601] LL: ✓ (no splits)
[10662/19601] LLAP: ✓ (no splits)
[10663/19601] LLAP.WS: ✓ (no splits)
[10664/19601] LLII: ✓ (no splits)
[10665/19601] LLDR: ✓ (no splits)
[10666/19601] LLIT: ✓ (no splits)
[10667/19601] LLL: ✓ (no splits)
[10668/19601] LLNW: ✓ (no splits)
[10669/19601] LLY: ✓ (no splits)
[10670/19601] LLYVK: ✓ (no splits)
[10671/19601] LLYVA: ✓ (no splits)
[10672/19601] LLYX: ✓ (no splits)
[10673/19601] LLYZ: ✓ (no splits)
[10674/19601] LMACA: ✓ (no splits)
[10675/19601] LMACU: ✓ (no splits)
[10676/19601] LMACW: ✓ (no splits)
[10677/19601] LMAO: ✓ (no splits)
[10678/19601] LMAOU: ✓ (no splits)
[10679/19601] LMAOW: ✓ (no splits)
[10680/19601] LMAT: ✓ (no splits)
[10681/19601] LMB: ✓ (no splits)
[10682/19601] LMBO: ✓ (no splits)
[10683/19601] LMBS: ✓ (no splits)
[10684/19601] LMDXW: ✓ (no splits)
[10685/19601] LMDX: ✓ (no splits)
[10686/19601] LMFA: ✓ (2 split(s))
[10687/19601] LMLB: ✓ (no splits)
[10688/19601] LMND: ✓ (no splits)
[10689/19601] LMND.WS: ✓ (no splits)
[10690/19601] LMNR: ✓ (no splits)
[10691/19601] LMNL: ✓ (1 split(s))
[10692/19601] LMNX: ✓ (no splits)
[10693/19601] LMPX: ✓ (no splits)
[10694/19601] LMRK: ✓ (no splits)
[10695/19601] LMRKN: ✓ (no splits)
[10696/19601] LMRKO: ✓ (no splits)
[10697/19601] LMRKP: ✓ (no splits)
[10698/19601] LMST: ✓ (no splits)
[10699/19601] LMT: ✓ (no splits)
[10700/19601] LMTL: ✓ (no splits)
[10701/19601] LMTS: ✓ (no splits)
[10702/19601] LMUB: ✓ (no splits)
[10703/19601] LN: ✓ (no splits)
[10704/19601] LNC: ✓ (no splits)
[10705/19601] LNAI: ✓ (no splits)
[10706/19601] LNCpD: ✓ (no splits)
[10707/19601] LND: ✓ (no splits)
[10708/19601] LNDC: ✓ (no splits)
[10709/19601] LNFA: ✓ (no splits)
[10710/19601] LNFA.U: ✓ (no splits)
[10711/19601] LNG: ✓ (no splits)
[10712/19601] LNFA.WS: ✓ (no splits)
[10713/19601] LNGG: ✓ (no splits)
[10714/19601] LNGR: ✓ (no splits)
[10715/19601] LNGX: ✓ (no splits)
[10716/19601] LNKB: ✓ (no splits)
[10717/19601] LNKS: ✓ (no splits)
[10718/19601] LNGZ: ✓ (no splits)
[10719/19601] LNN: ✓ (no splits)
[10720/19601] LNSR: ✓ (no splits)
[10721/19601] LNT: ✓ (no splits)
[10722/19601] LNTH: ✓ (no splits)
[10723/19601] LNW: ✓ (no splits)
[10724/19601] LNZA: ✓ (1 split(s))
[10725/19601] LNZAW: ✓ (no splits)
[10726/19601] LOAC: ✓ (no splits)
[10727/19601] LOACR: ✓ (no splits)
[10728/19601] LOACU: ✓ (no splits)
[10729/19601] LOACW: ✓ (no splits)
[10730/19601] LOAK: ✓ (no splits)
[10731/19601] LOAK.U: ✓ (no splits)
[10732/19601] LOAK.WS: ✓ (no splits)
[10733/19601] LOAR: ✓ (no splits)
[10734/19601] LOAN: ✓ (no splits)
[10735/19601] LOBO: ✓ (no splits)
[10736/19601] LOBpA: ✓ (no splits)
[10737/19601] LOCC: ✓ (no splits)
[10738/19601] LOB: ✓ (no splits)
[10739/19601] LOCC.U: ✓ (no splits)
[10740/19601] LOCC.WS: ✓ (no splits)
[10741/19601] LOCL: ✓ (1 split(s))
[10742/19601] LOCL.WS: ✓ (no splits)
[10743/19601] LOCO: ✓ (no splits)
[10744/19601] LOCT: ✓ (no splits)
[10745/19601] LODI: ✓ (no splits)
[10746/19601] LODE: ✓ (1 split(s))
[10747/19601] LOGC: ✓ (no splits)
[10748/19601] LOGO: ✓ (no splits)
[10749/19601] LOGI: ✓ (no splits)
[10750/19601] LOKB: ✓ (no splits)
[10751/19601] LOKB.U: ✓ (no splits)
[10752/19601] LOKB.WS: ✓ (no splits)
[10753/19601] LOKM: ✓ (no splits)
[10754/19601] LOKM.U: ✓ (no splits)
[10755/19601] LOKM.WS: ✓ (no splits)
[10756/19601] LOKV: ✓ (no splits)
[10757/19601] LOKVW: ✓ (no splits)
[10758/19601] LOMA: ✓ (no splits)
[10759/19601] LOKVU: ✓ (no splits)
[10760/19601] LONZ: ✓ (no splits)
[10761/19601] LOOP: ✓ (no splits)
[10762/19601] LOPE: ✓ (no splits)
[10763/19601] LOPP: ✓ (no splits)
[10764/19601] LOPX: ✓ (no splits)
[10765/19601] LOT: ✓ (no splits)
[10766/19601] LORL: ✓ (no splits)
[10767/19601] LOTI: ✓ (no splits)
[10768/19601] LOTWW: ✓ (no splits)
[10769/19601] LOTZ: ✓ (no splits)
[10770/19601] LOTZW: ✓ (no splits)
[10771/19601] LOUP: ✓ (no splits)
[10772/19601] LOV: ✓ (no splits)
[10773/19601] LOVE: ✓ (no splits)
[10774/19601] LOW: ✓ (no splits)
[10775/19601] LOWC: ✓ (1 split(s))
[10776/19601] LOWV: ✓ (no splits)
[10777/19601] LPA: ✓ (no splits)
[10778/19601] LPAA: ✓ (no splits)
[10779/19601] LPAAW: ✓ (no splits)
[10780/19601] LPAAU: ✓ (no splits)
[10781/19601] LPBB: ✓ (no splits)
[10782/19601] LPBBU: ✓ (no splits)
[10783/19601] LPBBW: ✓ (no splits)
[10784/19601] LPCN: ✓ (1 split(s))
[10785/19601] LPG: ✓ (no splits)
[10786/19601] LPI: ✓ (no splits)
[10787/19601] LPL: ✓ (no splits)
[10788/19601] LPLA: ✓ (no splits)
[10789/19601] LPRE: ✓ (no splits)
[10790/19601] LPRO: ✓ (no splits)
[10791/19601] LPSN: ✓ (1 split(s))
[10792/19601] LPTH: ✓ (no splits)
[10793/19601] LPTV: ✓ (1 split(s))
[10794/19601] LPTX: ✓ (1 split(s))
[10795/19601] LPX: ✓ (no splits)
[10796/19601] LQAI: ✓ (no splits)
[10797/19601] LQD: ✓ (no splits)
[10798/19601] LQDB: ✓ (no splits)
[10799/19601] LQDT: ✓ (no splits)
[10800/19601] LQDI: ✓ (no splits)
[10801/19601] LQDA: ✓ (no splits)
[10802/19601] LQDH: ✓ (no splits)
[10803/19601] LQDW: ✓ (no splits)
[10804/19601] LQIG: ✓ (no splits)
[10805/19601] LQPE: ✓ (no splits)
[10806/19601] LQR: ✓ (2 split(s))
[10807/19601] LQTI: ✓ (no splits)
[10808/19601] LRCU: ✓ (no splits)
[10809/19601] LRCX: ✓ (1 split(s))
[10810/19601] LRE: ✓ (no splits)
[10811/19601] LRFC: ✓ (no splits)
[10812/19601] LRGC: ✓ (no splits)
[10813/19601] LRGE: ✓ (no splits)
[10814/19601] LRGF: ✓ (no splits)
[10815/19601] LRGG: ✓ (no splits)
[10816/19601] LRHC: ✓ (1 split(s))
[10817/19601] LRMR: ✓ (no splits)
[10818/19601] LRN: ✓ (no splits)
[10819/19601] LRND: ✓ (no splits)
[10820/19601] LSACW: ✓ (no splits)
[10821/19601] LSAC: ✓ (no splits)
[10822/19601] LSACU: ✓ (no splits)
[10823/19601] LRNZ: ✓ (no splits)
[10824/19601] LSAF: ✓ (no splits)
[10825/19601] LSAK: ✓ (no splits)
[10826/19601] LSAT: ✓ (no splits)
[10827/19601] LSAQ: ✓ (no splits)
[10828/19601] LSB: ✓ (1 split(s))
[10829/19601] LSBK: ✓ (no splits)
[10830/19601] LSBPW: ✓ (no splits)
[10831/19601] LSCC: ✓ (no splits)
[10832/19601] LSDI: ✓ (1 split(s))
[10833/19601] LSE: ✓ (no splits)
[10834/19601] LSEA: ✓ (no splits)
[10835/19601] LSEAW: ✓ (no splits)
[10836/19601] LSEQ: ✓ (no splits)
[10837/19601] LSF: ✓ (no splits)
[10838/19601] LSGR: ✓ (no splits)
[10839/19601] LSH: ✓ (no splits)
[10840/19601] LSLT: ✓ (no splits)
[10841/19601] LSPD: ✓ (no splits)
[10842/19601] LSI: ✓ (1 split(s))
[10843/19601] LSPR: ✓ (no splits)
[10844/19601] LSPRW: ✓ (no splits)
[10845/19601] LSST: ✓ (no splits)
[10846/19601] LSPRU: ✓ (no splits)
[10847/19601] LST: ✓ (no splits)
[10848/19601] LSTA: ✓ (no splits)
[10849/19601] LSTR: ✓ (no splits)
[10850/19601] LSVD: ✓ (no splits)
[10851/19601] LSXMA: ✓ (no splits)
[10852/19601] LSXMB: ✓ (no splits)
[10853/19601] LSXMK: ✓ (no splits)
[10854/19601] LTBR: ✓ (no splits)
[10855/19601] LTC: ✓ (no splits)
[10856/19601] LTCC: ✓ (no splits)
[10857/19601] LTCH: ✓ (no splits)
[10858/19601] LTCHW: ✓ (no splits)
[10859/19601] LTH: ✓ (no splits)
[10860/19601] LTHM: ✓ (no splits)
[10861/19601] LTL: ✓ (1 split(s))
[10862/19601] LTM: ✓ (no splits)
[10863/19601] LTPZ: ✓ (no splits)
[10864/19601] LTRN: ✓ (no splits)
[10865/19601] LTRPA: ✓ (no splits)
[10866/19601] LTRX: ✓ (no splits)
[10867/19601] LTRPB: ✓ (no splits)
[10868/19601] LTRYW: ✓ (no splits)
[10869/19601] LTRY: ✓ (1 split(s))
[10870/19601] LTTI: ✓ (no splits)
[10871/19601] LU: ✓ (1 split(s))
[10872/19601] LUB: ✓ (no splits)
[10873/19601] LUCD: ✓ (no splits)
[10874/19601] LUCK: ✓ (no splits)
[10875/19601] LUCY: ✓ (1 split(s))
[10876/19601] LUCYW: ✓ (no splits)
[10877/19601] LUD: ✓ (no splits)
[10878/19601] LULG: ✓ (no splits)
[10879/19601] LULU: ✓ (no splits)
[10880/19601] LUMN: ✓ (no splits)
[10881/19601] LUNA: ✓ (no splits)
[10882/19601] LUMO: ✓ (no splits)
[10883/19601] LUNG: ✓ (no splits)
[10884/19601] LUNR: ✓ (no splits)
[10885/19601] LUNRW: ✓ (no splits)
[10886/19601] LUV: ✓ (no splits)
[10887/19601] LUXAU: ✓ (no splits)
[10888/19601] LUX: ✓ (no splits)
[10889/19601] LUXAW: ✓ (no splits)
[10890/19601] LUXA: ✓ (no splits)
[10891/19601] LUXE: ✓ (no splits)
[10892/19601] LUXH: ✓ (1 split(s))
[10893/19601] LUXHP: ✓ (no splits)
[10894/19601] LUXX: ✓ (no splits)
[10895/19601] LVAC: ✓ (no splits)
[10896/19601] LVACU: ✓ (no splits)
[10897/19601] LVACW: ✓ (no splits)
[10898/19601] LVDS: ✓ (no splits)
[10899/19601] LVHD: ✓ (no splits)
[10900/19601] LVLN: ✓ (no splits)
[10901/19601] LVHI: ✓ (no splits)
[10902/19601] LVLU: ✓ (1 split(s))
[10903/19601] LVO: ✓ (1 split(s))
[10904/19601] LVOL: ✓ (no splits)
[10905/19601] LVOX: ✓ (no splits)
[10906/19601] LVOXU: ✓ (no splits)
[10907/19601] LVOXW: ✓ (no splits)
[10908/19601] LVRA: ✓ (no splits)
[10909/19601] LVRAW: ✓ (no splits)
[10910/19601] LVRAU: ✓ (no splits)
[10911/19601] LVROW: ✓ (no splits)
[10912/19601] LVRO: ✓ (no splits)
[10913/19601] LVS: ✓ (no splits)
[10914/19601] LVTX: ✓ (no splits)
[10915/19601] LVWR: ✓ (no splits)
[10916/19601] LVWR.WS: ✓ (no splits)
[10917/19601] LW: ✓ (no splits)
[10918/19601] LWAC: ✓ (no splits)
[10919/19601] LWACU: ✓ (no splits)
[10920/19601] LWAY: ✓ (no splits)
[10921/19601] LWLG: ✓ (no splits)
[10922/19601] LX: ✓ (no splits)
[10923/19601] LWACW: ✓ (no splits)
[10924/19601] LXEH: ✓ (2 split(s))
[10925/19601] LXEO: ✓ (no splits)
[10926/19601] LXFR: ✓ (no splits)
[10927/19601] LXP: ✓ (1 split(s))
[10928/19601] LXPpC: ✓ (no splits)
[10929/19601] LXRX: ✓ (no splits)
[10930/19601] LXU: ✓ (1 split(s))
[10931/19601] LYFE: ✓ (no splits)
[10932/19601] LYFT: ✓ (no splits)
[10933/19601] LYEL: ✓ (1 split(s))
[10934/19601] LYB: ✓ (no splits)
[10935/19601] LYFX: ✓ (no splits)
[10936/19601] LYG: ✓ (no splits)
[10937/19601] LYL: ✓ (no splits)
[10938/19601] LYLD: ✓ (no splits)
[10939/19601] LYLT: ✓ (no splits)
[10940/19601] LYRA: ✓ (1 split(s))
[10941/19601] LYLTV: ✓ (no splits)
[10942/19601] LYTS: ✓ (no splits)
[10943/19601] LYT: ✓ (1 split(s))
[10944/19601] LZ: ✓ (no splits)
[10945/19601] LZB: ✓ (no splits)
[10946/19601] LYV: ✓ (no splits)
[10947/19601] LZM: ✓ (no splits)
[10948/19601] LZM.WS: ✓ (no splits)
[10949/19601] LZMH: ✓ (no splits)
[10950/19601] LZRD: ✓ (no splits)
[10951/19601] M: ✓ (no splits)
[10952/19601] MA: ✓ (no splits)
[10953/19601] MAA: ✓ (no splits)
[10954/19601] MAACW: ✓ (no splits)
[10955/19601] MAAQ: ✓ (no splits)
[10956/19601] MAACU: ✓ (no splits)
[10957/19601] MAAC: ✓ (no splits)
[10958/19601] MAAQU: ✓ (no splits)
[10959/19601] MAAQR: ✓ (no splits)
[10960/19601] MAAQW: ✓ (no splits)
[10961/19601] MAAS: ✓ (1 split(s))
[10962/19601] MAAX: ✓ (no splits)
[10963/19601] MAAY: ✓ (no splits)
[10964/19601] MAApI: ✓ (no splits)
[10965/19601] MACA: ✓ (no splits)
[10966/19601] MAC: ✓ (no splits)
[10967/19601] MACAU: ✓ (no splits)
[10968/19601] MACAW: ✓ (no splits)
[10969/19601] MACC: ✓ (no splits)
[10970/19601] MACC.U: ✓ (no splits)
[10971/19601] MACC.WS: ✓ (no splits)
[10972/19601] MACI: ✓ (no splits)
[10973/19601] MACIU: ✓ (no splits)
[10974/19601] MACIW: ✓ (no splits)
[10975/19601] MACQ: ✓ (no splits)
[10976/19601] MACQU: ✓ (no splits)
[10977/19601] MACK: ✓ (no splits)
[10978/19601] MACU: ✓ (no splits)
[10979/19601] MACQW: ✓ (no splits)
[10980/19601] MACUU: ✓ (no splits)
[10981/19601] MACUW: ✓ (no splits)
[10982/19601] MADE: ✓ (no splits)
[10983/19601] MAG: ✓ (no splits)
[10984/19601] MAGC: ✓ (no splits)
[10985/19601] MAGA: ✓ (no splits)
[10986/19601] MAGN: ✓ (no splits)
[10987/19601] MAGG: ✓ (no splits)
[10988/19601] MAGH: ✓ (no splits)
[10989/19601] MAGQ: ✓ (no splits)
[10990/19601] MAGS: ✓ (no splits)
[10991/19601] MAGX: ✓ (no splits)
[10992/19601] MAGY: ✓ (no splits)
[10993/19601] MAIA: ✓ (no splits)
[10994/19601] MAIN: ✓ (no splits)
[10995/19601] MAMA: ✓ (no splits)
[10996/19601] MAKX: ✓ (no splits)
[10997/19601] MAMB: ✓ (no splits)
[10998/19601] MAMK: ✓ (no splits)
[10999/19601] MAMO: ✓ (no splits)
[11000/19601] MAN: ✓ (no splits)
  → Checkpoint saved: 1352 splits so far
[11001/19601] MANH: ✓ (no splits)
[11002/19601] MANI: ✓ (no splits)
[11003/19601] MANT: ✓ (no splits)
[11004/19601] MANU: ✓ (no splits)
[11005/19601] MAPP: ✓ (no splits)
[11006/19601] MAPSW: ✓ (no splits)
[11007/19601] MAQCU: ✓ (no splits)
[11008/19601] MAQC: ✓ (no splits)
[11009/19601] MAPS: ✓ (no splits)
[11010/19601] MAR: ✓ (no splits)
[11011/19601] MAQCW: ✓ (no splits)
[11012/19601] MARA: ✓ (no splits)
[11013/19601] MARB: ✓ (no splits)
[11014/19601] MARK: ✓ (1 split(s))
[11015/19601] MARM: ✓ (no splits)
[11016/19601] MARO: ✓ (no splits)
[11017/19601] MARPS: ✓ (no splits)
[11018/19601] MART: ✓ (no splits)
[11019/19601] MARU: ✓ (no splits)
[11020/19601] MARW: ✓ (no splits)
[11021/19601] MARX: ✓ (no splits)
[11022/19601] MARXR: ✓ (no splits)
[11023/19601] MARXU: ✓ (no splits)
[11024/19601] MARZ: ✓ (no splits)
[11025/19601] MAS: ✓ (no splits)
[11026/19601] MASI: ✓ (no splits)
[11027/19601] MASK: ✓ (no splits)
[11028/19601] MASS: ✓ (no splits)
[11029/19601] MATV: ✓ (no splits)
[11030/19601] MAT: ✓ (no splits)
[11031/19601] MATW: ✓ (no splits)
[11032/19601] MATX: ✓ (no splits)
[11033/19601] MATH: ✓ (no splits)
[11034/19601] MAV: ✓ (no splits)
[11035/19601] MAVF: ✓ (no splits)
[11036/19601] MAX: ✓ (no splits)
[11037/19601] MAXI: ✓ (no splits)
[11038/19601] MAXJ: ✓ (no splits)
[11039/19601] MAXN: ✓ (1 split(s))
[11040/19601] MAXR: ✓ (no splits)
[11041/19601] MAYA: ✓ (no splits)
[11042/19601] MAYAR: ✓ (no splits)
[11043/19601] MAYAU: ✓ (no splits)
[11044/19601] MAYM: ✓ (no splits)
[11045/19601] MAYP: ✓ (no splits)
[11046/19601] MAYS: ✓ (no splits)
[11047/19601] MAYT: ✓ (no splits)
[11048/19601] MAYU: ✓ (no splits)
[11049/19601] MB: ✓ (no splits)
[11050/19601] MAYW: ✓ (no splits)
[11051/19601] MAZE: ✓ (no splits)
[11052/19601] MAYZ: ✓ (no splits)
[11053/19601] MBAC.U: ✓ (no splits)
[11054/19601] MBAC: ✓ (no splits)
[11055/19601] MBAC.WS: ✓ (no splits)
[11056/19601] MBAV: ✓ (no splits)
[11057/19601] MBAI: ✓ (no splits)
[11058/19601] MBAVU: ✓ (no splits)
[11059/19601] MBAVW: ✓ (no splits)
[11060/19601] MBB: ✓ (no splits)
[11061/19601] MBBB: ✓ (no splits)
[11062/19601] MBBC: ✓ (no splits)
[11063/19601] MBC: ✓ (no splits)
[11064/19601] MBCC: ✓ (no splits)
[11065/19601] MBCN: ✓ (no splits)
[11066/19601] MBCw: ✓ (no splits)
[11067/19601] MBI: ✓ (no splits)
[11068/19601] MBII: ✓ (no splits)
[11069/19601] MBIN: ✓ (1 split(s))
[11070/19601] MBINL: ✓ (no splits)
[11071/19601] MBINM: ✓ (no splits)
[11072/19601] MBINO: ✓ (no splits)
[11073/19601] MBINN: ✓ (no splits)
[11074/19601] MBINP: ✓ (no splits)
[11075/19601] MBLY: ✓ (no splits)
[11076/19601] MBIO: ✓ (2 split(s))
[11077/19601] MBNE: ✓ (no splits)
[11078/19601] MBND: ✓ (no splits)
[11079/19601] MBNKO: ✓ (no splits)
[11080/19601] MBNKP: ✓ (no splits)
[11081/19601] MBOT: ✓ (no splits)
[11082/19601] MBOX: ✓ (no splits)
[11083/19601] MBRX: ✓ (3 split(s))
[11084/19601] MBS: ✓ (no splits)
[11085/19601] MBSC: ✓ (no splits)
[11086/19601] MBSC.U: ✓ (no splits)
[11087/19601] MBSC.WS: ✓ (no splits)
[11088/19601] MBSD: ✓ (no splits)
[11089/19601] MBSF: ✓ (no splits)
[11090/19601] MBSX: ✓ (no splits)
[11091/19601] MBT: ✓ (no splits)
[11092/19601] MBTCR: ✓ (no splits)
[11093/19601] MBTC: ✓ (no splits)
[11094/19601] MBTCU: ✓ (no splits)
[11095/19601] MBUU: ✓ (no splits)
[11096/19601] MBVIW: ✓ (no splits)
[11097/19601] MBVI: ✓ (no splits)
[11098/19601] MBVIU: ✓ (no splits)
[11099/19601] MBWM: ✓ (no splits)
[11100/19601] MBX: ✓ (no splits)
[11101/19601] MC: ✓ (no splits)
[11102/19601] MCA: ✓ (no splits)
[11103/19601] MCAA: ✓ (no splits)
[11104/19601] MCAAU: ✓ (no splits)
[11105/19601] MCAAW: ✓ (no splits)
[11106/19601] MCAC: ✓ (no splits)
[11107/19601] MCACR: ✓ (no splits)
[11108/19601] MCACU: ✓ (no splits)
[11109/19601] MCAD: ✓ (no splits)
[11110/19601] MCACW: ✓ (no splits)
[11111/19601] MCADR: ✓ (no splits)
[11112/19601] MCAE: ✓ (no splits)
[11113/19601] MCADU: ✓ (no splits)
[11114/19601] MCAER: ✓ (no splits)
[11115/19601] MCAEU: ✓ (no splits)
[11116/19601] MCAF: ✓ (no splits)
[11117/19601] MCAFR: ✓ (no splits)
[11118/19601] MCAFU: ✓ (no splits)
[11119/19601] MCAGR: ✓ (no splits)
[11120/19601] MCAG: ✓ (no splits)
[11121/19601] MCB: ✓ (no splits)
[11122/19601] MCAGU: ✓ (no splits)
[11123/19601] MCBC: ✓ (no splits)
[11124/19601] MCBS: ✓ (no splits)
[11125/19601] MCC: ✓ (no splits)
[11126/19601] MCD: ✓ (no splits)
[11127/19601] MCDS: ✓ (no splits)
[11128/19601] MCEF: ✓ (no splits)
[11129/19601] MCEP: ✓ (no splits)
[11130/19601] MCF: ✓ (no splits)
[11131/19601] MCFE: ✓ (no splits)
[11132/19601] MCG: ✓ (no splits)
[11133/19601] MCFT: ✓ (no splits)
[11134/19601] MCGA: ✓ (no splits)
[11135/19601] MCGAU: ✓ (no splits)
[11136/19601] MCGAW: ✓ (no splits)
[11137/19601] MCHB: ✓ (no splits)
[11138/19601] MCH: ✓ (no splits)
[11139/19601] MCHI: ✓ (no splits)
[11140/19601] MCHP: ✓ (1 split(s))
[11141/19601] MCHS: ✓ (no splits)
[11142/19601] MCHPP: ✓ (no splits)
[11143/19601] MCI: ✓ (no splits)
[11144/19601] MCHX: ✓ (no splits)
[11145/19601] MCK: ✓ (no splits)
[11146/19601] MCLD: ✓ (no splits)
[11147/19601] MCLDP: ✓ (no splits)
[11148/19601] MCLDW: ✓ (no splits)
[11149/19601] MCMJ: ✓ (no splits)
[11150/19601] MCMJW: ✓ (no splits)
[11151/19601] MCN: ✓ (no splits)
[11152/19601] MCO: ✓ (no splits)
[11153/19601] MCOM: ✓ (1 split(s))
[11154/19601] MCOMW: ✓ (no splits)
[11155/19601] MCOW: ✓ (no splits)
[11156/19601] MCR: ✓ (no splits)
[11157/19601] MCRB: ✓ (1 split(s))
[11158/19601] MCRI: ✓ (no splits)
[11159/19601] MCRO: ✓ (no splits)
[11160/19601] MCRP: ✓ (no splits)
[11161/19601] MCSE: ✓ (no splits)
[11162/19601] MCS: ✓ (no splits)
[11163/19601] MCTR: ✓ (no splits)
[11164/19601] MCTA: ✓ (no splits)
[11165/19601] MCV: ✓ (no splits)
[11166/19601] MCVT: ✓ (1 split(s))
[11167/19601] MCW: ✓ (no splits)
[11168/19601] MCY: ✓ (no splits)
[11169/19601] MD: ✓ (no splits)
[11170/19601] MDAI: ✓ (no splits)
[11171/19601] MDAA: ✓ (no splits)
[11172/19601] MDAIW: ✓ (no splits)
[11173/19601] MDB: ✓ (no splits)
[11174/19601] MDBH: ✓ (no splits)
[11175/19601] MDBX: ✓ (no splits)
[11176/19601] MDC: ✓ (1 split(s))
[11177/19601] MDCA: ✓ (no splits)
[11178/19601] MDCP: ✓ (no splits)
[11179/19601] MDCX: ✓ (no splits)
[11180/19601] MDCXW: ✓ (no splits)
[11181/19601] MDEV: ✓ (no splits)
[11182/19601] MDGL: ✓ (no splits)
[11183/19601] MDGS: ✓ (1 split(s))
[11184/19601] MDGSW: ✓ (no splits)
[11185/19601] MDH: ✓ (no splits)
[11186/19601] MDH.U: ✓ (no splits)
[11187/19601] MDH.WS: ✓ (no splits)
[11188/19601] MDIA: ✓ (no splits)
[11189/19601] MDIV: ✓ (no splits)
[11190/19601] MDJH: ✓ (no splits)
[11191/19601] MDLA: ✓ (no splits)
[11192/19601] MDLQ: ✓ (no splits)
[11193/19601] MDLV: ✓ (no splits)
[11194/19601] MDLX: ✓ (no splits)
[11195/19601] MDLY: ✓ (no splits)
[11196/19601] MDLZ: ✓ (no splits)
[11197/19601] MDNA: ✓ (no splits)
[11198/19601] MDP: ✓ (no splits)
[11199/19601] MDPL: ✓ (no splits)
[11200/19601] MDRR: ✓ (3 split(s))
[11201/19601] MDRRP: ✓ (no splits)
[11202/19601] MDRX: ✓ (no splits)
[11203/19601] MDT: ✓ (no splits)
[11204/19601] MDST: ✓ (no splits)
[11205/19601] MDUw: ✓ (no splits)
[11206/19601] MDU: ✓ (2 split(s))
[11207/19601] MDV: ✓ (no splits)
[11208/19601] MDVA: ✓ (no splits)
[11209/19601] MDVL: ✓ (1 split(s))
[11210/19601] MDVpA: ✓ (no splits)
[11211/19601] MDWD: ✓ (1 split(s))
[11212/19601] MDWT: ✓ (no splits)
[11213/19601] MDXG: ✓ (no splits)
[11214/19601] MDY: ✓ (no splits)
[11215/19601] MDXH: ✓ (1 split(s))
[11216/19601] MDYG: ✓ (no splits)
[11217/19601] MDYV: ✓ (no splits)
[11218/19601] ME: ✓ (1 split(s))
[11219/19601] MEAC: ✓ (no splits)
[11220/19601] MEACW: ✓ (no splits)
[11221/19601] MEAR: ✓ (no splits)
[11222/19601] MEACU: ✓ (no splits)
[11223/19601] MEC: ✓ (no splits)
[11224/19601] MED: ✓ (no splits)
[11225/19601] MEDI: ✓ (no splits)
[11226/19601] MEDP: ✓ (no splits)
[11227/19601] MEDX: ✓ (no splits)
[11228/19601] MEDS: ✓ (1 split(s))
[11229/19601] MEG: ✓ (no splits)
[11230/19601] MEGI: ✓ (no splits)
[11231/19601] MEGL: ✓ (1 split(s))
[11232/19601] MEHA: ✓ (no splits)
[11233/19601] MEI: ✓ (no splits)
[11234/19601] MEKA: ✓ (no splits)
[11235/19601] MEIP: ✓ (1 split(s))
[11236/19601] MELI: ✓ (no splits)
[11237/19601] MEM: ✓ (no splits)
[11238/19601] MEMS: ✓ (no splits)
[11239/19601] MEME: ✓ (1 split(s))
[11240/19601] MEN: ✓ (no splits)
[11241/19601] MEMX: ✓ (no splits)
[11242/19601] MENS: ✓ (no splits)
[11243/19601] MENV: ✓ (no splits)
[11244/19601] MEOA: ✓ (no splits)
[11245/19601] MEOAW: ✓ (no splits)
[11246/19601] MEOAU: ✓ (no splits)
[11247/19601] MERC: ✓ (no splits)
[11248/19601] MEOH: ✓ (no splits)
[11249/19601] MERpK: ✓ (no splits)
[11250/19601] MESA: ✓ (1 split(s))
[11251/19601] MESO: ✓ (1 split(s))
[11252/19601] MET: ✓ (no splits)
[11253/19601] META: ✓ (no splits)
[11254/19601] METBV: ✓ (no splits)
[11255/19601] METCB: ✓ (2 split(s))
[11256/19601] METC: ✓ (1 split(s))
[11257/19601] METCI: ✓ (no splits)
[11258/19601] METCV: ✓ (no splits)
[11259/19601] METCL: ✓ (no splits)
[11260/19601] METL: ✓ (no splits)
[11261/19601] METD: ✓ (no splits)
[11262/19601] METCZ: ✓ (no splits)
[11263/19601] METU: ✓ (no splits)
[11264/19601] METW: ✓ (no splits)
[11265/19601] METV: ✓ (no splits)
[11266/19601] METX: ✓ (no splits)
[11267/19601] METXW: ✓ (no splits)
[11268/19601] METpA: ✓ (no splits)
[11269/19601] METpE: ✓ (no splits)
[11270/19601] METpF: ✓ (no splits)
[11271/19601] MEUSW: ✓ (no splits)
[11272/19601] MEXX: ✓ (1 split(s))
[11273/19601] MF: ✓ (1 split(s))
[11274/19601] MFA: ✓ (1 split(s))
[11275/19601] MFAC: ✓ (no splits)
[11276/19601] MFAC.U: ✓ (no splits)
[11277/19601] MFAN: ✓ (no splits)
[11278/19601] MFAC.WS: ✓ (no splits)
[11279/19601] MFAO: ✓ (no splits)
[11280/19601] MFC: ✓ (no splits)
[11281/19601] MFApC: ✓ (no splits)
[11282/19601] MFApB: ✓ (no splits)
[11283/19601] MFD: ✓ (no splits)
[11284/19601] MFDX: ✓ (no splits)
[11285/19601] MFEM: ✓ (no splits)
[11286/19601] MFG: ✓ (no splits)
[11287/19601] MFGP: ✓ (no splits)
[11288/19601] MFH: ✓ (no splits)
[11289/19601] MFI: ✓ (1 split(s))
[11290/19601] MFIC: ✓ (no splits)
[11291/19601] MFICL: ✓ (no splits)
[11292/19601] MFIN: ✓ (no splits)
[11293/19601] MFINL: ✓ (no splits)
[11294/19601] MFL: ✓ (no splits)
[11295/19601] MFLX: ✓ (no splits)
[11296/19601] MFM: ✓ (no splits)
[11297/19601] MFMS: ✓ (no splits)
[11298/19601] MFNC: ✓ (no splits)
[11299/19601] MFO: ✓ (no splits)
[11300/19601] MFSG: ✓ (no splits)
[11301/19601] MFSB: ✓ (no splits)
[11302/19601] MFSI: ✓ (no splits)
[11303/19601] MFSM: ✓ (no splits)
[11304/19601] MFSV: ✓ (no splits)
[11305/19601] MFUL: ✓ (no splits)
[11306/19601] MFUS: ✓ (no splits)
[11307/19601] MFT: ✓ (no splits)
[11308/19601] MFUT: ✓ (no splits)
[11309/19601] MFV: ✓ (no splits)
[11310/19601] MG: ✓ (no splits)
[11311/19601] MGA: ✓ (no splits)
[11312/19601] MGAM: ✓ (no splits)
[11313/19601] MGC: ✓ (no splits)
[11314/19601] MGEN: ✓ (no splits)
[11315/19601] MGEE: ✓ (no splits)
[11316/19601] MGF: ✓ (no splits)
[11317/19601] MGI: ✓ (no splits)
[11318/19601] MGIC: ✓ (no splits)
[11319/19601] MGIH: ✓ (no splits)
[11320/19601] MGK: ✓ (no splits)
[11321/19601] MGLD: ✓ (no splits)
[11322/19601] MGLN: ✓ (no splits)
[11323/19601] MGM: ✓ (no splits)
[11324/19601] MGMT: ✓ (no splits)
[11325/19601] MGN: ✓ (no splits)
[11326/19601] MGNR: ✓ (no splits)
[11327/19601] MGNI: ✓ (no splits)
[11328/19601] MGNX: ✓ (no splits)
[11329/19601] MGOL: ✓ (1 split(s))
[11330/19601] MGOV: ✓ (no splits)
[11331/19601] MGP: ✓ (no splits)
[11332/19601] MGPI: ✓ (no splits)
[11333/19601] MGR: ✓ (no splits)
[11334/19601] MGRC: ✓ (no splits)
[11335/19601] MGRB: ✓ (no splits)
[11336/19601] MGRD: ✓ (no splits)
[11337/19601] MGRE: ✓ (no splits)
[11338/19601] MGRM: ✓ (no splits)
[11339/19601] MGRO: ✓ (no splits)
[11340/19601] MGRX: ✓ (1 split(s))
[11341/19601] MGTX: ✓ (no splits)
[11342/19601] MGRT: ✓ (no splits)
[11343/19601] MGTA: ✓ (1 split(s))
[11344/19601] MGU: ✓ (no splits)
[11345/19601] MGV: ✓ (no splits)
[11346/19601] MGX: ✓ (no splits)
[11347/19601] MGY: ✓ (no splits)
[11348/19601] MGYR: ✓ (no splits)
[11349/19601] MH: ✓ (no splits)
[11350/19601] MHD: ✓ (no splits)
[11351/19601] MHE: ✓ (no splits)
[11352/19601] MHF: ✓ (no splits)
[11353/19601] MHH: ✓ (no splits)
[11354/19601] MHK: ✓ (no splits)
[11355/19601] MHI: ✓ (no splits)
[11356/19601] MHLA: ✓ (no splits)
[11357/19601] MHLD: ✓ (no splits)
[11358/19601] MHN: ✓ (no splits)
[11359/19601] MHNC: ✓ (no splits)
[11360/19601] MHpA: ✓ (no splits)
[11361/19601] MHO: ✓ (no splits)
[11362/19601] MHY: ✓ (no splits)
[11363/19601] MHpC: ✓ (no splits)
[11364/19601] MHUA: ✓ (1 split(s))
[11365/19601] MHpD: ✓ (no splits)
[11366/19601] MIAX: ✓ (no splits)
[11367/19601] MI: ✓ (1 split(s))
[11368/19601] MIC: ✓ (no splits)
[11369/19601] MICS: ✓ (no splits)
[11370/19601] MICT: ✓ (no splits)
[11371/19601] MID: ✓ (no splits)
[11372/19601] MIDD: ✓ (no splits)
[11373/19601] MIDE: ✓ (no splits)
[11374/19601] MIDF: ✓ (no splits)
[11375/19601] MIDU: ✓ (no splits)
[11376/19601] MIE: ✓ (no splits)
[11377/19601] MIG: ✓ (no splits)
[11378/19601] MIGI: ✓ (3 split(s))
[11379/19601] MIK: ✓ (no splits)
[11380/19601] MILE: ✓ (no splits)
[11381/19601] MILEW: ✓ (no splits)
[11382/19601] MILK: ✓ (no splits)
[11383/19601] MIME: ✓ (no splits)
[11384/19601] MILN: ✓ (no splits)
[11385/19601] MIMI: ✓ (no splits)
[11386/19601] MIMO.WS: ✓ (no splits)
[11387/19601] MIMO.WS.A: ✓ (no splits)
[11388/19601] MIMO: ✓ (no splits)
[11389/19601] MIMO.WS.B: ✓ (no splits)
[11390/19601] MIMO.WS.C: ✓ (no splits)
[11391/19601] MIN: ✓ (no splits)
[11392/19601] MIND: ✓ (1 split(s))
[11393/19601] MINC: ✓ (no splits)
[11394/19601] MINDP: ✓ (no splits)
[11395/19601] MINM: ✓ (1 split(s))
[11396/19601] MINO: ✓ (no splits)
[11397/19601] MINN: ✓ (no splits)
[11398/19601] MINT: ✓ (no splits)
[11399/19601] MINV: ✓ (no splits)
[11400/19601] MIO: ✓ (no splits)
[11401/19601] MIR: ✓ (no splits)
[11402/19601] MIRA: ✓ (no splits)
[11403/19601] MIRM: ✓ (no splits)
[11404/19601] MIR.WS: ✓ (no splits)
[11405/19601] MIRO: ✓ (no splits)
[11406/19601] MISL: ✓ (no splits)
[11407/19601] MIST: ✓ (no splits)
[11408/19601] MIT: ✓ (no splits)
[11409/19601] MIT.U: ✓ (no splits)
[11410/19601] MIT.WS: ✓ (no splits)
[11411/19601] MITA: ✓ (no splits)
[11412/19601] MITAU: ✓ (no splits)
[11413/19601] MITAW: ✓ (no splits)
[11414/19601] MITC: ✓ (no splits)
[11415/19601] MITK: ✓ (no splits)
[11416/19601] MITN: ✓ (no splits)
[11417/19601] MITO: ✓ (no splits)
[11418/19601] MITP: ✓ (no splits)
[11419/19601] MITQ: ✓ (no splits)
[11420/19601] MITT: ✓ (1 split(s))
[11421/19601] MITTpA: ✓ (no splits)
[11422/19601] MIXT: ✓ (no splits)
[11423/19601] MITTpB: ✓ (no splits)
[11424/19601] MITTpC: ✓ (no splits)
[11425/19601] MIY: ✓ (no splits)
[11426/19601] MJ: ✓ (1 split(s))
[11427/19601] MJID: ✓ (no splits)
[11428/19601] MJIN: ✓ (no splits)
[11429/19601] MJJ: ✓ (no splits)
[11430/19601] MJO: ✓ (no splits)
[11431/19601] MJSC: ✓ (no splits)
[11432/19601] MJUS: ✓ (no splits)
[11433/19601] MJXL: ✓ (no splits)
[11434/19601] MKAM: ✓ (no splits)
[11435/19601] MKC: ✓ (no splits)
[11436/19601] MKC.V: ✓ (no splits)
[11437/19601] MKD: ✓ (1 split(s))
[11438/19601] MKDW: ✓ (no splits)
[11439/19601] MKDWW: ✓ (no splits)
[11440/19601] MKFG: ✓ (1 split(s))
[11441/19601] MKFG.WS: ✓ (no splits)
[11442/19601] MKGI: ✓ (no splits)
[11443/19601] MKLY: ✓ (no splits)
[11444/19601] MKL: ✓ (no splits)
[11445/19601] MKLYR: ✓ (no splits)
[11446/19601] MKOR: ✓ (no splits)
[11447/19601] MKLYU: ✓ (no splits)
[11448/19601] MKSI: ✓ (no splits)
[11449/19601] MKTN: ✓ (no splits)
[11450/19601] MKTWW: ✓ (no splits)
[11451/19601] MKTW: ✓ (1 split(s))
[11452/19601] MKTX: ✓ (no splits)
[11453/19601] MKTY: ✓ (no splits)
[11454/19601] MKTYP: ✓ (no splits)
[11455/19601] MKUL: ✓ (no splits)
[11456/19601] MKZR: ✓ (1 split(s))
[11457/19601] ML: ✓ (1 split(s))
[11458/19601] ML.WS: ✓ (no splits)
[11459/19601] MLAB: ✓ (no splits)
[11460/19601] MLAC: ✓ (no splits)
[11461/19601] MLACR: ✓ (no splits)
[11462/19601] MLACU: ✓ (no splits)
[11463/19601] MLACW: ✓ (no splits)
[11464/19601] MLAI: ✓ (no splits)
[11465/19601] MLAIU: ✓ (no splits)
[11466/19601] MLAIW: ✓ (no splits)
[11467/19601] MLCI: ✓ (no splits)
[11468/19601] MLCO: ✓ (no splits)
[11469/19601] MLDR: ✓ (no splits)
[11470/19601] MLECW: ✓ (no splits)
[11471/19601] MLHR: ✓ (no splits)
[11472/19601] MLGO: ✓ (3 split(s))
[11473/19601] MLEC: ✓ (1 split(s))
[11474/19601] MLKN: ✓ (no splits)
[11475/19601] MLI: ✓ (1 split(s))
[11476/19601] MLM: ✓ (no splits)
[11477/19601] MLNK: ✓ (no splits)
[11478/19601] MLN: ✓ (no splits)
[11479/19601] MLND: ✓ (1 split(s))
[11480/19601] MLP: ✓ (no splits)
[11481/19601] MLPA: ✓ (no splits)
[11482/19601] MLPB: ✓ (no splits)
[11483/19601] MLPO: ✓ (no splits)
[11484/19601] MLPR: ✓ (no splits)
[11485/19601] MLPD: ✓ (no splits)
[11486/19601] MLPX: ✓ (no splits)
[11487/19601] MLPY: ✓ (no splits)
[11488/19601] MLR: ✓ (no splits)
[11489/19601] MLSS: ✓ (no splits)
[11490/19601] MLTX: ✓ (no splits)
[11491/19601] MLYS: ✓ (no splits)
[11492/19601] MLVF: ✓ (no splits)
[11493/19601] MMA: ✓ (no splits)
[11494/19601] MMAC: ✓ (no splits)
[11495/19601] MMAT: ✓ (2 split(s))
[11496/19601] MMAX: ✓ (no splits)
[11497/19601] MMC: ✓ (no splits)
[11498/19601] MMCA: ✓ (no splits)
[11499/19601] MMD: ✓ (no splits)
[11500/19601] MMI: ✓ (no splits)
  → Checkpoint saved: 1413 splits so far
[11501/19601] MMID: ✓ (no splits)
[11502/19601] MMIN: ✓ (no splits)
[11503/19601] MMIT: ✓ (no splits)
[11504/19601] MMKT: ✓ (no splits)
[11505/19601] MMLG: ✓ (no splits)
[11506/19601] MMLP: ✓ (no splits)
[11507/19601] MMM.WD: ✓ (no splits)
[11508/19601] MMM: ✓ (1 split(s))
[11509/19601] MMMB: ✓ (no splits)
[11510/19601] MMMw: ✓ (no splits)
[11511/19601] MMP: ✓ (no splits)
[11512/19601] MMS: ✓ (no splits)
[11513/19601] MMSB: ✓ (no splits)
[11514/19601] MMSC: ✓ (no splits)
[11515/19601] MMSD: ✓ (no splits)
[11516/19601] MMSI: ✓ (no splits)
[11517/19601] MMT: ✓ (no splits)
[11518/19601] MMTM: ✓ (no splits)
[11519/19601] MMTXU: ✓ (no splits)
[11520/19601] MMU: ✓ (no splits)
[11521/19601] MMV: ✓ (no splits)
[11522/19601] MMVWW: ✓ (no splits)
[11523/19601] MMX: ✓ (no splits)
[11524/19601] MMYT: ✓ (no splits)
[11525/19601] MN: ✓ (no splits)
[11526/19601] MNA: ✓ (no splits)
[11527/19601] MNCL: ✓ (no splits)
[11528/19601] MNBD: ✓ (no splits)
[11529/19601] MNCLU: ✓ (no splits)
[11530/19601] MNCLW: ✓ (no splits)
[11531/19601] MNDO: ✓ (no splits)
[11532/19601] MNDR: ✓ (2 split(s))
[11533/19601] MNK: ✓ (no splits)
[11534/19601] MNDT: ✓ (no splits)
[11535/19601] MNDY: ✓ (no splits)
[11536/19601] MNKD: ✓ (no splits)
[11537/19601] MNM: ✓ (no splits)
[11538/19601] MNMD: ✓ (1 split(s))
[11539/19601] MNOV: ✓ (no splits)
[11540/19601] MNP: ✓ (no splits)
[11541/19601] MNPR: ✓ (1 split(s))
[11542/19601] MNR: ✓ (no splits)
[11543/19601] MNRL: ✓ (no splits)
[11544/19601] MNRO: ✓ (no splits)
[11545/19601] MNRS: ✓ (no splits)
[11546/19601] MNSB: ✓ (no splits)
[11547/19601] MNSBP: ✓ (no splits)
[11548/19601] MNRpC: ✓ (no splits)
[11549/19601] MNSO: ✓ (no splits)
[11550/19601] MNTK: ✓ (no splits)
[11551/19601] MNST: ✓ (1 split(s))
[11552/19601] MNTL: ✓ (no splits)
[11553/19601] MNTN: ✓ (no splits)
[11554/19601] MNTN.U: ✓ (no splits)
[11555/19601] MNTN.WS: ✓ (no splits)
[11556/19601] MNTS: ✓ (2 split(s))
[11557/19601] MNTSW: ✓ (no splits)
[11558/19601] MNTX: ✓ (no splits)
[11559/19601] MNTV: ✓ (no splits)
[11560/19601] MNY: ✓ (no splits)
[11561/19601] MNYWW: ✓ (no splits)
[11562/19601] MNZL: ✓ (no splits)
[11563/19601] MO: ✓ (no splits)
[11564/19601] MOAT: ✓ (no splits)
[11565/19601] MOB: ✓ (no splits)
[11566/19601] MOBBW: ✓ (no splits)
[11567/19601] MOBQW: ✓ (no splits)
[11568/19601] MOBQ: ✓ (1 split(s))
[11569/19601] MOBV: ✓ (no splits)
[11570/19601] MOBVU: ✓ (no splits)
[11571/19601] MOBVW: ✓ (no splits)
[11572/19601] MOBX: ✓ (no splits)
[11573/19601] MOBXW: ✓ (no splits)
[11574/19601] MOD: ✓ (no splits)
[11575/19601] MODD: ✓ (1 split(s))
[11576/19601] MODG: ✓ (no splits)
[11577/19601] MODL: ✓ (no splits)
[11578/19601] MODV: ✓ (no splits)
[11579/19601] MODN: ✓ (no splits)
[11580/19601] MOFG: ✓ (no splits)
[11581/19601] MOG.A: ✓ (no splits)
[11582/19601] MOG.B: ✓ (no splits)
[11583/19601] MOGO: ✓ (1 split(s))
[11584/19601] MOH: ✓ (no splits)
[11585/19601] MOGU: ✓ (1 split(s))
[11586/19601] MOHO: ✓ (no splits)
[11587/19601] MOHR: ✓ (no splits)
[11588/19601] MOLN: ✓ (no splits)
[11589/19601] MOM: ✓ (no splits)
[11590/19601] MOMO: ✓ (no splits)
[11591/19601] MON: ✓ (no splits)
[11592/19601] MONCU: ✓ (no splits)
[11593/19601] MONCW: ✓ (no splits)
[11594/19601] MOND: ✓ (no splits)
[11595/19601] MONDW: ✓ (no splits)
[11596/19601] MOO: ✓ (no splits)
[11597/19601] MOOD: ✓ (no splits)
[11598/19601] MOON: ✓ (no splits)
[11599/19601] MOR: ✓ (no splits)
[11600/19601] MORE: ✓ (no splits)
[11601/19601] MORF: ✓ (no splits)
[11602/19601] MORN: ✓ (no splits)
[11603/19601] MORT: ✓ (no splits)
[11604/19601] MOS: ✓ (no splits)
[11605/19601] MOSY: ✓ (no splits)
[11606/19601] MOTE: ✓ (no splits)
[11607/19601] MOTG: ✓ (no splits)
[11608/19601] MOTI: ✓ (no splits)
[11609/19601] MOTN: ✓ (no splits)
[11610/19601] MOTNU: ✓ (no splits)
[11611/19601] MOTNW: ✓ (no splits)
[11612/19601] MOTO: ✓ (no splits)
[11613/19601] MOTS: ✓ (2 split(s))
[11614/19601] MOTV.U: ✓ (no splits)
[11615/19601] MOTV.WS: ✓ (no splits)
[11616/19601] MOTV: ✓ (no splits)
[11617/19601] MOV: ✓ (no splits)
[11618/19601] MOVE: ✓ (2 split(s))
[11619/19601] MOXC: ✓ (no splits)
[11620/19601] MP: ✓ (no splits)
[11621/19601] MP.WS: ✓ (no splits)
[11622/19601] MPA: ✓ (no splits)
[11623/19601] MPAA: ✓ (no splits)
[11624/19601] MPACR: ✓ (no splits)
[11625/19601] MPAC: ✓ (no splits)
[11626/19601] MPACU: ✓ (no splits)
[11627/19601] MPACW: ✓ (no splits)
[11628/19601] MPAY: ✓ (no splits)
[11629/19601] MPB: ✓ (no splits)
[11630/19601] MPC: ✓ (no splits)
[11631/19601] MPG: ✓ (no splits)
[11632/19601] MPLN: ✓ (1 split(s))
[11633/19601] MPL: ✓ (no splits)
[11634/19601] MPLT: ✓ (no splits)
[11635/19601] MPLN.WS: ✓ (no splits)
[11636/19601] MPLY: ✓ (no splits)
[11637/19601] MPLX: ✓ (no splits)
[11638/19601] MPRA: ✓ (no splits)
[11639/19601] MPRAU: ✓ (no splits)
[11640/19601] MPRAW: ✓ (no splits)
[11641/19601] MPRO: ✓ (no splits)
[11642/19601] MPTI: ✓ (1 split(s))
[11643/19601] MPTI.WS: ✓ (no splits)
[11644/19601] MPTIw: ✓ (no splits)
[11645/19601] MPW: ✓ (no splits)
[11646/19601] MPU: ✓ (1 split(s))
[11647/19601] MPV: ✓ (no splits)
[11648/19601] MPWR: ✓ (no splits)
[11649/19601] MPX: ✓ (no splits)
[11650/19601] MQ: ✓ (no splits)
[11651/19601] MQQQ: ✓ (1 split(s))
[11652/19601] MQY: ✓ (no splits)
[11653/19601] MQT: ✓ (no splits)
[11654/19601] MRAC: ✓ (no splits)
[11655/19601] MRACU: ✓ (no splits)
[11656/19601] MRAD: ✓ (no splits)
[11657/19601] MRACW: ✓ (no splits)
[11658/19601] MRAL: ✓ (no splits)
[11659/19601] MRAI: ✓ (1 split(s))
[11660/19601] MRAM: ✓ (no splits)
[11661/19601] MRBK: ✓ (1 split(s))
[11662/19601] MRC: ✓ (no splits)
[11663/19601] MRCC: ✓ (no splits)
[11664/19601] MRCCL: ✓ (no splits)
[11665/19601] MRCP: ✓ (no splits)
[11666/19601] MRCY: ✓ (no splits)
[11667/19601] MRDB: ✓ (no splits)
[11668/19601] MRDB.WS: ✓ (no splits)
[11669/19601] MREO: ✓ (no splits)
[11670/19601] MRGR: ✓ (no splits)
[11671/19601] MRIN: ✓ (1 split(s))
[11672/19601] MRK: ✓ (no splits)
[11673/19601] MRKR: ✓ (1 split(s))
[11674/19601] MRKw: ✓ (no splits)
[11675/19601] MRLN: ✓ (no splits)
[11676/19601] MRNA: ✓ (no splits)
[11677/19601] MRM: ✓ (no splits)
[11678/19601] MRNO: ✓ (no splits)
[11679/19601] MRND: ✓ (no splits)
[11680/19601] MRNOW: ✓ (no splits)
[11681/19601] MRNY: ✓ (1 split(s))
[11682/19601] MRNS: ✓ (no splits)
[11683/19601] MRO: ✓ (no splits)
[11684/19601] MRP: ✓ (no splits)
[11685/19601] MRPw: ✓ (no splits)
[11686/19601] MRSN: ✓ (1 split(s))
[11687/19601] MRSK: ✓ (no splits)
[11688/19601] MRT: ✓ (no splits)
[11689/19601] MRT.WS: ✓ (no splits)
[11690/19601] MRTN: ✓ (no splits)
[11691/19601] MRUS: ✓ (no splits)
[11692/19601] MRTX: ✓ (no splits)
[11693/19601] MRVI: ✓ (no splits)
[11694/19601] MRVL: ✓ (no splits)
[11695/19601] MRX: ✓ (no splits)
[11696/19601] MS: ✓ (no splits)
[11697/19601] MSA: ✓ (no splits)
[11698/19601] MSAC: ✓ (no splits)
[11699/19601] MSACU: ✓ (no splits)
[11700/19601] MSACW: ✓ (no splits)
[11701/19601] MSAI: ✓ (no splits)
[11702/19601] MSAIW: ✓ (no splits)
[11703/19601] MSB: ✓ (no splits)
[11704/19601] MSBI: ✓ (no splits)
[11705/19601] MSBIP: ✓ (no splits)
[11706/19601] MSCI: ✓ (no splits)
[11707/19601] MSC: ✓ (no splits)
[11708/19601] MSD: ✓ (no splits)
[11709/19601] MSDA: ✓ (no splits)
[11710/19601] MSDAU: ✓ (no splits)
[11711/19601] MSDAW: ✓ (no splits)
[11712/19601] MSDL: ✓ (no splits)
[11713/19601] MSDD: ✓ (no splits)
[11714/19601] MSEX: ✓ (no splits)
[11715/19601] MSFD: ✓ (no splits)
[11716/19601] MSFL: ✓ (no splits)
[11717/19601] MSFO: ✓ (no splits)
[11718/19601] MSFT: ✓ (no splits)
[11719/19601] MSFU: ✓ (no splits)
[11720/19601] MSFW: ✓ (no splits)
[11721/19601] MSFY: ✓ (no splits)
[11722/19601] MSFX: ✓ (no splits)
[11723/19601] MSGE: ✓ (no splits)
[11724/19601] MSGEw: ✓ (no splits)
[11725/19601] MSGM: ✓ (1 split(s))
[11726/19601] MSGN: ✓ (no splits)
[11727/19601] MSGS: ✓ (no splits)
[11728/19601] MSGR: ✓ (no splits)
[11729/19601] MSGY: ✓ (no splits)
[11730/19601] MSI: ✓ (no splits)
[11731/19601] MSIF: ✓ (no splits)
[11732/19601] MSII: ✓ (no splits)
[11733/19601] MSM: ✓ (no splits)
[11734/19601] MSLC: ✓ (no splits)
[11735/19601] MSMR: ✓ (no splits)
[11736/19601] MSN: ✓ (no splits)
[11737/19601] MSOO: ✓ (no splits)
[11738/19601] MSON: ✓ (no splits)
[11739/19601] MSOS: ✓ (no splits)
[11740/19601] MSOX: ✓ (1 split(s))
[11741/19601] MSP: ✓ (no splits)
[11742/19601] MSPR: ✓ (1 split(s))
[11743/19601] MSPRV: ✓ (no splits)
[11744/19601] MSPRW: ✓ (no splits)
[11745/19601] MSPRZ: ✓ (no splits)
[11746/19601] MSS: ✓ (no splits)
[11747/19601] MSSA: ✓ (no splits)
[11748/19601] MSSAR: ✓ (no splits)
[11749/19601] MSSAU: ✓ (no splits)
[11750/19601] MSSAW: ✓ (no splits)
[11751/19601] MSSM: ✓ (no splits)
[11752/19601] MSST: ✓ (no splits)
[11753/19601] MST: ✓ (no splits)
[11754/19601] MSSS: ✓ (no splits)
[11755/19601] MSTB: ✓ (no splits)
[11756/19601] MSTI: ✓ (no splits)
[11757/19601] MSTP: ✓ (no splits)
[11758/19601] MSTQ: ✓ (no splits)
[11759/19601] MSTK: ✓ (no splits)
[11760/19601] MSTR: ✓ (1 split(s))
[11761/19601] MSTW: ✓ (no splits)
[11762/19601] MSTU: ✓ (2 split(s))
[11763/19601] MSTY: ✓ (no splits)
[11764/19601] MSTX: ✓ (no splits)
[11765/19601] MSTZ: ✓ (1 split(s))
[11766/19601] MSVB: ✓ (no splits)
[11767/19601] MSW: ✓ (no splits)
[11768/19601] MSVX: ✓ (no splits)
[11769/19601] MSpA: ✓ (no splits)
[11770/19601] MSpE: ✓ (no splits)
[11771/19601] MSpF: ✓ (no splits)
[11772/19601] MSpL: ✓ (no splits)
[11773/19601] MSpK: ✓ (no splits)
[11774/19601] MSpI: ✓ (no splits)
[11775/19601] MSpO: ✓ (no splits)
[11776/19601] MSpP: ✓ (no splits)
[11777/19601] MSpQ: ✓ (no splits)
[11778/19601] MTA: ✓ (no splits)
[11779/19601] MT: ✓ (no splits)
[11780/19601] MTAC: ✓ (no splits)
[11781/19601] MTACU: ✓ (no splits)
[11782/19601] MTACW: ✓ (no splits)
[11783/19601] MTAL: ✓ (no splits)
[11784/19601] MTAL.U: ✓ (no splits)
[11785/19601] MTB: ✓ (no splits)
[11786/19601] MTAL.WS: ✓ (no splits)
[11787/19601] MTBCP: ✓ (no splits)
[11788/19601] MTBC: ✓ (no splits)
[11789/19601] MTBCO: ✓ (no splits)
[11790/19601] MTBA: ✓ (no splits)
[11791/19601] MTBL: ✓ (no splits)
[11792/19601] MTBpH: ✓ (no splits)
[11793/19601] MTBpJ: ✓ (no splits)
[11794/19601] MTBpK: ✓ (no splits)
[11795/19601] MTC: ✓ (2 split(s))
[11796/19601] MTCH: ✓ (no splits)
[11797/19601] MTCN: ✓ (no splits)
[11798/19601] MTCR: ✓ (no splits)
[11799/19601] MTD: ✓ (no splits)
[11800/19601] MTDR: ✓ (no splits)
[11801/19601] MTEK: ✓ (no splits)
[11802/19601] MTEKW: ✓ (no splits)
[11803/19601] MTEM: ✓ (1 split(s))
[11804/19601] MTEN: ✓ (no splits)
[11805/19601] MTEST: ✓ (no splits)
[11806/19601] MTEST.A: ✓ (no splits)
[11807/19601] MTEST.B: ✓ (no splits)
[11808/19601] MTEX: ✓ (no splits)
[11809/19601] MTGP: ✓ (no splits)
[11810/19601] MTG: ✓ (no splits)
[11811/19601] MTH: ✓ (1 split(s))
[11812/19601] MTL: ✓ (no splits)
[11813/19601] MTLp: ✓ (no splits)
[11814/19601] MTLS: ✓ (no splits)
[11815/19601] MTMT: ✓ (no splits)
[11816/19601] MTN: ✓ (no splits)
[11817/19601] MTNB: ✓ (1 split(s))
[11818/19601] MTP: ✓ (no splits)
[11819/19601] MTOR: ✓ (no splits)
[11820/19601] MTR: ✓ (no splits)
[11821/19601] MTRA: ✓ (no splits)
[11822/19601] MTRN: ✓ (no splits)
[11823/19601] MTRX: ✓ (no splits)
[11824/19601] MTRY: ✓ (no splits)
[11825/19601] MTRYU: ✓ (no splits)
[11826/19601] MTRYW: ✓ (no splits)
[11827/19601] MTSC: ✓ (no splits)
[11828/19601] MTSI: ✓ (no splits)
[11829/19601] MTSL: ✓ (1 split(s))
[11830/19601] MTSR: ✓ (no splits)
[11831/19601] MTT: ✓ (no splits)
[11832/19601] MTTR: ✓ (no splits)
[11833/19601] MTUS: ✓ (no splits)
[11834/19601] MTUM: ✓ (no splits)
[11835/19601] MTUL: ✓ (no splits)
[11836/19601] MTTRW: ✓ (no splits)
[11837/19601] MTVA: ✓ (1 split(s))
[11838/19601] MTVC: ✓ (no splits)
[11839/19601] MTVC.U: ✓ (no splits)
[11840/19601] MTVC.WS: ✓ (no splits)
[11841/19601] MTVR: ✓ (no splits)
[11842/19601] MTW: ✓ (no splits)
[11843/19601] MTX: ✓ (no splits)
[11844/19601] MTYY: ✓ (no splits)
[11845/19601] MTZ: ✓ (no splits)
[11846/19601] MU: ✓ (no splits)
[11847/19601] MUA: ✓ (no splits)
[11848/19601] MUB: ✓ (no splits)
[11849/19601] MUC: ✓ (no splits)
[11850/19601] MUD: ✓ (no splits)
[11851/19601] MUDS: ✓ (no splits)
[11852/19601] MUDSU: ✓ (no splits)
[11853/19601] MUDSW: ✓ (no splits)
[11854/19601] MUFG: ✓ (no splits)
[11855/19601] MUE: ✓ (no splits)
[11856/19601] MUH: ✓ (no splits)
[11857/19601] MUI: ✓ (no splits)
[11858/19601] MUJ: ✓ (no splits)
[11859/19601] MULL: ✓ (no splits)
[11860/19601] MULT: ✓ (no splits)
[11861/19601] MULN: ✓ (7 split(s))
[11862/19601] MUNA: ✓ (no splits)
[11863/19601] MUNB: ✓ (no splits)
[11864/19601] MUNC: ✓ (no splits)
[11865/19601] MUND: ✓ (no splits)
[11866/19601] MUNI: ✓ (no splits)
[11867/19601] MUNX: ✓ (no splits)
[11868/19601] MUR: ✓ (no splits)
[11869/19601] MUNY: ✓ (no splits)
[11870/19601] MURA: ✓ (no splits)
[11871/19601] MURF: ✓ (no splits)
[11872/19601] MURFU: ✓ (no splits)
[11873/19601] MURFW: ✓ (no splits)
[11874/19601] MUS: ✓ (no splits)
[11875/19601] MUSE: ✓ (no splits)
[11876/19601] MUSA: ✓ (no splits)
[11877/19601] MUSI: ✓ (no splits)
[11878/19601] MUSQ: ✓ (no splits)
[11879/19601] MUST: ✓ (no splits)
[11880/19601] MUU: ✓ (no splits)
[11881/19601] MVAL: ✓ (no splits)
[11882/19601] MUX: ✓ (1 split(s))
[11883/19601] MVBF: ✓ (no splits)
[11884/19601] MVC: ✓ (no splits)
[11885/19601] MVCD: ✓ (no splits)
[11886/19601] MVF: ✓ (no splits)
[11887/19601] MVFD: ✓ (no splits)
[11888/19601] MVFG: ✓ (no splits)
[11889/19601] MVIS: ✓ (no splits)
[11890/19601] MVLL: ✓ (no splits)
[11891/19601] MVLA: ✓ (no splits)
[11892/19601] MVLAW: ✓ (no splits)
[11893/19601] MVO: ✓ (no splits)
[11894/19601] MVP: ✓ (no splits)
[11895/19601] MVPL: ✓ (no splits)
[11896/19601] MVPS: ✓ (no splits)
[11897/19601] MVPA: ✓ (no splits)
[11898/19601] MVRL: ✓ (no splits)
[11899/19601] MVST: ✓ (no splits)
[11900/19601] MVSTW: ✓ (no splits)
[11901/19601] MVT: ✓ (no splits)
[11902/19601] MVV: ✓ (no splits)
[11903/19601] MWA: ✓ (no splits)
[11904/19601] MWG: ✓ (no splits)
[11905/19601] MWK: ✓ (no splits)
[11906/19601] MWYN: ✓ (no splits)
[11907/19601] MX: ✓ (no splits)
[11908/19601] MXC: ✓ (no splits)
[11909/19601] MXCT: ✓ (no splits)
[11910/19601] MXF: ✓ (no splits)
[11911/19601] MXDU: ✓ (no splits)
[11912/19601] MXE: ✓ (no splits)
[11913/19601] MXI: ✓ (no splits)
[11914/19601] MXIM: ✓ (no splits)
[11915/19601] MXL: ✓ (no splits)
[11916/19601] MYCF: ✓ (no splits)
[11917/19601] MYC: ✓ (no splits)
[11918/19601] MYCG: ✓ (no splits)
[11919/19601] MYCH: ✓ (no splits)
[11920/19601] MYCJ: ✓ (no splits)
[11921/19601] MYCI: ✓ (no splits)
[11922/19601] MYCK: ✓ (no splits)
[11923/19601] MYCL: ✓ (no splits)
[11924/19601] MYCM: ✓ (no splits)
[11925/19601] MYCN: ✓ (no splits)
[11926/19601] MYCO: ✓ (no splits)
[11927/19601] MYD: ✓ (no splits)
[11928/19601] MYE: ✓ (no splits)
[11929/19601] MYF: ✓ (no splits)
[11930/19601] MYFW: ✓ (no splits)
[11931/19601] MYI: ✓ (no splits)
[11932/19601] MYGN: ✓ (no splits)
[11933/19601] MYLD: ✓ (no splits)
[11934/19601] MYJ: ✓ (no splits)
[11935/19601] MYMD: ✓ (1 split(s))
[11936/19601] MYMF: ✓ (no splits)
[11937/19601] MYMG: ✓ (no splits)
[11938/19601] MYMI: ✓ (no splits)
[11939/19601] MYMJ: ✓ (no splits)
[11940/19601] MYMH: ✓ (no splits)
[11941/19601] MYMK: ✓ (no splits)
[11942/19601] MYN: ✓ (no splits)
[11943/19601] MYNA: ✓ (no splits)
[11944/19601] MYND: ✓ (1 split(s))
[11945/19601] MYO: ✓ (no splits)
[11946/19601] MYNZ: ✓ (1 split(s))
[11947/19601] MYOV: ✓ (no splits)
[11948/19601] MYPS: ✓ (no splits)
[11949/19601] MYPSW: ✓ (no splits)
[11950/19601] MYSE: ✓ (no splits)
[11951/19601] MYSEW: ✓ (no splits)
[11952/19601] MYRG: ✓ (no splits)
[11953/19601] MYT: ✓ (no splits)
[11954/19601] MYSZ: ✓ (2 split(s))
[11955/19601] MYTE: ✓ (no splits)
[11956/19601] MZA: ✓ (no splits)
[11957/19601] MYY: ✓ (no splits)
[11958/19601] NAAC: ✓ (no splits)
[11959/19601] MZTI: ✓ (no splits)
[11960/19601] MZZ: ✓ (2 split(s))
[11961/19601] NAACW: ✓ (no splits)
[11962/19601] NAACU: ✓ (no splits)
[11963/19601] NABL: ✓ (no splits)
[11964/19601] NAAS: ✓ (3 split(s))
[11965/19601] NAC: ✓ (no splits)
[11966/19601] NABLw: ✓ (no splits)
[11967/19601] NACP: ✓ (no splits)
[11968/19601] NAD: ✓ (no splits)
[11969/19601] NAGE: ✓ (no splits)
[11970/19601] NAII: ✓ (no splits)
[11971/19601] NAK: ✓ (no splits)
[11972/19601] NAIL: ✓ (no splits)
[11973/19601] NAKA: ✓ (no splits)
[11974/19601] NAKAW: ✓ (no splits)
[11975/19601] NAKD: ✓ (1 split(s))
[11976/19601] NAMI: ✓ (no splits)
[11977/19601] NAMM: ✓ (no splits)
[11978/19601] NAMMW: ✓ (no splits)
[11979/19601] NAMSW: ✓ (no splits)
[11980/19601] NAMS: ✓ (no splits)
[11981/19601] NANR: ✓ (no splits)
[11982/19601] NANC: ✓ (no splits)
[11983/19601] NAOV: ✓ (3 split(s))
[11984/19601] NAN: ✓ (no splits)
[11985/19601] NAPA: ✓ (no splits)
[11986/19601] NAPR: ✓ (no splits)
[11987/19601] NARI: ✓ (no splits)
[11988/19601] NAT: ✓ (no splits)
[11989/19601] NATH: ✓ (no splits)
[11990/19601] NATI: ✓ (no splits)
[11991/19601] NATLw: ✓ (no splits)
[11992/19601] NATL: ✓ (no splits)
[11993/19601] NATO: ✓ (no splits)
[11994/19601] NATR: ✓ (no splits)
[11995/19601] NAUG: ✓ (no splits)
[11996/19601] NAUT: ✓ (no splits)
[11997/19601] NAV: ✓ (no splits)
[11998/19601] NAVI: ✓ (no splits)
[11999/19601] NAVB: ✓ (no splits)
[12000/19601] NAVN: ✓ (no splits)
  → Checkpoint saved: 1475 splits so far
[12001/19601] NAVpD: ✓ (no splits)
[12002/19601] NAYA: ✓ (1 split(s))
[12003/19601] NAZ: ✓ (no splits)
[12004/19601] NBA: ✓ (no splits)
[12005/19601] NBA.WS: ✓ (no splits)
[12006/19601] NBA.U: ✓ (no splits)
[12007/19601] NB: ✓ (1 split(s))
[12008/19601] NBAC: ✓ (no splits)
[12009/19601] NBACR: ✓ (no splits)
[12010/19601] NBACW: ✓ (no splits)
[12011/19601] NBB: ✓ (no splits)
[12012/19601] NBACU: ✓ (no splits)
[12013/19601] NBCC: ✓ (no splits)
[12014/19601] NBBK: ✓ (no splits)
[12015/19601] NBCE: ✓ (no splits)
[12016/19601] NBCM: ✓ (no splits)
[12017/19601] NBCR: ✓ (no splits)
[12018/19601] NBDS: ✓ (no splits)
[12019/19601] NBCT: ✓ (no splits)
[12020/19601] NBET: ✓ (no splits)
[12021/19601] NBEV: ✓ (no splits)
[12022/19601] NBFC: ✓ (no splits)
[12023/19601] NBGR: ✓ (no splits)
[12024/19601] NBH: ✓ (no splits)
[12025/19601] NBGX: ✓ (no splits)
[12026/19601] NBIG: ✓ (no splits)
[12027/19601] NBHC: ✓ (no splits)
[12028/19601] NBIS: ✓ (no splits)
[12029/19601] NBIL: ✓ (no splits)
[12030/19601] NBJP: ✓ (no splits)
[12031/19601] NBIX: ✓ (no splits)
[12032/19601] NBLX: ✓ (no splits)
[12033/19601] NBOS: ✓ (no splits)
[12034/19601] NBN: ✓ (no splits)
[12035/19601] NBO: ✓ (no splits)
[12036/19601] NBP: ✓ (no splits)
[12037/19601] NBR: ✓ (no splits)
[12038/19601] NBRV: ✓ (1 split(s))
[12039/19601] NBRpA: ✓ (no splits)
[12040/19601] NBSD: ✓ (no splits)
[12041/19601] NBSE: ✓ (1 split(s))
[12042/19601] NBSM: ✓ (no splits)
[12043/19601] NBSTU: ✓ (no splits)
[12044/19601] NBST: ✓ (no splits)
[12045/19601] NBTR: ✓ (no splits)
[12046/19601] NBSTW: ✓ (no splits)
[12047/19601] NBW: ✓ (no splits)
[12048/19601] NBTB: ✓ (no splits)
[12049/19601] NBTX: ✓ (no splits)
[12050/19601] NBXG: ✓ (no splits)
[12051/19601] NC: ✓ (no splits)
[12052/19601] NBY: ✓ (2 split(s))
[12053/19601] NCA: ✓ (no splits)
[12054/19601] NCACU: ✓ (no splits)
[12055/19601] NCAC: ✓ (no splits)
[12056/19601] NCACW: ✓ (no splits)
[12057/19601] NCB: ✓ (no splits)
[12058/19601] NCBS: ✓ (no splits)
[12059/19601] NCDL: ✓ (no splits)
[12060/19601] NCEL: ✓ (no splits)
[12061/19601] NCEW: ✓ (1 split(s))
[12062/19601] NCI: ✓ (1 split(s))
[12063/19601] NCIQ: ✓ (no splits)
[12064/19601] NCL: ✓ (1 split(s))
[12065/19601] NCLO: ✓ (no splits)
[12066/19601] NCLH: ✓ (no splits)
[12067/19601] NCNA: ✓ (2 split(s))
[12068/19601] NCMI: ✓ (1 split(s))
[12069/19601] NCNC: ✓ (1 split(s))
[12070/19601] NCNCW: ✓ (no splits)
[12071/19601] NCPB: ✓ (no splits)
[12072/19601] NCNO: ✓ (no splits)
[12073/19601] NCPL: ✓ (1 split(s))
[12074/19601] NCPLW: ✓ (no splits)
[12075/19601] NCR: ✓ (no splits)
[12076/19601] NCSM: ✓ (no splits)
[12077/19601] NCRA: ✓ (1 split(s))
[12078/19601] NCT: ✓ (no splits)
[12079/19601] NCVpA: ✓ (no splits)
[12080/19601] NCV: ✓ (1 split(s))
[12081/19601] NCTY: ✓ (1 split(s))
[12082/19601] NCZ: ✓ (1 split(s))
[12083/19601] NCZpA: ✓ (no splits)
[12084/19601] NDAA: ✓ (no splits)
[12085/19601] NDAC: ✓ (no splits)
[12086/19601] NDACU: ✓ (no splits)
[12087/19601] NDEC: ✓ (no splits)
[12088/19601] NDACW: ✓ (no splits)
[12089/19601] NDAQ: ✓ (1 split(s))
[12090/19601] NDIA: ✓ (no splits)
[12091/19601] NDIV: ✓ (no splits)
[12092/19601] NDJI: ✓ (no splits)
[12093/19601] NDLS: ✓ (no splits)
[12094/19601] NDMO: ✓ (no splits)
[12095/19601] NDP: ✓ (no splits)
[12096/19601] NDOW: ✓ (no splits)
[12097/19601] NDRA: ✓ (3 split(s))
[12098/19601] NDRAW: ✓ (no splits)
[12099/19601] NDVG: ✓ (no splits)
[12100/19601] NE: ✓ (no splits)
[12101/19601] NDSN: ✓ (no splits)
[12102/19601] NE.WS: ✓ (no splits)
[12103/19601] NE.WS.A: ✓ (no splits)
[12104/19601] NEA: ✓ (no splits)
[12105/19601] NEAR: ✓ (no splits)
[12106/19601] NEBC: ✓ (no splits)
[12107/19601] NEBCU: ✓ (no splits)
[12108/19601] NEBCW: ✓ (no splits)
[12109/19601] NEBX: ✓ (no splits)
[12110/19601] NECB: ✓ (no splits)
[12111/19601] NEEpK: ✓ (no splits)
[12112/19601] NEE: ✓ (no splits)
[12113/19601] NEEpN: ✓ (no splits)
[12114/19601] NEEpO: ✓ (no splits)
[12115/19601] NEEpQ: ✓ (no splits)
[12116/19601] NEEpP: ✓ (no splits)
[12117/19601] NEEpR: ✓ (no splits)
[12118/19601] NEEpS: ✓ (no splits)
[12119/19601] NEEpT: ✓ (no splits)
[12120/19601] NEHC: ✓ (no splits)
[12121/19601] NEGG: ✓ (1 split(s))
[12122/19601] NEEpU: ✓ (no splits)
[12123/19601] NEHCW: ✓ (no splits)
[12124/19601] NEHI: ✓ (no splits)
[12125/19601] NELS: ✓ (no splits)
[12126/19601] NEM: ✓ (no splits)
[12127/19601] NEMD: ✓ (no splits)
[12128/19601] NEMG: ✓ (no splits)
[12129/19601] NEN: ✓ (no splits)
[12130/19601] NEO: ✓ (no splits)
[12131/19601] NEOGV: ✓ (no splits)
[12132/19601] NEOG: ✓ (1 split(s))
[12133/19601] NEON: ✓ (no splits)
[12134/19601] NEOS: ✓ (no splits)
[12135/19601] NEOV: ✓ (no splits)
[12136/19601] NEP: ✓ (no splits)
[12137/19601] NEOVW: ✓ (no splits)
[12138/19601] NEPH: ✓ (no splits)
[12139/19601] NEPT: ✓ (2 split(s))
[12140/19601] NERD: ✓ (no splits)
[12141/19601] NES: ✓ (no splits)
[12142/19601] NERV: ✓ (1 split(s))
[12143/19601] NESR: ✓ (no splits)
[12144/19601] NESRW: ✓ (no splits)
[12145/19601] NET: ✓ (no splits)
[12146/19601] NETC: ✓ (no splits)
[12147/19601] NETC.U: ✓ (no splits)
[12148/19601] NETC.WS: ✓ (no splits)
[12149/19601] NETD: ✓ (no splits)
[12150/19601] NETDW: ✓ (no splits)
[12151/19601] NETDU: ✓ (no splits)
[12152/19601] NETE: ✓ (no splits)
[12153/19601] NETG: ✓ (no splits)
[12154/19601] NETI: ✓ (no splits)
[12155/19601] NETL: ✓ (no splits)
[12156/19601] NETX: ✓ (no splits)
[12157/19601] NETZ: ✓ (no splits)
[12158/19601] NEU: ✓ (no splits)
[12159/19601] NEUE: ✓ (no splits)
[12160/19601] NEUP: ✓ (no splits)
[12161/19601] NEV: ✓ (no splits)
[12162/19601] NEW: ✓ (1 split(s))
[12163/19601] NEWA: ✓ (no splits)
[12164/19601] NEWP: ✓ (no splits)
[12165/19601] NEWR: ✓ (no splits)
[12166/19601] NEWT: ✓ (no splits)
[12167/19601] NEWTG: ✓ (no splits)
[12168/19601] NEWTH: ✓ (no splits)
[12169/19601] NEWTI: ✓ (no splits)
[12170/19601] NEWTP: ✓ (no splits)
[12171/19601] NEWTL: ✓ (no splits)
[12172/19601] NEWTZ: ✓ (no splits)
[12173/19601] NEWZ: ✓ (no splits)
[12174/19601] NEX: ✓ (no splits)
[12175/19601] NEXA: ✓ (no splits)
[12176/19601] NEXI: ✓ (1 split(s))
[12177/19601] NEXM: ✓ (no splits)
[12178/19601] NEXN: ✓ (1 split(s))
[12179/19601] NEXT: ✓ (no splits)
[12180/19601] NFBK: ✓ (no splits)
[12181/19601] NFE: ✓ (no splits)
[12182/19601] NFEB: ✓ (no splits)
[12183/19601] NFG: ✓ (no splits)
[12184/19601] NFGC: ✓ (no splits)
[12185/19601] NFH: ✓ (no splits)
[12186/19601] NFH.WS: ✓ (no splits)
[12187/19601] NFJ: ✓ (no splits)
[12188/19601] NFLT: ✓ (no splits)
[12189/19601] NFLP: ✓ (no splits)
[12190/19601] NFLU: ✓ (no splits)
[12191/19601] NFLX: ✓ (1 split(s))
[12192/19601] NFLW: ✓ (no splits)
[12193/19601] NFLY: ✓ (no splits)
[12194/19601] NFNT: ✓ (no splits)
[12195/19601] NFNT.U: ✓ (no splits)
[12196/19601] NFNT.WS: ✓ (no splits)
[12197/19601] NFTG: ✓ (no splits)
[12198/19601] NFRA: ✓ (no splits)
[12199/19601] NFTY: ✓ (no splits)
[12200/19601] NFTZ: ✓ (no splits)
[12201/19601] NFXS: ✓ (no splits)
[12202/19601] NFYS: ✓ (no splits)
[12203/19601] NFXL: ✓ (no splits)
[12204/19601] NFYS.U: ✓ (no splits)
[12205/19601] NFYS.WS: ✓ (no splits)
[12206/19601] NG: ✓ (no splits)
[12207/19601] NGA: ✓ (no splits)
[12208/19601] NGA.WS: ✓ (no splits)
[12209/19601] NGA.U: ✓ (no splits)
[12210/19601] NGAB: ✓ (no splits)
[12211/19601] NGAB.U: ✓ (no splits)
[12212/19601] NGAB.WS: ✓ (no splits)
[12213/19601] NGAC: ✓ (no splits)
[12214/19601] NGACU: ✓ (no splits)
[12215/19601] NGACW: ✓ (no splits)
[12216/19601] NGC: ✓ (no splits)
[12217/19601] NGC.WS: ✓ (no splits)
[12218/19601] NGC.U: ✓ (no splits)
[12219/19601] NGCA: ✓ (no splits)
[12220/19601] NGCAU: ✓ (no splits)
[12221/19601] NGCAW: ✓ (no splits)
[12222/19601] NGD: ✓ (no splits)
[12223/19601] NGE: ✓ (no splits)
[12224/19601] NGG: ✓ (6 split(s))
[12225/19601] NGHCN: ✓ (no splits)
[12226/19601] NGHC: ✓ (no splits)
[12227/19601] NGHCO: ✓ (no splits)
[12228/19601] NGHCP: ✓ (no splits)
[12229/19601] NGHCZ: ✓ (no splits)
[12230/19601] NGL: ✓ (no splits)
[12231/19601] NGLpB: ✓ (no splits)
[12232/19601] NGLpC: ✓ (no splits)
[12233/19601] NGLSpA: ✓ (no splits)
[12234/19601] NGM: ✓ (no splits)
[12235/19601] NGMS: ✓ (no splits)
[12236/19601] NGS: ✓ (no splits)
[12237/19601] NGNE: ✓ (1 split(s))
[12238/19601] NGVC: ✓ (no splits)
[12239/19601] NGVT: ✓ (no splits)
[12240/19601] NH: ✓ (1 split(s))
[12241/19601] NHA: ✓ (no splits)
[12242/19601] NHC: ✓ (no splits)
[12243/19601] NHFpA: ✓ (no splits)
[12244/19601] NHIC: ✓ (no splits)
[12245/19601] NHF: ✓ (no splits)
[12246/19601] NHI: ✓ (no splits)
[12247/19601] NHICU: ✓ (no splits)
[12248/19601] NHICW: ✓ (no splits)
[12249/19601] NHLD: ✓ (no splits)
[12250/19601] NHLDW: ✓ (no splits)
[12251/19601] NHPAP: ✓ (no splits)
[12252/19601] NHSr: ✓ (no splits)
[12253/19601] NHS: ✓ (no splits)
[12254/19601] NHPBP: ✓ (no splits)
[12255/19601] NHSrw: ✓ (no splits)
[12256/19601] NHTC: ✓ (no splits)
[12257/19601] NHWK: ✓ (no splits)
[12258/19601] NHYB: ✓ (no splits)
[12259/19601] NHYM: ✓ (no splits)
[12260/19601] NI: ✓ (no splits)
[12261/19601] NIB: ✓ (no splits)
[12262/19601] NIC: ✓ (no splits)
[12263/19601] NICE: ✓ (no splits)
[12264/19601] NID: ✓ (no splits)
[12265/19601] NICK: ✓ (no splits)
[12266/19601] NIE: ✓ (no splits)
[12267/19601] NIFE: ✓ (no splits)
[12268/19601] NIHI: ✓ (no splits)
[12269/19601] NIKL: ✓ (no splits)
[12270/19601] NILE: ✓ (no splits)
[12271/19601] NIM: ✓ (no splits)
[12272/19601] NILEpD: ✓ (no splits)
[12273/19601] NIMC: ✓ (no splits)
[12274/19601] NINE: ✓ (no splits)
[12275/19601] NIO: ✓ (no splits)
[12276/19601] NIOBW: ✓ (no splits)
[12277/19601] NIPG: ✓ (no splits)
[12278/19601] NIQ: ✓ (no splits)
[12279/19601] NIR: ✓ (no splits)
[12280/19601] NIRWW: ✓ (no splits)
[12281/19601] NISN: ✓ (1 split(s))
[12282/19601] NITE: ✓ (no splits)
[12283/19601] NITO: ✓ (1 split(s))
[12284/19601] NIU: ✓ (no splits)
[12285/19601] NIWM: ✓ (no splits)
[12286/19601] NIVFW: ✓ (no splits)
[12287/19601] NIVF: ✓ (4 split(s))
[12288/19601] NIXT: ✓ (no splits)
[12289/19601] NIXX: ✓ (no splits)
[12290/19601] NIXXW: ✓ (no splits)
[12291/19601] NJAN: ✓ (no splits)
[12292/19601] NIpB: ✓ (no splits)
[12293/19601] NJR: ✓ (no splits)
[12294/19601] NJUL: ✓ (no splits)
[12295/19601] NJNK: ✓ (no splits)
[12296/19601] NJV: ✓ (no splits)
[12297/19601] NJUN: ✓ (no splits)
[12298/19601] NK: ✓ (no splits)
[12299/19601] NKE: ✓ (no splits)
[12300/19601] NKEL: ✓ (no splits)
[12301/19601] NKEQ: ✓ (no splits)
[12302/19601] NKGN: ✓ (no splits)
[12303/19601] NKG: ✓ (no splits)
[12304/19601] NKGNW: ✓ (no splits)
[12305/19601] NKLA: ✓ (1 split(s))
[12306/19601] NKSH: ✓ (no splits)
[12307/19601] NKLR: ✓ (no splits)
[12308/19601] NKTR: ✓ (1 split(s))
[12309/19601] NKX: ✓ (no splits)
[12310/19601] NKTX: ✓ (no splits)
[12311/19601] NL: ✓ (no splits)
[12312/19601] NLIT: ✓ (no splits)
[12313/19601] NLITU: ✓ (no splits)
[12314/19601] NLITW: ✓ (no splits)
[12315/19601] NLOK: ✓ (no splits)
[12316/19601] NLOPw: ✓ (no splits)
[12317/19601] NLR: ✓ (no splits)
[12318/19601] NLOP: ✓ (1 split(s))
[12319/19601] NLS: ✓ (no splits)
[12320/19601] NLSN: ✓ (no splits)
[12321/19601] NLSP: ✓ (2 split(s))
[12322/19601] NLSPW: ✓ (no splits)
[12323/19601] NLTX: ✓ (1 split(s))
[12324/19601] NLY: ✓ (1 split(s))
[12325/19601] NLYpD: ✓ (no splits)
[12326/19601] NLYpG: ✓ (no splits)
[12327/19601] NLYpF: ✓ (no splits)
[12328/19601] NLYpI: ✓ (no splits)
[12329/19601] NLYpJ: ✓ (no splits)
[12330/19601] NM: ✓ (no splits)
[12331/19601] NMAI: ✓ (no splits)
[12332/19601] NMAR: ✓ (no splits)
[12333/19601] NMAX: ✓ (no splits)
[12334/19601] NMB: ✓ (no splits)
[12335/19601] NMAY: ✓ (no splits)
[12336/19601] NMBL: ✓ (no splits)
[12337/19601] NMCO: ✓ (no splits)
[12338/19601] NMCI: ✓ (no splits)
[12339/19601] NMFC: ✓ (no splits)
[12340/19601] NMFCL: ✓ (no splits)
[12341/19601] NMFCZ: ✓ (no splits)
[12342/19601] NMHI: ✓ (1 split(s))
[12343/19601] NMG: ✓ (1 split(s))
[12344/19601] NMHIW: ✓ (no splits)
[12345/19601] NMI: ✓ (no splits)
[12346/19601] NMKpB: ✓ (no splits)
[12347/19601] NMIH: ✓ (no splits)
[12348/19601] NMKpC: ✓ (no splits)
[12349/19601] NMM: ✓ (no splits)
[12350/19601] NML: ✓ (no splits)
[12351/19601] NMMC: ✓ (no splits)
[12352/19601] NMMCU: ✓ (no splits)
[12353/19601] NMMCW: ✓ (no splits)
[12354/19601] NMPAR: ✓ (no splits)
[12355/19601] NMP: ✓ (no splits)
[12356/19601] NMPAU: ✓ (no splits)
[12357/19601] NMRA: ✓ (no splits)
[12358/19601] NMRD: ✓ (no splits)
[12359/19601] NMRK: ✓ (no splits)
[12360/19601] NMR: ✓ (no splits)
[12361/19601] NMS: ✓ (no splits)
[12362/19601] NMT: ✓ (no splits)
[12363/19601] NMTC: ✓ (1 split(s))
[12364/19601] NMTR: ✓ (1 split(s))
[12365/19601] NMY: ✓ (no splits)
[12366/19601] NMZ: ✓ (no splits)
[12367/19601] NMpG: ✓ (no splits)
[12368/19601] NMpH: ✓ (no splits)
[12369/19601] NN: ✓ (no splits)
[12370/19601] NNA: ✓ (no splits)
[12371/19601] NNAG: ✓ (no splits)
[12372/19601] NNAGR: ✓ (no splits)
[12373/19601] NNAGU: ✓ (no splits)
[12374/19601] NNAGW: ✓ (no splits)
[12375/19601] NNAVW: ✓ (no splits)
[12376/19601] NNBR: ✓ (no splits)
[12377/19601] NNDM: ✓ (no splits)
[12378/19601] NNI: ✓ (no splits)
[12379/19601] NNE: ✓ (no splits)
[12380/19601] NNN: ✓ (no splits)
[12381/19601] NNEX: ✓ (no splits)
[12382/19601] NNNN: ✓ (no splits)
[12383/19601] NNNpF: ✓ (no splits)
[12384/19601] NNOV: ✓ (no splits)
[12385/19601] NNOX: ✓ (no splits)
[12386/19601] NNVC: ✓ (no splits)
[12387/19601] NNY: ✓ (no splits)
[12388/19601] NOAC: ✓ (no splits)
[12389/19601] NOA: ✓ (no splits)
[12390/19601] NOACU: ✓ (no splits)
[12391/19601] NOACW: ✓ (no splits)
[12392/19601] NOAH: ✓ (no splits)
[12393/19601] NOBL: ✓ (no splits)
[12394/19601] NOC: ✓ (no splits)
[12395/19601] NOCT: ✓ (no splits)
[12396/19601] NODE: ✓ (no splits)
[12397/19601] NODK: ✓ (no splits)
[12398/19601] NOEMU: ✓ (no splits)
[12399/19601] NOEMR: ✓ (no splits)
[12400/19601] NOEM: ✓ (no splits)
[12401/19601] NOEMW: ✓ (no splits)
[12402/19601] NOG: ✓ (no splits)
[12403/19601] NOGN: ✓ (1 split(s))
[12404/19601] NOGNW: ✓ (no splits)
[12405/19601] NOK: ✓ (no splits)
[12406/19601] NOM: ✓ (no splits)
[12407/19601] NOMA: ✓ (no splits)
[12408/19601] NOPE: ✓ (no splits)
[12409/19601] NORW: ✓ (no splits)
[12410/19601] NOMD: ✓ (no splits)
[12411/19601] NOTE: ✓ (1 split(s))
[12412/19601] NOTE.WS: ✓ (no splits)
[12413/19601] NOTV: ✓ (no splits)
[12414/19601] NOV: ✓ (no splits)
[12415/19601] NOVA: ✓ (no splits)
[12416/19601] NOVM: ✓ (no splits)
[12417/19601] NOVN: ✓ (1 split(s))
[12418/19601] NOVP: ✓ (no splits)
[12419/19601] NOVSU: ✓ (no splits)
[12420/19601] NOVS: ✓ (no splits)
[12421/19601] NOVT: ✓ (no splits)
[12422/19601] NOVSW: ✓ (no splits)
[12423/19601] NOVTU: ✓ (no splits)
[12424/19601] NOVV: ✓ (no splits)
[12425/19601] NOVVR: ✓ (no splits)
[12426/19601] NOVVU: ✓ (no splits)
[12427/19601] NOVVW: ✓ (no splits)
[12428/19601] NOW: ✓ (no splits)
[12429/19601] NOVZ: ✓ (no splits)
[12430/19601] NOWL: ✓ (no splits)
[12431/19601] NP: ✓ (no splits)
[12432/19601] NPA: ✓ (no splits)
[12433/19601] NPAB: ✓ (no splits)
[12434/19601] NPABU: ✓ (no splits)
[12435/19601] NPABW: ✓ (no splits)
[12436/19601] NPAC: ✓ (no splits)
[12437/19601] NPACU: ✓ (no splits)
[12438/19601] NPACW: ✓ (no splits)
[12439/19601] NPAWW: ✓ (no splits)
[12440/19601] NPAUU: ✓ (no splits)
[12441/19601] NPCT: ✓ (no splits)
[12442/19601] NPCE: ✓ (no splits)
[12443/19601] NPFD: ✓ (no splits)
[12444/19601] NPB: ✓ (no splits)
[12445/19601] NPFI: ✓ (no splits)
[12446/19601] NPKI: ✓ (no splits)
[12447/19601] NPK: ✓ (no splits)
[12448/19601] NPO: ✓ (no splits)
[12449/19601] NPT: ✓ (no splits)
[12450/19601] NPN: ✓ (no splits)
[12451/19601] NPTN: ✓ (no splits)
[12452/19601] NPWR: ✓ (no splits)
[12453/19601] NPV: ✓ (no splits)
[12454/19601] NPWR.WS: ✓ (no splits)
[12455/19601] NR: ✓ (no splits)
[12456/19601] NQP: ✓ (no splits)
[12457/19601] NRAC: ✓ (no splits)
[12458/19601] NRACU: ✓ (no splits)
[12459/19601] NRACW: ✓ (no splits)
[12460/19601] NRBO: ✓ (2 split(s))
[12461/19601] NRC: ✓ (no splits)
[12462/19601] NRDS: ✓ (no splits)
[12463/19601] NRDY.WS: ✓ (no splits)
[12464/19601] NRDY: ✓ (no splits)
[12465/19601] NREF: ✓ (no splits)
[12466/19601] NRES: ✓ (no splits)
[12467/19601] NRG: ✓ (no splits)
[12468/19601] NRGO: ✓ (no splits)
[12469/19601] NREFpA: ✓ (no splits)
[12470/19601] NRGD: ✓ (3 split(s))
[12471/19601] NRGU: ✓ (no splits)
[12472/19601] NRGV: ✓ (no splits)
[12473/19601] NRGV.WS: ✓ (no splits)
[12474/19601] NRGX: ✓ (no splits)
[12475/19601] NRGZ: ✓ (no splits)
[12476/19601] NRIM: ✓ (1 split(s))
[12477/19601] NRIX: ✓ (no splits)
[12478/19601] NRK: ✓ (no splits)
[12479/19601] NRO: ✓ (no splits)
[12480/19601] NROr: ✓ (no splits)
[12481/19601] NROrw: ✓ (no splits)
[12482/19601] NRP: ✓ (no splits)
[12483/19601] NRSN: ✓ (no splits)
[12484/19601] NRSH: ✓ (no splits)
[12485/19601] NRSNW: ✓ (no splits)
[12486/19601] NRUC: ✓ (no splits)
[12487/19601] NRXPW: ✓ (no splits)
[12488/19601] NRXS: ✓ (no splits)
[12489/19601] NRT: ✓ (no splits)
[12490/19601] NRXP: ✓ (1 split(s))
[12491/19601] NRZ: ✓ (no splits)
[12492/19601] NRZpA: ✓ (no splits)
[12493/19601] NRZpB: ✓ (no splits)
[12494/19601] NRZpC: ✓ (no splits)
[12495/19601] NS: ✓ (no splits)
[12496/19601] NRZpD: ✓ (no splits)
[12497/19601] NSA: ✓ (no splits)
[12498/19601] NSApA: ✓ (no splits)
[12499/19601] NSApB: ✓ (no splits)
[12500/19601] NSC: ✓ (no splits)
  → Checkpoint saved: 1541 splits so far
[12501/19601] NSCI: ✓ (no splits)
[12502/19601] NSCO: ✓ (no splits)
[12503/19601] NSCO.WS: ✓ (no splits)
[12504/19601] NSCR: ✓ (no splits)
[12505/19601] NSCS: ✓ (no splits)
[12506/19601] NSEC: ✓ (no splits)
[12507/19601] NSEP: ✓ (no splits)
[12508/19601] NSH: ✓ (no splits)
[12509/19601] NSH.U: ✓ (no splits)
[12510/19601] NSI: ✓ (no splits)
[12511/19601] NSL: ✓ (no splits)
[12512/19601] NSH.WS: ✓ (no splits)
[12513/19601] NSP: ✓ (no splits)
[12514/19601] NSPI: ✓ (no splits)
[12515/19601] NSIT: ✓ (no splits)
[12516/19601] NSPR.WS: ✓ (no splits)
[12517/19601] NSPL: ✓ (no splits)
[12518/19601] NSPR: ✓ (1 split(s))
[12519/19601] NSPR.WS.B: ✓ (no splits)
[12520/19601] NSPRW: ✓ (no splits)
[12521/19601] NSPRZ: ✓ (no splits)
[12522/19601] NSPY: ✓ (no splits)
[12523/19601] NSR: ✓ (no splits)
[12524/19601] NSRX: ✓ (no splits)
[12525/19601] NSS: ✓ (no splits)
[12526/19601] NSSC: ✓ (1 split(s))
[12527/19601] NSTB: ✓ (no splits)
[12528/19601] NSTB.U: ✓ (no splits)
[12529/19601] NSTC: ✓ (no splits)
[12530/19601] NSTB.WS: ✓ (no splits)
[12531/19601] NSTC.U: ✓ (no splits)
[12532/19601] NSTC.WS: ✓ (no splits)
[12533/19601] NSTD: ✓ (no splits)
[12534/19601] NSTD.U: ✓ (no splits)
[12535/19601] NSTD.WS: ✓ (no splits)
[12536/19601] NSYS: ✓ (no splits)
[12537/19601] NSTS: ✓ (no splits)
[12538/19601] NSTG: ✓ (no splits)
[12539/19601] NSpA: ✓ (no splits)
[12540/19601] NSpB: ✓ (no splits)
[12541/19601] NSpC: ✓ (no splits)
[12542/19601] NTAP: ✓ (no splits)
[12543/19601] NTB: ✓ (no splits)
[12544/19601] NTCL: ✓ (no splits)
[12545/19601] NTBL: ✓ (no splits)
[12546/19601] NTCO: ✓ (no splits)
[12547/19601] NTCT: ✓ (no splits)
[12548/19601] NTEC: ✓ (no splits)
[12549/19601] NTEST: ✓ (no splits)
[12550/19601] NTES: ✓ (no splits)
[12551/19601] NTEST.G: ✓ (no splits)
[12552/19601] NTEST.H: ✓ (no splits)
[12553/19601] NTEST.I: ✓ (no splits)
[12554/19601] NTEST.K: ✓ (no splits)
[12555/19601] NTEST.J: ✓ (no splits)
[12556/19601] NTEST.M: ✓ (no splits)
[12557/19601] NTEST.L: ✓ (no splits)
[12558/19601] NTEST.N: ✓ (no splits)
[12559/19601] NTEST.P: ✓ (no splits)
[12560/19601] NTEST.O: ✓ (no splits)
[12561/19601] NTEST.Q: ✓ (no splits)
[12562/19601] NTEST.Y: ✓ (no splits)
[12563/19601] NTEST.Z: ✓ (no splits)
[12564/19601] NTG: ✓ (no splits)
[12565/19601] NTGR: ✓ (no splits)
[12566/19601] NTHI: ✓ (no splits)
[12567/19601] NTIC: ✓ (no splits)
[12568/19601] NTIP: ✓ (no splits)
[12569/19601] NTKI: ✓ (no splits)
[12570/19601] NTLA: ✓ (no splits)
[12571/19601] NTN: ✓ (no splits)
[12572/19601] NTNX: ✓ (no splits)
[12573/19601] NTP: ✓ (no splits)
[12574/19601] NTRA: ✓ (no splits)
[12575/19601] NTR: ✓ (no splits)
[12576/19601] NTRBW: ✓ (no splits)
[12577/19601] NTRB: ✓ (1 split(s))
[12578/19601] NTRL: ✓ (no splits)
[12579/19601] NTRP: ✓ (1 split(s))
[12580/19601] NTRS: ✓ (no splits)
[12581/19601] NTRSO: ✓ (no splits)
[12582/19601] NTSE: ✓ (no splits)
[12583/19601] NTSI: ✓ (no splits)
[12584/19601] NTSK: ✓ (no splits)
[12585/19601] NTST: ✓ (no splits)
[12586/19601] NTSX: ✓ (no splits)
[12587/19601] NTUS: ✓ (no splits)
[12588/19601] NTWK: ✓ (no splits)
[12589/19601] NTWOU: ✓ (no splits)
[12590/19601] NTWO: ✓ (no splits)
[12591/19601] NTWOW: ✓ (no splits)
[12592/19601] NTZ: ✓ (no splits)
[12593/19601] NTZG: ✓ (no splits)
[12594/19601] NTZO: ✓ (no splits)
[12595/19601] NU: ✓ (no splits)
[12596/19601] NUAI: ✓ (no splits)
[12597/19601] NUAG: ✓ (no splits)
[12598/19601] NUAN: ✓ (no splits)
[12599/19601] NUBD: ✓ (no splits)
[12600/19601] NUAIW: ✓ (no splits)
[12601/19601] NUBI: ✓ (no splits)
[12602/19601] NUBIU: ✓ (no splits)
[12603/19601] NUBIW: ✓ (no splits)
[12604/19601] NUDM: ✓ (no splits)
[12605/19601] NUDV: ✓ (no splits)
[12606/19601] NUE: ✓ (no splits)
[12607/19601] NUEM: ✓ (no splits)
[12608/19601] NUG: ✓ (no splits)
[12609/19601] NUGO: ✓ (no splits)
[12610/19601] NUGY: ✓ (no splits)
[12611/19601] NUGT: ✓ (no splits)
[12612/19601] NUHY: ✓ (no splits)
[12613/19601] NUKK: ✓ (1 split(s))
[12614/19601] NUKKW: ✓ (no splits)
[12615/19601] NUKZ: ✓ (no splits)
[12616/19601] NULC: ✓ (no splits)
[12617/19601] NULV: ✓ (no splits)
[12618/19601] NUMI: ✓ (no splits)
[12619/19601] NUMG: ✓ (no splits)
[12620/19601] NULG: ✓ (no splits)
[12621/19601] NUM: ✓ (no splits)
[12622/19601] NUO: ✓ (no splits)
[12623/19601] NURE: ✓ (no splits)
[12624/19601] NUMV: ✓ (no splits)
[12625/19601] NURO: ✓ (1 split(s))
[12626/19601] NUSA: ✓ (no splits)
[12627/19601] NUS: ✓ (no splits)
[12628/19601] NUSB: ✓ (no splits)
[12629/19601] NUSC: ✓ (no splits)
[12630/19601] NUTR: ✓ (no splits)
[12631/19601] NUSI: ✓ (1 split(s))
[12632/19601] NUTX: ✓ (2 split(s))
[12633/19601] NUV: ✓ (no splits)
[12634/19601] NUVA: ✓ (no splits)
[12635/19601] NUVB: ✓ (no splits)
[12636/19601] NUVB.WS: ✓ (no splits)
[12637/19601] NUVL: ✓ (no splits)
[12638/19601] NUVO: ✓ (no splits)
[12639/19601] NUW: ✓ (no splits)
[12640/19601] NUVOW: ✓ (no splits)
[12641/19601] NUWE: ✓ (3 split(s))
[12642/19601] NVAC: ✓ (no splits)
[12643/19601] NVA: ✓ (1 split(s))
[12644/19601] NVACR: ✓ (no splits)
[12645/19601] NUZE: ✓ (1 split(s))
[12646/19601] NVAWW: ✓ (no splits)
[12647/19601] NVACW: ✓ (no splits)
[12648/19601] NVACU: ✓ (no splits)
[12649/19601] NVAX: ✓ (no splits)
[12650/19601] NVBT: ✓ (no splits)
[12651/19601] NVBW: ✓ (no splits)
[12652/19601] NVBU: ✓ (no splits)
[12653/19601] NVCN: ✓ (1 split(s))
[12654/19601] NVCR: ✓ (no splits)
[12655/19601] NVCT: ✓ (no splits)
[12656/19601] NVD: ✓ (1 split(s))
[12657/19601] NVDA: ✓ (2 split(s))
[12658/19601] NVDB: ✓ (no splits)
[12659/19601] NVDD: ✓ (1 split(s))
[12660/19601] NVDG: ✓ (no splits)
[12661/19601] NVDL: ✓ (1 split(s))
[12662/19601] NVDQ: ✓ (2 split(s))
[12663/19601] NVDO: ✓ (no splits)
[12664/19601] NVDU: ✓ (no splits)
[12665/19601] NVDY: ✓ (no splits)
[12666/19601] NVDW: ✓ (no splits)
[12667/19601] NVDX: ✓ (1 split(s))
[12668/19601] NVDS: ✓ (3 split(s))
[12669/19601] NVEC: ✓ (no splits)
[12670/19601] NVFY: ✓ (1 split(s))
[12671/19601] NVEI: ✓ (no splits)
[12672/19601] NVEE: ✓ (1 split(s))
[12673/19601] NVG: ✓ (no splits)
[12674/19601] NVGS: ✓ (no splits)
[12675/19601] NVII: ✓ (no splits)
[12676/19601] NVIR: ✓ (no splits)
[12677/19601] NVIT: ✓ (no splits)
[12678/19601] NVIV: ✓ (1 split(s))
[12679/19601] NVMI: ✓ (no splits)
[12680/19601] NVMZ: ✓ (no splits)
[12681/19601] NVNI: ✓ (1 split(s))
[12682/19601] NVNO: ✓ (no splits)
[12683/19601] NVNIW: ✓ (no splits)
[12684/19601] NVNOW: ✓ (no splits)
[12685/19601] NVOX: ✓ (no splits)
[12686/19601] NVOH: ✓ (no splits)
[12687/19601] NVO: ✓ (1 split(s))
[12688/19601] NVOS: ✓ (2 split(s))
[12689/19601] NVQ: ✓ (no splits)
[12690/19601] NVS: ✓ (no splits)
[12691/19601] NVRO: ✓ (no splits)
[12692/19601] NVRI: ✓ (no splits)
[12693/19601] NVR: ✓ (no splits)
[12694/19601] NVSAU: ✓ (no splits)
[12695/19601] NVSA: ✓ (no splits)
[12696/19601] NVST: ✓ (no splits)
[12697/19601] NVSAW: ✓ (no splits)
[12698/19601] NVT: ✓ (no splits)
[12699/19601] NVTA: ✓ (no splits)
[12700/19601] NVTS: ✓ (no splits)
[12701/19601] NVTSW: ✓ (no splits)
[12702/19601] NVTX: ✓ (no splits)
[12703/19601] NVUS: ✓ (no splits)
[12704/19601] NVVE: ✓ (2 split(s))
[12705/19601] NVVEW: ✓ (no splits)
[12706/19601] NVW: ✓ (no splits)
[12707/19601] NVYY: ✓ (no splits)
[12708/19601] NVX: ✓ (no splits)
[12709/19601] NWAX.U: ✓ (no splits)
[12710/19601] NWBI: ✓ (no splits)
[12711/19601] NWE: ✓ (no splits)
[12712/19601] NWGL: ✓ (no splits)
[12713/19601] NWFL: ✓ (no splits)
[12714/19601] NWGw: ✓ (no splits)
[12715/19601] NWG: ✓ (1 split(s))
[12716/19601] NWL: ✓ (no splits)
[12717/19601] NWHM: ✓ (no splits)
[12718/19601] NWLG: ✓ (no splits)
[12719/19601] NWLI: ✓ (no splits)
[12720/19601] NWMX: ✓ (no splits)
[12721/19601] NWN: ✓ (no splits)
[12722/19601] NWPX: ✓ (no splits)
[12723/19601] NWS: ✓ (no splits)
[12724/19601] NWSA: ✓ (no splits)
[12725/19601] NWTN: ✓ (no splits)
[12726/19601] NWTG: ✓ (no splits)
[12727/19601] NWTNW: ✓ (no splits)
[12728/19601] NXC: ✓ (no splits)
[12729/19601] NX: ✓ (no splits)
[12730/19601] NXDR: ✓ (no splits)
[12731/19601] NXDTpA: ✓ (no splits)
[12732/19601] NXDT: ✓ (no splits)
[12733/19601] NXE: ✓ (no splits)
[12734/19601] NXGL: ✓ (no splits)
[12735/19601] NXG: ✓ (no splits)
[12736/19601] NXGLW: ✓ (no splits)
[12737/19601] NXGN: ✓ (no splits)
[12738/19601] NXGr: ✓ (no splits)
[12739/19601] NXGrw: ✓ (no splits)
[12740/19601] NXJ: ✓ (no splits)
[12741/19601] NXL: ✓ (no splits)
[12742/19601] NXLIW: ✓ (no splits)
[12743/19601] NXN: ✓ (no splits)
[12744/19601] NXP: ✓ (no splits)
[12745/19601] NXPL: ✓ (no splits)
[12746/19601] NXPI: ✓ (no splits)
[12747/19601] NXQ: ✓ (no splits)
[12748/19601] NXPLW: ✓ (no splits)
[12749/19601] NXR: ✓ (no splits)
[12750/19601] NXRT: ✓ (no splits)
[12751/19601] NXT: ✓ (no splits)
[12752/19601] NXST: ✓ (no splits)
[12753/19601] NXTC: ✓ (1 split(s))
[12754/19601] NXTE: ✓ (no splits)
[12755/19601] NXTD: ✓ (no splits)
[12756/19601] NXTG: ✓ (no splits)
[12757/19601] NXTI: ✓ (no splits)
[12758/19601] NXTT: ✓ (1 split(s))
[12759/19601] NXTV: ✓ (no splits)
[12760/19601] NXTP: ✓ (1 split(s))
[12761/19601] NXU: ✓ (2 split(s))
[12762/19601] NXU.U: ✓ (no splits)
[12763/19601] NXU.WS: ✓ (no splits)
[12764/19601] NXUS: ✓ (no splits)
[12765/19601] NXXT: ✓ (no splits)
[12766/19601] NYAX: ✓ (1 split(s))
[12767/19601] NYCB: ✓ (1 split(s))
[12768/19601] NYC: ✓ (1 split(s))
[12769/19601] NYCBpA: ✓ (no splits)
[12770/19601] NYCBpU: ✓ (no splits)
[12771/19601] NYM: ✓ (no splits)
[12772/19601] NYF: ✓ (no splits)
[12773/19601] NYMT: ✓ (1 split(s))
[12774/19601] NYMTH: ✓ (no splits)
[12775/19601] NYMTG: ✓ (no splits)
[12776/19601] NYMTI: ✓ (no splits)
[12777/19601] NYMTL: ✓ (no splits)
[12778/19601] NYMTM: ✓ (no splits)
[12779/19601] NYMTN: ✓ (no splits)
[12780/19601] NYMTO: ✓ (no splits)
[12781/19601] NYMTP: ✓ (no splits)
[12782/19601] NYMTZ: ✓ (no splits)
[12783/19601] NYT: ✓ (no splits)
[12784/19601] NYMX: ✓ (no splits)
[12785/19601] NYV: ✓ (no splits)
[12786/19601] NYXH: ✓ (no splits)
[12787/19601] NZAC: ✓ (no splits)
[12788/19601] NZRO: ✓ (no splits)
[12789/19601] NZF: ✓ (no splits)
[12790/19601] NZUS: ✓ (no splits)
[12791/19601] OABI: ✓ (no splits)
[12792/19601] O: ✓ (no splits)
[12793/19601] OABIV: ✓ (no splits)
[12794/19601] OABIW: ✓ (no splits)
[12795/19601] OAC: ✓ (no splits)
[12796/19601] OAC.U: ✓ (no splits)
[12797/19601] OAC.WS: ✓ (no splits)
[12798/19601] OACB: ✓ (no splits)
[12799/19601] OACB.U: ✓ (no splits)
[12800/19601] OACB.WS: ✓ (no splits)
[12801/19601] OACC: ✓ (no splits)
[12802/19601] OACCU: ✓ (no splits)
[12803/19601] OACP: ✓ (no splits)
[12804/19601] OACCW: ✓ (no splits)
[12805/19601] OAEM: ✓ (no splits)
[12806/19601] OAIA: ✓ (no splits)
[12807/19601] OAIB: ✓ (no splits)
[12808/19601] OAIE: ✓ (no splits)
[12809/19601] OAIM: ✓ (no splits)
[12810/19601] OAKM: ✓ (no splits)
[12811/19601] OAKU: ✓ (no splits)
[12812/19601] OAKUR: ✓ (no splits)
[12813/19601] OAKUU: ✓ (no splits)
[12814/19601] OAKpA: ✓ (no splits)
[12815/19601] OAKUW: ✓ (no splits)
[12816/19601] OALC: ✓ (no splits)
[12817/19601] OAKpB: ✓ (no splits)
[12818/19601] OARK: ✓ (1 split(s))
[12819/19601] OASC: ✓ (no splits)
[12820/19601] OAS: ✓ (no splits)
[12821/19601] OB: ✓ (no splits)
[12822/19601] OBA: ✓ (no splits)
[12823/19601] OBAWU: ✓ (no splits)
[12824/19601] OBAS: ✓ (no splits)
[12825/19601] OBAWW: ✓ (no splits)
[12826/19601] OBCI: ✓ (no splits)
[12827/19601] OBDC: ✓ (no splits)
[12828/19601] OBDE: ✓ (no splits)
[12829/19601] OBE: ✓ (no splits)
[12830/19601] OBIL: ✓ (no splits)
[12831/19601] OBIO: ✓ (no splits)
[12832/19601] OBK: ✓ (no splits)
[12833/19601] OBLG: ✓ (2 split(s))
[12834/19601] OBLN: ✓ (1 split(s))
[12835/19601] OBND: ✓ (no splits)
[12836/19601] OBOR: ✓ (no splits)
[12837/19601] OBNK: ✓ (no splits)
[12838/19601] OBSV: ✓ (no splits)
[12839/19601] OC: ✓ (no splits)
[12840/19601] OCA: ✓ (no splits)
[12841/19601] OBT: ✓ (1 split(s))
[12842/19601] OCA.U: ✓ (no splits)
[12843/19601] OCA.WS: ✓ (no splits)
[12844/19601] OCAX: ✓ (no splits)
[12845/19601] OCAXU: ✓ (no splits)
[12846/19601] OCAXW: ✓ (no splits)
[12847/19601] OCCI: ✓ (2 split(s))
[12848/19601] OCCIN: ✓ (no splits)
[12849/19601] OCC: ✓ (no splits)
[12850/19601] OCCIM: ✓ (no splits)
[12851/19601] OCCIO: ✓ (no splits)
[12852/19601] OCCIP: ✓ (no splits)
[12853/19601] OCDX: ✓ (no splits)
[12854/19601] OCEA: ✓ (no splits)
[12855/19601] OCEAW: ✓ (no splits)
[12856/19601] OCEN: ✓ (no splits)
[12857/19601] OCFC: ✓ (no splits)
[12858/19601] OCFCP: ✓ (no splits)
[12859/19601] OCFS: ✓ (no splits)
[12860/19601] OCFT: ✓ (1 split(s))
[12861/19601] OCGN: ✓ (no splits)
[12862/19601] OCG: ✓ (1 split(s))
[12863/19601] OCIO: ✓ (no splits)
[12864/19601] OCN: ✓ (no splits)
[12865/19601] OCS: ✓ (no splits)
[12866/19601] OCSAW: ✓ (no splits)
[12867/19601] OCSI: ✓ (no splits)
[12868/19601] OCTA: ✓ (no splits)
[12869/19601] OCSL: ✓ (1 split(s))
[12870/19601] OCTB: ✓ (no splits)
[12871/19601] OCTH: ✓ (no splits)
[12872/19601] OCTD: ✓ (no splits)
[12873/19601] OCTJ: ✓ (no splits)
[12874/19601] OCTO: ✓ (1 split(s))
[12875/19601] OCTM: ✓ (no splits)
[12876/19601] OCTP: ✓ (no splits)
[12877/19601] OCTQ: ✓ (no splits)
[12878/19601] OCTT: ✓ (no splits)
[12879/19601] OCTU: ✓ (no splits)
[12880/19601] OCUL: ✓ (no splits)
[12881/19601] OCTW: ✓ (no splits)
[12882/19601] OCTZ: ✓ (no splits)
[12883/19601] OCUP: ✓ (no splits)
[12884/19601] OCX: ✓ (1 split(s))
[12885/19601] ODC: ✓ (1 split(s))
[12886/19601] ODD: ✓ (no splits)
[12887/19601] ODDS: ✓ (no splits)
[12888/19601] ODP: ✓ (no splits)
[12889/19601] ODHY: ✓ (no splits)
[12890/19601] ODFL: ✓ (1 split(s))
[12891/19601] ODT: ✓ (no splits)
[12892/19601] ODV: ✓ (1 split(s))
[12893/19601] ODVWW: ✓ (no splits)
[12894/19601] ODVWZ: ✓ (no splits)
[12895/19601] ODYS: ✓ (no splits)
[12896/19601] OEC: ✓ (no splits)
[12897/19601] OEF: ✓ (no splits)
[12898/19601] OEFA: ✓ (no splits)
[12899/19601] OEG: ✓ (no splits)
[12900/19601] OEI: ✓ (no splits)
[12901/19601] OEPWU: ✓ (no splits)
[12902/19601] OEPWW: ✓ (no splits)
[12903/19601] OEPW: ✓ (no splits)
[12904/19601] OESX: ✓ (1 split(s))
[12905/19601] OEUR: ✓ (no splits)
[12906/19601] OFAL: ✓ (no splits)
[12907/19601] OFC: ✓ (no splits)
[12908/19601] OFED: ✓ (no splits)
[12909/19601] OFG: ✓ (no splits)
[12910/19601] OFGpA: ✓ (no splits)
[12911/19601] OFGpD: ✓ (no splits)
[12912/19601] OFGpB: ✓ (no splits)
[12913/19601] OFIX: ✓ (no splits)
[12914/19601] OFLX: ✓ (no splits)
[12915/19601] OFSSG: ✓ (no splits)
[12916/19601] OFOS: ✓ (no splits)
[12917/19601] OFS: ✓ (no splits)
[12918/19601] OFSSH: ✓ (no splits)
[12919/19601] OFSSI: ✓ (no splits)
[12920/19601] OFSSL: ✓ (no splits)
[12921/19601] OFSSZ: ✓ (no splits)
[12922/19601] OFSSO: ✓ (no splits)
[12923/19601] OG: ✓ (no splits)
[12924/19601] OGCP: ✓ (no splits)
[12925/19601] OGE: ✓ (no splits)
[12926/19601] OGEN: ✓ (2 split(s))
[12927/19601] OGI: ✓ (1 split(s))
[12928/19601] OGIG: ✓ (no splits)
[12929/19601] OGNw: ✓ (no splits)
[12930/19601] OGN: ✓ (no splits)
[12931/19601] OGS: ✓ (no splits)
[12932/19601] OGSP: ✓ (no splits)
[12933/19601] OHAA: ✓ (no splits)
[12934/19601] OHAAU: ✓ (no splits)
[12935/19601] OHI: ✓ (no splits)
[12936/19601] OHAAW: ✓ (no splits)
[12937/19601] OHPA: ✓ (no splits)
[12938/19601] OHPAW: ✓ (no splits)
[12939/19601] OHPAU: ✓ (no splits)
[12940/19601] OI: ✓ (no splits)
[12941/19601] OIA: ✓ (no splits)
[12942/19601] OIBR.C: ✓ (no splits)
[12943/19601] OIG: ✓ (1 split(s))
[12944/19601] OIIM: ✓ (no splits)
[12945/19601] OIH: ✓ (no splits)
[12946/19601] OII: ✓ (no splits)
[12947/19601] OIL: ✓ (no splits)
[12948/19601] OILT: ✓ (no splits)
[12949/19601] OILD: ✓ (1 split(s))
[12950/19601] OILK: ✓ (no splits)
[12951/19601] OILU: ✓ (no splits)
[12952/19601] OIS: ✓ (no splits)
[12953/19601] OKE: ✓ (no splits)
[12954/19601] OKLL: ✓ (no splits)
[12955/19601] OKLO: ✓ (no splits)
[12956/19601] OKTA: ✓ (no splits)
[12957/19601] OKLS: ✓ (no splits)
[12958/19601] OKTX: ✓ (no splits)
[12959/19601] OKTG: ✓ (no splits)
[12960/19601] OKUR: ✓ (no splits)
[12961/19601] OKYO: ✓ (no splits)
[12962/19601] OLB: ✓ (1 split(s))
[12963/19601] OLD: ✓ (no splits)
[12964/19601] OLED: ✓ (no splits)
[12965/19601] OLIT: ✓ (no splits)
[12966/19601] OLITU: ✓ (no splits)
[12967/19601] OLITW: ✓ (no splits)
[12968/19601] OLK: ✓ (no splits)
[12969/19601] OLLI: ✓ (no splits)
[12970/19601] OLMA: ✓ (no splits)
[12971/19601] OLN: ✓ (no splits)
[12972/19601] OLO: ✓ (no splits)
[12973/19601] OLP: ✓ (no splits)
[12974/19601] OLPX: ✓ (no splits)
[12975/19601] OM: ✓ (1 split(s))
[12976/19601] OMAB: ✓ (no splits)
[12977/19601] OMAH: ✓ (no splits)
[12978/19601] OMC: ✓ (no splits)
[12979/19601] OMCC: ✓ (no splits)
[12980/19601] OMCL: ✓ (no splits)
[12981/19601] OMDA: ✓ (no splits)
[12982/19601] OMEG: ✓ (no splits)
[12983/19601] OMER: ✓ (no splits)
[12984/19601] OMEX: ✓ (no splits)
[12985/19601] OMFL: ✓ (no splits)
[12986/19601] OMF: ✓ (no splits)
[12987/19601] OMFS: ✓ (no splits)
[12988/19601] OMGA: ✓ (no splits)
[12989/19601] OMI: ✓ (no splits)
[12990/19601] OMH: ✓ (1 split(s))
[12991/19601] OMIC: ✓ (1 split(s))
[12992/19601] OMP: ✓ (no splits)
[12993/19601] OMQS: ✓ (no splits)
[12994/19601] OMSE: ✓ (no splits)
[12995/19601] ON: ✓ (no splits)
[12996/19601] ONB: ✓ (no splits)
[12997/19601] ONBPO: ✓ (no splits)
[12998/19601] ONC: ✓ (no splits)
[12999/19601] ONBPP: ✓ (no splits)
[13000/19601] ONCH: ✓ (no splits)
  → Checkpoint saved: 1611 splits so far
[13001/19601] ONCHU: ✓ (no splits)
[13002/19601] ONCHW: ✓ (no splits)
[13003/19601] ONCO: ✓ (2 split(s))
[13004/19601] ONCR: ✓ (no splits)
[13005/19601] ONCT: ✓ (1 split(s))
[13006/19601] ONCY: ✓ (no splits)
[13007/19601] ONCS: ✓ (1 split(s))
[13008/19601] OND: ✓ (no splits)
[13009/19601] ONE: ✓ (no splits)
[13010/19601] ONDS: ✓ (no splits)
[13011/19601] ONEG: ✓ (no splits)
[13012/19601] ONEM: ✓ (no splits)
[13013/19601] ONEO: ✓ (no splits)
[13014/19601] ONEQ: ✓ (1 split(s))
[13015/19601] ONEV: ✓ (no splits)
[13016/19601] ONEW: ✓ (no splits)
[13017/19601] ONEY: ✓ (no splits)
[13018/19601] ONEZ: ✓ (no splits)
[13019/19601] ONFO: ✓ (1 split(s))
[13020/19601] ONFOW: ✓ (no splits)
[13021/19601] ONG: ✓ (no splits)
[13022/19601] ONIT: ✓ (no splits)
[13023/19601] ONL: ✓ (no splits)
[13024/19601] ONLN: ✓ (no splits)
[13025/19601] ONLw: ✓ (no splits)
[13026/19601] ONMD: ✓ (no splits)
[13027/19601] ONMDW: ✓ (no splits)
[13028/19601] ONOF: ✓ (no splits)
[13029/19601] ONON: ✓ (no splits)
[13030/19601] ONTF: ✓ (no splits)
[13031/19601] ONTO: ✓ (no splits)
[13032/19601] ONTXW: ✓ (no splits)
[13033/19601] ONTX: ✓ (1 split(s))
[13034/19601] ONVO: ✓ (1 split(s))
[13035/19601] ONYX: ✓ (no splits)
[13036/19601] ONYXU: ✓ (no splits)
[13037/19601] ONYXW: ✓ (no splits)
[13038/19601] OOMA: ✓ (no splits)
[13039/19601] OOQB: ✓ (no splits)
[13040/19601] OOSB: ✓ (no splits)
[13041/19601] OOSP: ✓ (no splits)
[13042/19601] OOTO: ✓ (no splits)
[13043/19601] OP: ✓ (3 split(s))
[13044/19601] OPA: ✓ (no splits)
[13045/19601] OPA.U: ✓ (no splits)
[13046/19601] OPA.WS: ✓ (no splits)
[13047/19601] OPAD: ✓ (1 split(s))
[13048/19601] OPAD.WS: ✓ (no splits)
[13049/19601] OPALW: ✓ (no splits)
[13050/19601] OPAL: ✓ (no splits)
[13051/19601] OPBK: ✓ (no splits)
[13052/19601] OPCH: ✓ (no splits)
[13053/19601] OPEN: ✓ (1 split(s))
[13054/19601] OPENL: ✓ (no splits)
[13055/19601] OPENW: ✓ (no splits)
[13056/19601] OPENZ: ✓ (no splits)
[13057/19601] OPER: ✓ (no splits)
[13058/19601] OPES: ✓ (no splits)
[13059/19601] OPESU: ✓ (no splits)
[13060/19601] OPESW: ✓ (no splits)
[13061/19601] OPEX: ✓ (no splits)
[13062/19601] OPFI: ✓ (no splits)
[13063/19601] OPFI.WS: ✓ (no splits)
[13064/19601] OPGN: ✓ (2 split(s))
[13065/19601] OPI: ✓ (no splits)
[13066/19601] OPHC: ✓ (no splits)
[13067/19601] OPINI: ✓ (no splits)
[13068/19601] OPINL: ✓ (no splits)
[13069/19601] OPNT: ✓ (no splits)
[13070/19601] OPK: ✓ (no splits)
[13071/19601] OPOF: ✓ (no splits)
[13072/19601] OPP: ✓ (no splits)
[13073/19601] OPPE: ✓ (no splits)
[13074/19601] OPPJ: ✓ (no splits)
[13075/19601] OPPX: ✓ (no splits)
[13076/19601] OPPpA: ✓ (no splits)
[13077/19601] OPPpB: ✓ (no splits)
[13078/19601] OPPpC: ✓ (no splits)
[13079/19601] OPPr: ✓ (no splits)
[13080/19601] OPPrw: ✓ (no splits)
[13081/19601] OPRA: ✓ (no splits)
[13082/19601] OPRT: ✓ (no splits)
[13083/19601] OPRX: ✓ (no splits)
[13084/19601] OPT: ✓ (no splits)
[13085/19601] OPTN: ✓ (1 split(s))
[13086/19601] OPTT: ✓ (no splits)
[13087/19601] OPTU: ✓ (no splits)
[13088/19601] OPTX: ✓ (no splits)
[13089/19601] OPTXW: ✓ (no splits)
[13090/19601] OPTZ: ✓ (no splits)
[13091/19601] OPXS: ✓ (no splits)
[13092/19601] OPY: ✓ (no splits)
[13093/19601] OR: ✓ (no splits)
[13094/19601] ORA: ✓ (no splits)
[13095/19601] ORAN: ✓ (no splits)
[13096/19601] ORBC: ✓ (no splits)
[13097/19601] ORBS: ✓ (no splits)
[13098/19601] ORCC: ✓ (no splits)
[13099/19601] ORC: ✓ (1 split(s))
[13100/19601] ORCL: ✓ (no splits)
[13101/19601] ORCS: ✓ (no splits)
[13102/19601] ORCU: ✓ (no splits)
[13103/19601] ORCX: ✓ (no splits)
[13104/19601] ORFN: ✓ (no splits)
[13105/19601] ORGNW: ✓ (no splits)
[13106/19601] ORGN: ✓ (no splits)
[13107/19601] ORGO: ✓ (no splits)
[13108/19601] ORGS: ✓ (1 split(s))
[13109/19601] ORIA: ✓ (no splits)
[13110/19601] ORI: ✓ (no splits)
[13111/19601] ORIAU: ✓ (no splits)
[13112/19601] ORIAW: ✓ (no splits)
[13113/19601] ORIC: ✓ (no splits)
[13114/19601] ORIQ: ✓ (no splits)
[13115/19601] ORIQU: ✓ (no splits)
[13116/19601] ORIQW: ✓ (no splits)
[13117/19601] ORIS: ✓ (no splits)
[13118/19601] ORKT: ✓ (1 split(s))
[13119/19601] ORKA: ✓ (no splits)
[13120/19601] ORLA: ✓ (no splits)
[13121/19601] ORLY: ✓ (1 split(s))
[13122/19601] ORMP: ✓ (no splits)
[13123/19601] ORO: ✓ (no splits)
[13124/19601] ORN: ✓ (no splits)
[13125/19601] ORPH: ✓ (no splits)
[13126/19601] ORR: ✓ (no splits)
[13127/19601] ORTX: ✓ (1 split(s))
[13128/19601] ORRF: ✓ (no splits)
[13129/19601] OS: ✓ (no splits)
[13130/19601] OSA: ✓ (no splits)
[13131/19601] OSATW: ✓ (no splits)
[13132/19601] OSAAW: ✓ (no splits)
[13133/19601] OSAT: ✓ (1 split(s))
[13134/19601] OSB: ✓ (no splits)
[13135/19601] OSBC: ✓ (no splits)
[13136/19601] OSCG: ✓ (no splits)
[13137/19601] OSCR: ✓ (no splits)
[13138/19601] OSCV: ✓ (no splits)
[13139/19601] OSCX: ✓ (no splits)
[13140/19601] OSEA: ✓ (no splits)
[13141/19601] OSG: ✓ (no splits)
[13142/19601] OSH: ✓ (no splits)
[13143/19601] OSI: ✓ (no splits)
[13144/19601] OSI.U: ✓ (no splits)
[13145/19601] OSI.WS: ✓ (no splits)
[13146/19601] OSIS: ✓ (no splits)
[13147/19601] OSMT: ✓ (no splits)
[13148/19601] OSK: ✓ (no splits)
[13149/19601] OSN: ✓ (no splits)
[13150/19601] OSPN: ✓ (no splits)
[13151/19601] OSRHW: ✓ (no splits)
[13152/19601] OSRH: ✓ (no splits)
[13153/19601] OSS: ✓ (no splits)
[13154/19601] OST: ✓ (2 split(s))
[13155/19601] OSTK: ✓ (no splits)
[13156/19601] OSTR: ✓ (no splits)
[13157/19601] OSTRU: ✓ (no splits)
[13158/19601] OSTRW: ✓ (no splits)
[13159/19601] OSUR: ✓ (no splits)
[13160/19601] OSTX: ✓ (no splits)
[13161/19601] OSW: ✓ (no splits)
[13162/19601] OTEC: ✓ (no splits)
[13163/19601] OTECU: ✓ (no splits)
[13164/19601] OTECW: ✓ (no splits)
[13165/19601] OTEL: ✓ (no splits)
[13166/19601] OTEX: ✓ (no splits)
[13167/19601] OTGA: ✓ (no splits)
[13168/19601] OTF: ✓ (no splits)
[13169/19601] OTGAU: ✓ (no splits)
[13170/19601] OTGAW: ✓ (no splits)
[13171/19601] OTGL: ✓ (no splits)
[13172/19601] OTIC: ✓ (no splits)
[13173/19601] OTH: ✓ (no splits)
[13174/19601] OTIS: ✓ (no splits)
[13175/19601] OTLK: ✓ (1 split(s))
[13176/19601] OTLKW: ✓ (no splits)
[13177/19601] OTLY: ✓ (1 split(s))
[13178/19601] OTMO: ✓ (1 split(s))
[13179/19601] OTMOW: ✓ (no splits)
[13180/19601] OTRA: ✓ (no splits)
[13181/19601] OTRAU: ✓ (no splits)
[13182/19601] OTRAW: ✓ (no splits)
[13183/19601] OTRKP: ✓ (no splits)
[13184/19601] OTRK: ✓ (2 split(s))
[13185/19601] OTTR: ✓ (no splits)
[13186/19601] OUNZ: ✓ (no splits)
[13187/19601] OUST.WS.A: ✓ (no splits)
[13188/19601] OUSTW: ✓ (no splits)
[13189/19601] OUST.WS: ✓ (no splits)
[13190/19601] OUT: ✓ (2 split(s))
[13191/19601] OVB: ✓ (no splits)
[13192/19601] OVBC: ✓ (no splits)
[13193/19601] OUST: ✓ (1 split(s))
[13194/19601] OUSM: ✓ (no splits)
[13195/19601] OVLY: ✓ (no splits)
[13196/19601] OVM: ✓ (no splits)
[13197/19601] OVLH: ✓ (no splits)
[13198/19601] OVL: ✓ (no splits)
[13199/19601] OVID: ✓ (no splits)
[13200/19601] OUSA: ✓ (no splits)
[13201/19601] OVV: ✓ (no splits)
[13202/19601] OVT: ✓ (no splits)
[13203/19601] OVF: ✓ (no splits)
[13204/19601] OVS: ✓ (no splits)
[13205/19601] OUSTZ: ✓ (no splits)
[13206/19601] OWL: ✓ (no splits)
[13207/19601] OWL.WS: ✓ (no splits)
[13208/19601] OWLS: ✓ (no splits)
[13209/19601] OWNB: ✓ (no splits)
[13210/19601] OXAC: ✓ (no splits)
[13211/19601] OWNS: ✓ (no splits)
[13212/19601] OWLT: ✓ (1 split(s))
[13213/19601] OXLCM: ✓ (no splits)
[13214/19601] OXLCI: ✓ (no splits)
[13215/19601] OXFD: ✓ (no splits)
[13216/19601] OXLC: ✓ (1 split(s))
[13217/19601] OXLCP: ✓ (no splits)
[13218/19601] OXACU: ✓ (no splits)
[13219/19601] OXACW: ✓ (no splits)
[13220/19601] OXLCL: ✓ (no splits)
[13221/19601] OXBR: ✓ (no splits)
[13222/19601] OXLCN: ✓ (no splits)
[13223/19601] OWLT.WS: ✓ (no splits)
[13224/19601] OXLCO: ✓ (no splits)
[13225/19601] OXBRW: ✓ (no splits)
[13226/19601] OXLCG: ✓ (no splits)
[13227/19601] OXLCZ: ✓ (no splits)
[13228/19601] OXSQ: ✓ (no splits)
[13229/19601] OXSQH: ✓ (no splits)
[13230/19601] OXM: ✓ (no splits)
[13231/19601] OXSQZ: ✓ (no splits)
[13232/19601] OXSQL: ✓ (no splits)
[13233/19601] OYSE: ✓ (no splits)
[13234/19601] OXY: ✓ (no splits)
[13235/19601] OXSQG: ✓ (no splits)
[13236/19601] OYSEU: ✓ (no splits)
[13237/19601] OYSER: ✓ (no splits)
[13238/19601] OZK: ✓ (no splits)
[13239/19601] OYST: ✓ (no splits)
[13240/19601] OZKAP: ✓ (no splits)
[13241/19601] OXY.WS: ✓ (no splits)
[13242/19601] OXUSU: ✓ (no splits)
[13243/19601] OZ: ✓ (no splits)
[13244/19601] OZEM: ✓ (no splits)
[13245/19601] OZON: ✓ (no splits)
[13246/19601] Op: ✓ (no splits)
[13247/19601] OXSQR: ✓ (no splits)
[13248/19601] PAA: ✓ (no splits)
[13249/19601] OXUS: ✓ (no splits)
[13250/19601] OXUSW: ✓ (no splits)
[13251/19601] PAAS: ✓ (no splits)
[13252/19601] PABU: ✓ (no splits)
[13253/19601] PACHU: ✓ (no splits)
[13254/19601] PACE.WS: ✓ (no splits)
[13255/19601] PACK: ✓ (no splits)
[13256/19601] PABD: ✓ (no splits)
[13257/19601] PACE.U: ✓ (no splits)
[13258/19601] PACH: ✓ (no splits)
[13259/19601] PACI: ✓ (no splits)
[13260/19601] PACI.U: ✓ (no splits)
[13261/19601] PAAA: ✓ (no splits)
[13262/19601] PACWP: ✓ (no splits)
[13263/19601] PAB: ✓ (no splits)
[13264/19601] PACW: ✓ (no splits)
[13265/19601] PAC: ✓ (no splits)
[13266/19601] PACE: ✓ (no splits)
[13267/19601] PACHW: ✓ (no splits)
[13268/19601] PACI.WS: ✓ (no splits)
[13269/19601] PACS: ✓ (no splits)
[13270/19601] PACB: ✓ (no splits)
[13271/19601] PACX: ✓ (no splits)
[13272/19601] PACXU: ✓ (no splits)
[13273/19601] PAFO: ✓ (no splits)
[13274/19601] PAG: ✓ (no splits)
[13275/19601] PAE: ✓ (no splits)
[13276/19601] PAFOU: ✓ (no splits)
[13277/19601] PAEWW: ✓ (no splits)
[13278/19601] PAFOR: ✓ (no splits)
[13279/19601] PAIC: ✓ (no splits)
[13280/19601] PAHC: ✓ (no splits)
[13281/19601] PAGP: ✓ (no splits)
[13282/19601] PACXW: ✓ (no splits)
[13283/19601] PAII.U: ✓ (no splits)
[13284/19601] PAII: ✓ (no splits)
[13285/19601] PAK: ✓ (no splits)
[13286/19601] PAI: ✓ (no splits)
[13287/19601] PAICW: ✓ (no splits)
[13288/19601] PAL: ✓ (no splits)
[13289/19601] PALC: ✓ (no splits)
[13290/19601] PAII.WS: ✓ (no splits)
[13291/19601] PAICU: ✓ (no splits)
[13292/19601] PAGS: ✓ (no splits)
[13293/19601] PALD: ✓ (no splits)
[13294/19601] PALI: ✓ (2 split(s))
[13295/19601] PALT: ✓ (no splits)
[13296/19601] PAM: ✓ (no splits)
[13297/19601] PAMT: ✓ (no splits)
[13298/19601] PALL: ✓ (no splits)
[13299/19601] PAMC: ✓ (no splits)
[13300/19601] PANA.U: ✓ (no splits)
[13301/19601] PALU: ✓ (no splits)
[13302/19601] PANA: ✓ (no splits)
[13303/19601] PAND: ✓ (no splits)
[13304/19601] PAPI: ✓ (no splits)
[13305/19601] PAPL: ✓ (no splits)
[13306/19601] PAQCW: ✓ (no splits)
[13307/19601] PANG: ✓ (no splits)
[13308/19601] PANL: ✓ (no splits)
[13309/19601] PAQC: ✓ (no splits)
[13310/19601] PAPR: ✓ (no splits)
[13311/19601] PANA.WS: ✓ (no splits)
[13312/19601] PAR: ✓ (no splits)
[13313/19601] PARAA: ✓ (no splits)
[13314/19601] PARK: ✓ (no splits)
[13315/19601] PARR: ✓ (no splits)
[13316/19601] PATI: ✓ (no splits)
[13317/19601] PANW: ✓ (2 split(s))
[13318/19601] PASG: ✓ (1 split(s))
[13319/19601] PARAP: ✓ (no splits)
[13320/19601] PASW: ✓ (no splits)
[13321/19601] PAQCU: ✓ (no splits)
[13322/19601] PATK: ✓ (1 split(s))
[13323/19601] PATN: ✓ (no splits)
[13324/19601] PATH: ✓ (no splits)
[13325/19601] PAVMW: ✓ (no splits)
[13326/19601] PAVS: ✓ (1 split(s))
[13327/19601] PAUG: ✓ (no splits)
[13328/19601] PARA: ✓ (no splits)
[13329/19601] PAWZ: ✓ (no splits)
[13330/19601] PAX: ✓ (no splits)
[13331/19601] PAVM: ✓ (1 split(s))
[13332/19601] PAVE: ✓ (no splits)
[13333/19601] PAY: ✓ (no splits)
[13334/19601] PAYA: ✓ (no splits)
[13335/19601] PAYO: ✓ (no splits)
[13336/19601] PAYC: ✓ (no splits)
[13337/19601] PAXS: ✓ (no splits)
[13338/19601] PAYAW: ✓ (no splits)
[13339/19601] PAYOW: ✓ (no splits)
[13340/19601] PAYR: ✓ (no splits)
[13341/19601] PAYX: ✓ (no splits)
[13342/19601] PAYS: ✓ (no splits)
[13343/19601] PB: ✓ (no splits)
[13344/19601] PBA: ✓ (no splits)
[13345/19601] PBAP: ✓ (no splits)
[13346/19601] PBAU: ✓ (no splits)
[13347/19601] PAVMZ: ✓ (no splits)
[13348/19601] PBAX: ✓ (no splits)
[13349/19601] PBAXU: ✓ (no splits)
[13350/19601] PBBK: ✓ (no splits)
[13351/19601] PBAXW: ✓ (no splits)
[13352/19601] PBB: ✓ (no splits)
[13353/19601] PBC: ✓ (no splits)
[13354/19601] PBCT: ✓ (no splits)
[13355/19601] PBCTP: ✓ (no splits)
[13356/19601] PBD: ✓ (no splits)
[13357/19601] PBDC: ✓ (no splits)
[13358/19601] PBDM: ✓ (no splits)
[13359/19601] PBDE: ✓ (no splits)
[13360/19601] PBF: ✓ (no splits)
[13361/19601] PBEU: ✓ (no splits)
[13362/19601] PBFR: ✓ (no splits)
[13363/19601] PBFS: ✓ (no splits)
[13364/19601] PBFB: ✓ (no splits)
[13365/19601] PBI: ✓ (no splits)
[13366/19601] PBHC: ✓ (no splits)
[13367/19601] PBIpB: ✓ (no splits)
[13368/19601] PBE: ✓ (no splits)
[13369/19601] PBJN: ✓ (no splits)
[13370/19601] PBJ: ✓ (no splits)
[13371/19601] PBL: ✓ (no splits)
[13372/19601] PBIP: ✓ (no splits)
[13373/19601] PBFX: ✓ (no splits)
[13374/19601] PBLA: ✓ (3 split(s))
[13375/19601] PBEE: ✓ (no splits)
[13376/19601] PBH: ✓ (no splits)
[13377/19601] PBM: ✓ (2 split(s))
[13378/19601] PBMR: ✓ (no splits)
[13379/19601] PBJA: ✓ (no splits)
[13380/19601] PBMWW: ✓ (no splits)
[13381/19601] PBND: ✓ (no splits)
[13382/19601] PBJL: ✓ (no splits)
[13383/19601] PBMY: ✓ (no splits)
[13384/19601] PBP: ✓ (no splits)
[13385/19601] PBOT: ✓ (no splits)
[13386/19601] PBOC: ✓ (no splits)
[13387/19601] PBPH: ✓ (no splits)
[13388/19601] PBPB: ✓ (no splits)
[13389/19601] PBR: ✓ (no splits)
[13390/19601] PBNV: ✓ (no splits)
[13391/19601] PBOG: ✓ (no splits)
[13392/19601] PBS: ✓ (no splits)
[13393/19601] PBSE: ✓ (no splits)
[13394/19601] PBSM: ✓ (no splits)
[13395/19601] PBUG: ✓ (no splits)
[13396/19601] PBTP: ✓ (no splits)
[13397/19601] PBUS: ✓ (no splits)
[13398/19601] PBTS: ✓ (2 split(s))
[13399/19601] PBY: ✓ (no splits)
[13400/19601] PBR.A: ✓ (no splits)
[13401/19601] PBQQ: ✓ (no splits)
[13402/19601] PC: ✓ (1 split(s))
[13403/19601] PBT: ✓ (no splits)
[13404/19601] PBYI: ✓ (no splits)
[13405/19601] PCAP: ✓ (no splits)
[13406/19601] PCAPU: ✓ (no splits)
[13407/19601] PCAR: ✓ (1 split(s))
[13408/19601] PCB: ✓ (no splits)
[13409/19601] PCCE: ✓ (no splits)
[13410/19601] PCAPW: ✓ (no splits)
[13411/19601] PBW: ✓ (no splits)
[13412/19601] PCCTU: ✓ (no splits)
[13413/19601] PCEF: ✓ (no splits)
[13414/19601] PCCTW: ✓ (no splits)
[13415/19601] PCCT: ✓ (no splits)
[13416/19601] PCEM: ✓ (no splits)
[13417/19601] PCF: ✓ (no splits)
[13418/19601] PCG: ✓ (no splits)
[13419/19601] PCFI: ✓ (no splits)
[13420/19601] PCGpC: ✓ (no splits)
[13421/19601] PCGpE: ✓ (no splits)
[13422/19601] PCGG: ✓ (no splits)
[13423/19601] PCGpA: ✓ (no splits)
[13424/19601] PCGpD: ✓ (no splits)
[13425/19601] PCGpH: ✓ (no splits)
[13426/19601] PCGpX: ✓ (no splits)
[13427/19601] PCGpI: ✓ (no splits)
[13428/19601] PCGU: ✓ (no splits)
[13429/19601] PCH: ✓ (no splits)
[13430/19601] PCGpG: ✓ (no splits)
[13431/19601] PCK: ✓ (no splits)
[13432/19601] PCGpB: ✓ (no splits)
[13433/19601] PCL: ✓ (no splits)
[13434/19601] PCI: ✓ (no splits)
[13435/19601] PCIG: ✓ (no splits)
[13436/19601] PCLO: ✓ (no splits)
[13437/19601] PCLA: ✓ (no splits)
[13438/19601] PCMM: ✓ (no splits)
[13439/19601] PCHI: ✓ (no splits)
[13440/19601] PCLG: ✓ (no splits)
[13441/19601] PCOM: ✓ (no splits)
[13442/19601] PCPC: ✓ (no splits)
[13443/19601] PCM: ✓ (no splits)
[13444/19601] PCPL: ✓ (no splits)
[13445/19601] PCN: ✓ (no splits)
[13446/19601] PCPC.U: ✓ (no splits)
[13447/19601] PCPL.U: ✓ (no splits)
[13448/19601] PCQ: ✓ (no splits)
[13449/19601] PCLN: ✓ (no splits)
[13450/19601] PCPC.WS: ✓ (no splits)
[13451/19601] PCRB: ✓ (no splits)
[13452/19601] PCPL.WS: ✓ (no splits)
[13453/19601] PCR: ✓ (no splits)
[13454/19601] PCRX: ✓ (no splits)
[13455/19601] PCSA: ✓ (1 split(s))
[13456/19601] PCS: ✓ (no splits)
[13457/19601] PCSB: ✓ (no splits)
[13458/19601] PCT: ✓ (no splits)
[13459/19601] PCTI: ✓ (no splits)
[13460/19601] PCVX: ✓ (no splits)
[13461/19601] PCTY: ✓ (no splits)
[13462/19601] PCX: ✓ (no splits)
[13463/19601] PCTTW: ✓ (no splits)
[13464/19601] PCTTU: ✓ (no splits)
[13465/19601] PCSC: ✓ (no splits)
[13466/19601] PCXCU: ✓ (no splits)
[13467/19601] PCOR: ✓ (no splits)
[13468/19601] PCXCW: ✓ (no splits)
[13469/19601] PCY: ✓ (no splits)
[13470/19601] PCYG: ✓ (no splits)
[13471/19601] PDAC.WS: ✓ (no splits)
[13472/19601] PD: ✓ (no splits)
[13473/19601] PDBA: ✓ (no splits)
[13474/19601] PDAC.U: ✓ (no splits)
[13475/19601] PDAC: ✓ (no splits)
[13476/19601] PCYO: ✓ (no splits)
[13477/19601] PDBC: ✓ (no splits)
[13478/19601] PDCC: ✓ (no splits)
[13479/19601] PDCE: ✓ (no splits)
[13480/19601] PDD: ✓ (no splits)
[13481/19601] PDEC: ✓ (no splits)
[13482/19601] PDEV: ✓ (no splits)
[13483/19601] PDDL: ✓ (no splits)
[13484/19601] PDCO: ✓ (no splits)
[13485/19601] PDLB: ✓ (no splits)
[13486/19601] PDI: ✓ (no splits)
[13487/19601] PDLI: ✓ (no splits)
[13488/19601] PDEX: ✓ (no splits)
[13489/19601] PDN: ✓ (no splits)
[13490/19601] PDOT: ✓ (no splits)
[13491/19601] PDOT.WS: ✓ (no splits)
[13492/19601] PDP: ✓ (no splits)
[13493/19601] PDPA: ✓ (no splits)
[13494/19601] PDOT.U: ✓ (no splits)
[13495/19601] PDM: ✓ (no splits)
[13496/19601] PDFS: ✓ (no splits)
[13497/19601] PDSB: ✓ (no splits)
[13498/19601] PDT: ✓ (no splits)
[13499/19601] PDO: ✓ (no splits)
[13500/19601] PDYN: ✓ (no splits)
  → Checkpoint saved: 1663 splits so far
[13501/19601] PDS: ✓ (no splits)
[13502/19601] PDYNW: ✓ (no splits)
[13503/19601] PE: ✓ (no splits)
[13504/19601] PEAK: ✓ (no splits)
[13505/19601] PEAR: ✓ (no splits)
[13506/19601] PEARW: ✓ (no splits)
[13507/19601] PDX: ✓ (no splits)
[13508/19601] PEB: ✓ (no splits)
[13509/19601] PEBK: ✓ (no splits)
[13510/19601] PEBpC: ✓ (no splits)
[13511/19601] PEBO: ✓ (no splits)
[13512/19601] PEBpD: ✓ (no splits)
[13513/19601] PEBpE: ✓ (no splits)
[13514/19601] PEBpF: ✓ (no splits)
[13515/19601] PEBpG: ✓ (no splits)
[13516/19601] PEBpH: ✓ (no splits)
[13517/19601] PECK: ✓ (no splits)
[13518/19601] PECO: ✓ (no splits)
[13519/19601] PED: ✓ (no splits)
[13520/19601] PEG: ✓ (no splits)
[13521/19601] PEGA: ✓ (1 split(s))
[13522/19601] PEGRW: ✓ (no splits)
[13523/19601] PEGR: ✓ (no splits)
[13524/19601] PEGRU: ✓ (no splits)
[13525/19601] PEGY: ✓ (3 split(s))
[13526/19601] PEIX: ✓ (no splits)
[13527/19601] PEI: ✓ (1 split(s))
[13528/19601] PEIpB: ✓ (no splits)
[13529/19601] PEIpC: ✓ (no splits)
[13530/19601] PEJ: ✓ (no splits)
[13531/19601] PEIpD: ✓ (no splits)
[13532/19601] PELI: ✓ (no splits)
[13533/19601] PELIR: ✓ (no splits)
[13534/19601] PELIU: ✓ (no splits)
[13535/19601] PEMX: ✓ (no splits)
[13536/19601] PEN: ✓ (no splits)
[13537/19601] PENG: ✓ (no splits)
[13538/19601] PENN: ✓ (no splits)
[13539/19601] PEO: ✓ (1 split(s))
[13540/19601] PEP: ✓ (no splits)
[13541/19601] PEPG: ✓ (no splits)
[13542/19601] PEPLW: ✓ (no splits)
[13543/19601] PEPL: ✓ (no splits)
[13544/19601] PEPLU: ✓ (no splits)
[13545/19601] PEPS: ✓ (no splits)
[13546/19601] PERF: ✓ (no splits)
[13547/19601] PERF.WS: ✓ (no splits)
[13548/19601] PERI: ✓ (no splits)
[13549/19601] PESI: ✓ (no splits)
[13550/19601] PET: ✓ (no splits)
[13551/19601] PETQ: ✓ (no splits)
[13552/19601] PETV: ✓ (1 split(s))
[13553/19601] PETS: ✓ (no splits)
[13554/19601] PETVW: ✓ (no splits)
[13555/19601] PETWW: ✓ (no splits)
[13556/19601] PETZ: ✓ (1 split(s))
[13557/19601] PEV: ✓ (no splits)
[13558/19601] PEVC: ✓ (no splits)
[13559/19601] PEW: ✓ (no splits)
[13560/19601] PEW.WS: ✓ (no splits)
[13561/19601] PEX: ✓ (no splits)
[13562/19601] PEXL: ✓ (no splits)
[13563/19601] PEZ: ✓ (no splits)
[13564/19601] PEY: ✓ (no splits)
[13565/19601] PFAI: ✓ (no splits)
[13566/19601] PFBC: ✓ (no splits)
[13567/19601] PFBI: ✓ (no splits)
[13568/19601] PFC: ✓ (no splits)
[13569/19601] PFD: ✓ (no splits)
[13570/19601] PFDR: ✓ (no splits)
[13571/19601] PFDRU: ✓ (no splits)
[13572/19601] PFDRW: ✓ (no splits)
[13573/19601] PFE: ✓ (no splits)
[13574/19601] PFEB: ✓ (no splits)
[13575/19601] PFEL: ✓ (no splits)
[13576/19601] PFF: ✓ (no splits)
[13577/19601] PFES: ✓ (no splits)
[13578/19601] PFFA: ✓ (no splits)
[13579/19601] PFFD: ✓ (no splits)
[13580/19601] PFFL: ✓ (no splits)
[13581/19601] PFFR: ✓ (no splits)
[13582/19601] PFG: ✓ (no splits)
[13583/19601] PFFV: ✓ (no splits)
[13584/19601] PFGC: ✓ (no splits)
[13585/19601] PFH: ✓ (no splits)
[13586/19601] PFHC: ✓ (no splits)
[13587/19601] PFHD: ✓ (no splits)
[13588/19601] PFI: ✓ (no splits)
[13589/19601] PFIE: ✓ (no splits)
[13590/19601] PFIG: ✓ (no splits)
[13591/19601] PFIN: ✓ (no splits)
[13592/19601] PFIS: ✓ (no splits)
[13593/19601] PFIX: ✓ (no splits)
[13594/19601] PFL: ✓ (no splits)
[13595/19601] PFM: ✓ (no splits)
[13596/19601] PFLD: ✓ (no splits)
[13597/19601] PFLT: ✓ (no splits)
[13598/19601] PFMT: ✓ (no splits)
[13599/19601] PFN: ✓ (no splits)
[13600/19601] PFO: ✓ (no splits)
[13601/19601] PFPT: ✓ (no splits)
[13602/19601] PFRL: ✓ (no splits)
[13603/19601] PFS: ✓ (no splits)
[13604/19601] PFSA: ✓ (no splits)
[13605/19601] PFSI: ✓ (no splits)
[13606/19601] PFSW: ✓ (no splits)
[13607/19601] PFTA: ✓ (no splits)
[13608/19601] PFTAU: ✓ (no splits)
[13609/19601] PFTAW: ✓ (no splits)
[13610/19601] PFUT: ✓ (no splits)
[13611/19601] PFX: ✓ (no splits)
[13612/19601] PFXF: ✓ (no splits)
[13613/19601] PFXNL: ✓ (no splits)
[13614/19601] PFXNZ: ✓ (no splits)
[13615/19601] PGAC: ✓ (no splits)
[13616/19601] PGACR: ✓ (no splits)
[13617/19601] PG: ✓ (no splits)
[13618/19601] PGACU: ✓ (no splits)
[13619/19601] PGAL: ✓ (no splits)
[13620/19601] PGC: ✓ (no splits)
[13621/19601] PGEN: ✓ (no splits)
[13622/19601] PGF: ✓ (no splits)
[13623/19601] PGHL: ✓ (no splits)
[13624/19601] PGHY: ✓ (no splits)
[13625/19601] PGJ: ✓ (no splits)
[13626/19601] PGM: ✓ (no splits)
[13627/19601] PGNY: ✓ (no splits)
[13628/19601] PGP: ✓ (no splits)
[13629/19601] PGR: ✓ (no splits)
[13630/19601] PGRE: ✓ (no splits)
[13631/19601] PGRI: ✓ (no splits)
[13632/19601] PGRO: ✓ (no splits)
[13633/19601] PGRU: ✓ (no splits)
[13634/19601] PGRW: ✓ (no splits)
[13635/19601] PGRWW: ✓ (no splits)
[13636/19601] PGRWU: ✓ (no splits)
[13637/19601] PGSS: ✓ (no splits)
[13638/19601] PGSS.U: ✓ (no splits)
[13639/19601] PGSS.WS: ✓ (no splits)
[13640/19601] PGTI: ✓ (no splits)
[13641/19601] PGX: ✓ (no splits)
[13642/19601] PGY: ✓ (1 split(s))
[13643/19601] PGYWW: ✓ (no splits)
[13644/19601] PH: ✓ (no splits)
[13645/19601] PGZ: ✓ (no splits)
[13646/19601] PHAS: ✓ (no splits)
[13647/19601] PHAT: ✓ (no splits)
[13648/19601] PHAR: ✓ (no splits)
[13649/19601] PHB: ✓ (no splits)
[13650/19601] PHCF: ✓ (1 split(s))
[13651/19601] PHD: ✓ (no splits)
[13652/19601] PHDG: ✓ (no splits)
[13653/19601] PHEQ: ✓ (no splits)
[13654/19601] PHG: ✓ (5 split(s))
[13655/19601] PHGE.U: ✓ (no splits)
[13656/19601] PHGE: ✓ (2 split(s))
[13657/19601] PHGE.WS: ✓ (no splits)
[13658/19601] PHH: ✓ (no splits)
[13659/19601] PHI: ✓ (no splits)
[13660/19601] PHIC: ✓ (no splits)
[13661/19601] PHICU: ✓ (no splits)
[13662/19601] PHICW: ✓ (no splits)
[13663/19601] PHIN: ✓ (no splits)
[13664/19601] PHINw: ✓ (no splits)
[13665/19601] PHIO: ✓ (2 split(s))
[13666/19601] PHIOW: ✓ (no splits)
[13667/19601] PHLT: ✓ (no splits)
[13668/19601] PHK: ✓ (no splits)
[13669/19601] PHM: ✓ (no splits)
[13670/19601] PHO: ✓ (no splits)
[13671/19601] PHOE: ✓ (no splits)
[13672/19601] PHR: ✓ (no splits)
[13673/19601] PHT: ✓ (no splits)
[13674/19601] PHUN: ✓ (1 split(s))
[13675/19601] PHUNW: ✓ (no splits)
[13676/19601] PHVS: ✓ (no splits)
[13677/19601] PHXEp: ✓ (no splits)
[13678/19601] PHX: ✓ (no splits)
[13679/19601] PHYD: ✓ (no splits)
[13680/19601] PHXM: ✓ (1 split(s))
[13681/19601] PHYL: ✓ (no splits)
[13682/19601] PHYS: ✓ (no splits)
[13683/19601] PHYT: ✓ (no splits)
[13684/19601] PHYT.WS: ✓ (no splits)
[13685/19601] PHYT.U: ✓ (no splits)
[13686/19601] PI: ✓ (no splits)
[13687/19601] PIAI: ✓ (no splits)
[13688/19601] PIAI.WS: ✓ (no splits)
[13689/19601] PIAI.U: ✓ (no splits)
[13690/19601] PIC: ✓ (no splits)
[13691/19601] PIC.U: ✓ (no splits)
[13692/19601] PIC.WS: ✓ (no splits)
[13693/19601] PICB: ✓ (no splits)
[13694/19601] PICC: ✓ (no splits)
[13695/19601] PICC.U: ✓ (no splits)
[13696/19601] PICC.WS: ✓ (no splits)
[13697/19601] PICK: ✓ (no splits)
[13698/19601] PICO: ✓ (no splits)
[13699/19601] PID: ✓ (no splits)
[13700/19601] PIEQ: ✓ (no splits)
[13701/19601] PIE: ✓ (no splits)
[13702/19601] PIFI: ✓ (no splits)
[13703/19601] PIH: ✓ (no splits)
[13704/19601] PIHPP: ✓ (no splits)
[13705/19601] PII: ✓ (no splits)
[13706/19601] PIII: ✓ (1 split(s))
[13707/19601] PIIIW: ✓ (no splits)
[13708/19601] PILL: ✓ (no splits)
[13709/19601] PIK: ✓ (1 split(s))
[13710/19601] PIM: ✓ (no splits)
[13711/19601] PIN: ✓ (no splits)
[13712/19601] PINC: ✓ (no splits)
[13713/19601] PINE: ✓ (no splits)
[13714/19601] PINEpA: ✓ (no splits)
[13715/19601] PING: ✓ (no splits)
[13716/19601] PINK: ✓ (no splits)
[13717/19601] PINS: ✓ (no splits)
[13718/19601] PIO: ✓ (no splits)
[13719/19601] PIPE: ✓ (no splits)
[13720/19601] PIPP: ✓ (no splits)
[13721/19601] PIPP.U: ✓ (no splits)
[13722/19601] PIPP.WS: ✓ (no splits)
[13723/19601] PIPR: ✓ (no splits)
[13724/19601] PIRS: ✓ (1 split(s))
[13725/19601] PIT: ✓ (no splits)
[13726/19601] PITA: ✓ (no splits)
[13727/19601] PITAW: ✓ (no splits)
[13728/19601] PIXY: ✓ (3 split(s))
[13729/19601] PIZ: ✓ (no splits)
[13730/19601] PJAN: ✓ (no splits)
[13731/19601] PJBF: ✓ (no splits)
[13732/19601] PJFG: ✓ (no splits)
[13733/19601] PJFM: ✓ (no splits)
[13734/19601] PJFV: ✓ (no splits)
[13735/19601] PJIO: ✓ (no splits)
[13736/19601] PJP: ✓ (no splits)
[13737/19601] PJT: ✓ (no splits)
[13738/19601] PJUL: ✓ (no splits)
[13739/19601] PK: ✓ (no splits)
[13740/19601] PJUN: ✓ (no splits)
[13741/19601] PKB: ✓ (no splits)
[13742/19601] PKBO: ✓ (no splits)
[13743/19601] PKBK: ✓ (no splits)
[13744/19601] PKBOW: ✓ (no splits)
[13745/19601] PKE: ✓ (no splits)
[13746/19601] PKG: ✓ (no splits)
[13747/19601] PKI: ✓ (no splits)
[13748/19601] PKOH: ✓ (no splits)
[13749/19601] PKO: ✓ (no splits)
[13750/19601] PKST: ✓ (no splits)
[13751/19601] PKW: ✓ (no splits)
[13752/19601] PKX: ✓ (no splits)
[13753/19601] PL: ✓ (no splits)
[13754/19601] PL.WS: ✓ (no splits)
[13755/19601] PLAB: ✓ (no splits)
[13756/19601] PLAG: ✓ (1 split(s))
[13757/19601] PLAN: ✓ (no splits)
[13758/19601] PLAO: ✓ (no splits)
[13759/19601] PLAOU: ✓ (no splits)
[13760/19601] PLAOW: ✓ (no splits)
[13761/19601] PLAT: ✓ (no splits)
[13762/19601] PLAY: ✓ (no splits)
[13763/19601] PLBC: ✓ (no splits)
[13764/19601] PLBY: ✓ (no splits)
[13765/19601] PLBL: ✓ (no splits)
[13766/19601] PLC: ✓ (no splits)
[13767/19601] PLCE: ✓ (no splits)
[13768/19601] PLD: ✓ (no splits)
[13769/19601] PLDR: ✓ (no splits)
[13770/19601] PLG: ✓ (no splits)
[13771/19601] PLIN: ✓ (no splits)
[13772/19601] PLL: ✓ (no splits)
[13773/19601] PLMI: ✓ (no splits)
[13774/19601] PLM: ✓ (no splits)
[13775/19601] PLMIU: ✓ (no splits)
[13776/19601] PLMIW: ✓ (no splits)
[13777/19601] PLMJ: ✓ (no splits)
[13778/19601] PLMJU: ✓ (no splits)
[13779/19601] PLMJW: ✓ (no splits)
[13780/19601] PLMK: ✓ (no splits)
[13781/19601] PLMKW: ✓ (no splits)
[13782/19601] PLMR: ✓ (no splits)
[13783/19601] PLMKU: ✓ (no splits)
[13784/19601] PLMr: ✓ (no splits)
[13785/19601] PLNT: ✓ (no splits)
[13786/19601] PLMrw: ✓ (no splits)
[13787/19601] PLOO: ✓ (no splits)
[13788/19601] PLOW: ✓ (no splits)
[13789/19601] PLPC: ✓ (no splits)
[13790/19601] PLRG: ✓ (no splits)
[13791/19601] PLRX: ✓ (no splits)
[13792/19601] PLRZ: ✓ (2 split(s))
[13793/19601] PLSE: ✓ (no splits)
[13794/19601] PLT: ✓ (no splits)
[13795/19601] PLTA: ✓ (no splits)
[13796/19601] PLTD: ✓ (no splits)
[13797/19601] PLTG: ✓ (no splits)
[13798/19601] PLTI: ✓ (no splits)
[13799/19601] PLTK: ✓ (no splits)
[13800/19601] PLTL: ✓ (no splits)
[13801/19601] PLTNR: ✓ (no splits)
[13802/19601] PLTM: ✓ (no splits)
[13803/19601] PLTN: ✓ (no splits)
[13804/19601] PLTNU: ✓ (no splits)
[13805/19601] PLTNW: ✓ (no splits)
[13806/19601] PLTS: ✓ (no splits)
[13807/19601] PLTU: ✓ (no splits)
[13808/19601] PLTR: ✓ (no splits)
[13809/19601] PLTW: ✓ (no splits)
[13810/19601] PLTZ: ✓ (no splits)
[13811/19601] PLTY: ✓ (no splits)
[13812/19601] PLUG: ✓ (no splits)
[13813/19601] PLUR: ✓ (1 split(s))
[13814/19601] PLUS: ✓ (1 split(s))
[13815/19601] PLUT: ✓ (no splits)
[13816/19601] PLW: ✓ (no splits)
[13817/19601] PLX: ✓ (no splits)
[13818/19601] PLXP: ✓ (no splits)
[13819/19601] PLXS: ✓ (no splits)
[13820/19601] PLYA: ✓ (no splits)
[13821/19601] PLYM: ✓ (no splits)
[13822/19601] PLYY: ✓ (no splits)
[13823/19601] PLYMpA: ✓ (no splits)
[13824/19601] PM: ✓ (no splits)
[13825/19601] PMAP: ✓ (no splits)
[13826/19601] PMAR: ✓ (no splits)
[13827/19601] PMAU: ✓ (no splits)
[13828/19601] PMAY: ✓ (no splits)
[13829/19601] PMAX: ✓ (1 split(s))
[13830/19601] PMBS: ✓ (no splits)
[13831/19601] PMBC: ✓ (no splits)
[13832/19601] PMCB: ✓ (1 split(s))
[13833/19601] PMD: ✓ (2 split(s))
[13834/19601] PMDE: ✓ (no splits)
[13835/19601] PME: ✓ (no splits)
[13836/19601] PMEC: ✓ (no splits)
[13837/19601] PMF: ✓ (no splits)
[13838/19601] PMFB: ✓ (no splits)
[13839/19601] PMGM: ✓ (no splits)
[13840/19601] PMGMU: ✓ (no splits)
[13841/19601] PMGMW: ✓ (no splits)
[13842/19601] PMJA: ✓ (no splits)
[13843/19601] PMIO: ✓ (no splits)
[13844/19601] PMI: ✓ (no splits)
[13845/19601] PMJL: ✓ (no splits)
[13846/19601] PMJN: ✓ (no splits)
[13847/19601] PMM: ✓ (no splits)
[13848/19601] PML: ✓ (no splits)
[13849/19601] PMMF: ✓ (no splits)
[13850/19601] PMMR: ✓ (no splits)
[13851/19601] PMMY: ✓ (no splits)
[13852/19601] PMNT: ✓ (no splits)
[13853/19601] PMNV: ✓ (no splits)
[13854/19601] PMN: ✓ (1 split(s))
[13855/19601] PMO: ✓ (no splits)
[13856/19601] PMOC: ✓ (no splits)
[13857/19601] PMSE: ✓ (no splits)
[13858/19601] PMT: ✓ (no splits)
[13859/19601] PMTR: ✓ (no splits)
[13860/19601] PMTRU: ✓ (no splits)
[13861/19601] PMTRW: ✓ (no splits)
[13862/19601] PMTV: ✓ (no splits)
[13863/19601] PMTW: ✓ (no splits)
[13864/19601] PMTS: ✓ (no splits)
[13865/19601] PMTU: ✓ (no splits)
[13866/19601] PMTpA: ✓ (no splits)
[13867/19601] PMTpC: ✓ (no splits)
[13868/19601] PMTpB: ✓ (no splits)
[13869/19601] PMVC: ✓ (1 split(s))
[13870/19601] PMVC.WS: ✓ (no splits)
[13871/19601] PMVC.U: ✓ (no splits)
[13872/19601] PMVP: ✓ (no splits)
[13873/19601] PN: ✓ (no splits)
[13874/19601] PMX: ✓ (no splits)
[13875/19601] PNAC: ✓ (no splits)
[13876/19601] PNACR: ✓ (no splits)
[13877/19601] PNACU: ✓ (no splits)
[13878/19601] PNACW: ✓ (no splits)
[13879/19601] PNBK: ✓ (no splits)
[13880/19601] PNC: ✓ (no splits)
[13881/19601] PNCpP: ✓ (no splits)
[13882/19601] PNF: ✓ (no splits)
[13883/19601] PNFP: ✓ (no splits)
[13884/19601] PNI: ✓ (no splits)
[13885/19601] PNFPP: ✓ (no splits)
[13886/19601] PNM: ✓ (no splits)
[13887/19601] PNNT: ✓ (no splits)
[13888/19601] PNOV: ✓ (no splits)
[13889/19601] PNNTG: ✓ (no splits)
[13890/19601] PNQI: ✓ (1 split(s))
[13891/19601] PNR: ✓ (no splits)
[13892/19601] PNST: ✓ (no splits)
[13893/19601] PNST.WS: ✓ (no splits)
[13894/19601] PNRG: ✓ (no splits)
[13895/19601] PNT: ✓ (no splits)
[13896/19601] PNTG: ✓ (no splits)
[13897/19601] PNTM: ✓ (no splits)
[13898/19601] PNTM.U: ✓ (no splits)
[13899/19601] PNTM.WS: ✓ (no splits)
[13900/19601] PNW: ✓ (no splits)
[13901/19601] POAI: ✓ (2 split(s))
[13902/19601] POAS: ✓ (no splits)
[13903/19601] POCI: ✓ (no splits)
[13904/19601] PODD: ✓ (no splits)
[13905/19601] PODC: ✓ (no splits)
[13906/19601] POCT: ✓ (no splits)
[13907/19601] POET: ✓ (1 split(s))
[13908/19601] POL.WS: ✓ (no splits)
[13909/19601] POL: ✓ (1 split(s))
[13910/19601] POLA: ✓ (1 split(s))
[13911/19601] POLE: ✓ (no splits)
[13912/19601] POLY: ✓ (no splits)
[13913/19601] POM: ✓ (no splits)
[13914/19601] POLEW: ✓ (no splits)
[13915/19601] POND: ✓ (no splits)
[13916/19601] POLEU: ✓ (no splits)
[13917/19601] POND.U: ✓ (no splits)
[13918/19601] POND.WS: ✓ (no splits)
[13919/19601] PONO: ✓ (no splits)
[13920/19601] PONOU: ✓ (no splits)
[13921/19601] PONOW: ✓ (no splits)
[13922/19601] PONY: ✓ (no splits)
[13923/19601] PONX: ✓ (no splits)
[13924/19601] PORT: ✓ (no splits)
[13925/19601] POR: ✓ (no splits)
[13926/19601] POOL: ✓ (no splits)
[13927/19601] PORT.U: ✓ (no splits)
[13928/19601] PORT.WS: ✓ (no splits)
[13929/19601] POSH: ✓ (no splits)
[13930/19601] POST: ✓ (no splits)
[13931/19601] POSTw: ✓ (no splits)
[13932/19601] POW: ✓ (no splits)
[13933/19601] POTX: ✓ (1 split(s))
[13934/19601] POWA: ✓ (no splits)
[13935/19601] POWL: ✓ (no splits)
[13936/19601] POWI: ✓ (no splits)
[13937/19601] POWR: ✓ (no splits)
[13938/19601] POWRU: ✓ (no splits)
[13939/19601] POWRW: ✓ (no splits)
[13940/19601] POWW: ✓ (no splits)
[13941/19601] POWWP: ✓ (no splits)
[13942/19601] PP: ✓ (no splits)
[13943/19601] PPA: ✓ (no splits)
[13944/19601] PPBI: ✓ (no splits)
[13945/19601] PPBT: ✓ (1 split(s))
[13946/19601] PPCB: ✓ (2 split(s))
[13947/19601] PPC: ✓ (no splits)
[13948/19601] PPEM: ✓ (no splits)
[13949/19601] PPD: ✓ (no splits)
[13950/19601] PPG: ✓ (no splits)
[13951/19601] PPGH: ✓ (no splits)
[13952/19601] PPGHU: ✓ (no splits)
[13953/19601] PPGHW: ✓ (no splits)
[13954/19601] PPH: ✓ (no splits)
[13955/19601] PPHP: ✓ (no splits)
[13956/19601] PPHPU: ✓ (no splits)
[13957/19601] PPHPR: ✓ (no splits)
[13958/19601] PPHPW: ✓ (no splits)
[13959/19601] PPIE: ✓ (no splits)
[13960/19601] PPI: ✓ (1 split(s))
[13961/19601] PPIH: ✓ (no splits)
[13962/19601] PPL: ✓ (no splits)
[13963/19601] PPLT: ✓ (no splits)
[13964/19601] PPR: ✓ (no splits)
[13965/19601] PPSI: ✓ (no splits)
[13966/19601] PPT: ✓ (no splits)
[13967/19601] PPTA: ✓ (1 split(s))
[13968/19601] PPX: ✓ (no splits)
[13969/19601] PPTY: ✓ (no splits)
[13970/19601] PPYA: ✓ (no splits)
[13971/19601] PPYAU: ✓ (no splits)
[13972/19601] PPYAW: ✓ (no splits)
[13973/19601] PQAP: ✓ (no splits)
[13974/19601] PQDI: ✓ (no splits)
[13975/19601] PQIN: ✓ (no splits)
[13976/19601] PQG: ✓ (no splits)
[13977/19601] PQLC: ✓ (no splits)
[13978/19601] PQJL: ✓ (no splits)
[13979/19601] PQJA: ✓ (no splits)
[13980/19601] PQNT: ✓ (no splits)
[13981/19601] PQOC: ✓ (no splits)
[13982/19601] PQSG: ✓ (no splits)
[13983/19601] PQSV: ✓ (no splits)
[13984/19601] PR: ✓ (no splits)
[13985/19601] PRA: ✓ (no splits)
[13986/19601] PRAA: ✓ (no splits)
[13987/19601] PRAH: ✓ (no splits)
[13988/19601] PRAY: ✓ (no splits)
[13989/19601] PRAE: ✓ (no splits)
[13990/19601] PRAX: ✓ (1 split(s))
[13991/19601] PRBM: ✓ (no splits)
[13992/19601] PRBM.U: ✓ (no splits)
[13993/19601] PRBM.WS: ✓ (no splits)
[13994/19601] PRCH: ✓ (no splits)
[13995/19601] PRCHW: ✓ (no splits)
[13996/19601] PRCP: ✓ (no splits)
[13997/19601] PRDO: ✓ (no splits)
[13998/19601] PRCT: ✓ (no splits)
[13999/19601] PRCS: ✓ (no splits)
[14000/19601] PRDS: ✓ (no splits)
  → Checkpoint saved: 1714 splits so far
[14001/19601] PRE: ✓ (1 split(s))
[14002/19601] PREF: ✓ (no splits)
[14003/19601] PRENW: ✓ (no splits)
[14004/19601] PREpG: ✓ (no splits)
[14005/19601] PREpH: ✓ (no splits)
[14006/19601] PREpI: ✓ (no splits)
[14007/19601] PREpJ: ✓ (no splits)
[14008/19601] PRFD: ✓ (no splits)
[14009/19601] PRFT: ✓ (no splits)
[14010/19601] PRF: ✓ (1 split(s))
[14011/19601] PRFX: ✓ (3 split(s))
[14012/19601] PRFZ: ✓ (1 split(s))
[14013/19601] PRG: ✓ (no splits)
[14014/19601] PRGO: ✓ (no splits)
[14015/19601] PRGS: ✓ (no splits)
[14016/19601] PRGX: ✓ (no splits)
[14017/19601] PRHIZ: ✓ (no splits)
[14018/19601] PRI: ✓ (no splits)
[14019/19601] PRH: ✓ (no splits)
[14020/19601] PRIFpA: ✓ (no splits)
[14021/19601] PRIFpB: ✓ (no splits)
[14022/19601] PRHI: ✓ (no splits)
[14023/19601] PRIFpC: ✓ (no splits)
[14024/19601] PRIFpD: ✓ (no splits)
[14025/19601] PRIFpE: ✓ (no splits)
[14026/19601] PRIFpF: ✓ (no splits)
[14027/19601] PRIFpG: ✓ (no splits)
[14028/19601] PRIFpH: ✓ (no splits)
[14029/19601] PRIFpI: ✓ (no splits)
[14030/19601] PRIFpJ: ✓ (no splits)
[14031/19601] PRIFpK: ✓ (no splits)
[14032/19601] PRIFpL: ✓ (no splits)
[14033/19601] PRIM: ✓ (no splits)
[14034/19601] PRIV: ✓ (no splits)
[14035/19601] PRK: ✓ (no splits)
[14036/19601] PRKS: ✓ (no splits)
[14037/19601] PRLB: ✓ (no splits)
[14038/19601] PRLD: ✓ (no splits)
[14039/19601] PRLH: ✓ (no splits)
[14040/19601] PRM: ✓ (no splits)
[14041/19601] PRLHU: ✓ (no splits)
[14042/19601] PRLHW: ✓ (no splits)
[14043/19601] PRMB: ✓ (no splits)
[14044/19601] PRMN: ✓ (no splits)
[14045/19601] PRME: ✓ (no splits)
[14046/19601] PRMW: ✓ (no splits)
[14047/19601] PRN: ✓ (no splits)
[14048/19601] PRNT: ✓ (no splits)
[14049/19601] PROCW: ✓ (no splits)
[14050/19601] PRO: ✓ (no splits)
[14051/19601] PROC: ✓ (no splits)
[14052/19601] PROF: ✓ (no splits)
[14053/19601] PROG: ✓ (no splits)
[14054/19601] PROK: ✓ (no splits)
[14055/19601] PROP: ✓ (no splits)
[14056/19601] PROS: ✓ (no splits)
[14057/19601] PROV: ✓ (no splits)
[14058/19601] PRPB: ✓ (no splits)
[14059/19601] PRPB.U: ✓ (no splits)
[14060/19601] PRPC: ✓ (no splits)
[14061/19601] PRPC.U: ✓ (no splits)
[14062/19601] PRPB.WS: ✓ (no splits)
[14063/19601] PRPC.WS: ✓ (no splits)
[14064/19601] PRPH: ✓ (no splits)
[14065/19601] PRPL: ✓ (no splits)
[14066/19601] PRPO: ✓ (1 split(s))
[14067/19601] PRQR: ✓ (no splits)
[14068/19601] PRS: ✓ (no splits)
[14069/19601] PRSC: ✓ (no splits)
[14070/19601] PRSD: ✓ (no splits)
[14071/19601] PRSP: ✓ (no splits)
[14072/19601] PRSO: ✓ (1 split(s))
[14073/19601] PRSR: ✓ (1 split(s))
[14074/19601] PRSRU: ✓ (1 split(s))
[14075/19601] PRSRW: ✓ (no splits)
[14076/19601] PRST: ✓ (no splits)
[14077/19601] PRSTW: ✓ (no splits)
[14078/19601] PRSU: ✓ (no splits)
[14079/19601] PRT: ✓ (no splits)
[14080/19601] PRTA: ✓ (no splits)
[14081/19601] PRTK: ✓ (no splits)
[14082/19601] PRTS: ✓ (no splits)
[14083/19601] PRTC: ✓ (no splits)
[14084/19601] PRTG: ✓ (1 split(s))
[14085/19601] PRTH: ✓ (no splits)
[14086/19601] PRTY: ✓ (no splits)
[14087/19601] PRU: ✓ (no splits)
[14088/19601] PRVA: ✓ (no splits)
[14089/19601] PRVB: ✓ (no splits)
[14090/19601] PRVL: ✓ (no splits)
[14091/19601] PRVS: ✓ (no splits)
[14092/19601] PRVT: ✓ (no splits)
[14093/19601] PRXG: ✓ (no splits)
[14094/19601] PRXV: ✓ (no splits)
[14095/19601] PRZO: ✓ (no splits)
[14096/19601] PS: ✓ (no splits)
[14097/19601] PSA: ✓ (no splits)
[14098/19601] PSACU: ✓ (no splits)
[14099/19601] PSAC: ✓ (no splits)
[14100/19601] PSACW: ✓ (no splits)
[14101/19601] PSAG: ✓ (no splits)
[14102/19601] PSApB: ✓ (no splits)
[14103/19601] PSApC: ✓ (no splits)
[14104/19601] PSAGW: ✓ (no splits)
[14105/19601] PSAGU: ✓ (no splits)
[14106/19601] PSApD: ✓ (no splits)
[14107/19601] PSApE: ✓ (no splits)
[14108/19601] PSApF: ✓ (no splits)
[14109/19601] PSApG: ✓ (no splits)
[14110/19601] PSApJ: ✓ (no splits)
[14111/19601] PSApI: ✓ (no splits)
[14112/19601] PSApH: ✓ (no splits)
[14113/19601] PSApK: ✓ (no splits)
[14114/19601] PSApL: ✓ (no splits)
[14115/19601] PSApM: ✓ (no splits)
[14116/19601] PSApN: ✓ (no splits)
[14117/19601] PSApO: ✓ (no splits)
[14118/19601] PSApP: ✓ (no splits)
[14119/19601] PSApQ: ✓ (no splits)
[14120/19601] PSApR: ✓ (no splits)
[14121/19601] PSApS: ✓ (no splits)
[14122/19601] PSBD: ✓ (no splits)
[14123/19601] PSB: ✓ (no splits)
[14124/19601] PSBpW: ✓ (no splits)
[14125/19601] PSBpX: ✓ (no splits)
[14126/19601] PSBpY: ✓ (no splits)
[14127/19601] PSC: ✓ (no splits)
[14128/19601] PSBpZ: ✓ (no splits)
[14129/19601] PSCF: ✓ (no splits)
[14130/19601] PSCD: ✓ (no splits)
[14131/19601] PSCC: ✓ (1 split(s))
[14132/19601] PSCE: ✓ (1 split(s))
[14133/19601] PSCI: ✓ (no splits)
[14134/19601] PSCJ: ✓ (no splits)
[14135/19601] PSCM: ✓ (no splits)
[14136/19601] PSCH: ✓ (1 split(s))
[14137/19601] PSCQ: ✓ (no splits)
[14138/19601] PSCU: ✓ (no splits)
[14139/19601] PSCT: ✓ (1 split(s))
[14140/19601] PSCW: ✓ (no splits)
[14141/19601] PSCX: ✓ (no splits)
[14142/19601] PSDM: ✓ (no splits)
[14143/19601] PSDN: ✓ (no splits)
[14144/19601] PSEC: ✓ (no splits)
[14145/19601] PSECpA: ✓ (no splits)
[14146/19601] PSEP: ✓ (no splits)
[14147/19601] PSET: ✓ (no splits)
[14148/19601] PSF: ✓ (no splits)
[14149/19601] PSFD: ✓ (no splits)
[14150/19601] PSFE.WS: ✓ (no splits)
[14151/19601] PSFF: ✓ (no splits)
[14152/19601] PSFJ: ✓ (no splits)
[14153/19601] PSFM: ✓ (no splits)
[14154/19601] PSFE: ✓ (1 split(s))
[14155/19601] PSH: ✓ (no splits)
[14156/19601] PSFO: ✓ (no splits)
[14157/19601] PSHG: ✓ (1 split(s))
[14158/19601] PSI: ✓ (1 split(s))
[14159/19601] PSIG: ✓ (1 split(s))
[14160/19601] PSIL: ✓ (1 split(s))
[14161/19601] PSIX: ✓ (no splits)
[14162/19601] PSJ: ✓ (no splits)
[14163/19601] PSK: ✓ (no splits)
[14164/19601] PSKY: ✓ (no splits)
[14165/19601] PSL: ✓ (no splits)
[14166/19601] PSLV: ✓ (no splits)
[14167/19601] PSM: ✓ (no splits)
[14168/19601] PSMB: ✓ (no splits)
[14169/19601] PSMC: ✓ (no splits)
[14170/19601] PSMG: ✓ (no splits)
[14171/19601] PSMD: ✓ (no splits)
[14172/19601] PSMJ: ✓ (no splits)
[14173/19601] PSMM: ✓ (no splits)
[14174/19601] PSMO: ✓ (no splits)
[14175/19601] PSMT: ✓ (no splits)
[14176/19601] PSNL: ✓ (no splits)
[14177/19601] PSMR: ✓ (no splits)
[14178/19601] PSN: ✓ (no splits)
[14179/19601] PSNY: ✓ (no splits)
[14180/19601] PSO: ✓ (no splits)
[14181/19601] PSNYW: ✓ (no splits)
[14182/19601] PSP: ✓ (1 split(s))
[14183/19601] PSPC: ✓ (no splits)
[14184/19601] PSPC.WS: ✓ (no splits)
[14185/19601] PSPC.U: ✓ (no splits)
[14186/19601] PSQ: ✓ (1 split(s))
[14187/19601] PSQH: ✓ (no splits)
[14188/19601] PSQA: ✓ (no splits)
[14189/19601] PSQH.WS: ✓ (no splits)
[14190/19601] PSQO: ✓ (no splits)
[14191/19601] PSR: ✓ (no splits)
[14192/19601] PST: ✓ (no splits)
[14193/19601] PSTG: ✓ (no splits)
[14194/19601] PSTH: ✓ (no splits)
[14195/19601] PSTH.WS: ✓ (no splits)
[14196/19601] PSTP: ✓ (no splits)
[14197/19601] PSTL: ✓ (no splits)
[14198/19601] PSTI: ✓ (no splits)
[14199/19601] PSTX: ✓ (no splits)
[14200/19601] PSTV: ✓ (1 split(s))
[14201/19601] PSTR: ✓ (no splits)
[14202/19601] PSWD: ✓ (no splits)
[14203/19601] PSX: ✓ (no splits)
[14204/19601] PSY: ✓ (no splits)
[14205/19601] PSXP: ✓ (no splits)
[14206/19601] PSYK: ✓ (no splits)
[14207/19601] PTA: ✓ (no splits)
[14208/19601] PT: ✓ (1 split(s))
[14209/19601] PTAC: ✓ (no splits)
[14210/19601] PTACU: ✓ (no splits)
[14211/19601] PTACW: ✓ (no splits)
[14212/19601] PTBD: ✓ (no splits)
[14213/19601] PTC: ✓ (no splits)
[14214/19601] PTCT: ✓ (no splits)
[14215/19601] PTE: ✓ (1 split(s))
[14216/19601] PTEC: ✓ (no splits)
[14217/19601] PTEST: ✓ (no splits)
[14218/19601] PTF: ✓ (1 split(s))
[14219/19601] PTGX: ✓ (no splits)
[14220/19601] PTEN: ✓ (no splits)
[14221/19601] PTEU: ✓ (no splits)
[14222/19601] PTH: ✓ (1 split(s))
[14223/19601] PTHL: ✓ (no splits)
[14224/19601] PTHRU: ✓ (no splits)
[14225/19601] PTHRW: ✓ (no splits)
[14226/19601] PTHR: ✓ (no splits)
[14227/19601] PTHS: ✓ (no splits)
[14228/19601] PTI: ✓ (1 split(s))
[14229/19601] PTIC: ✓ (no splits)
[14230/19601] PTICU: ✓ (no splits)
[14231/19601] PTIN: ✓ (no splits)
[14232/19601] PTICW: ✓ (no splits)
[14233/19601] PTIR: ✓ (1 split(s))
[14234/19601] PTIX: ✓ (2 split(s))
[14235/19601] PTIXW: ✓ (no splits)
[14236/19601] PTK: ✓ (no splits)
[14237/19601] PTK.U: ✓ (no splits)
[14238/19601] PTK.WS: ✓ (no splits)
[14239/19601] PTL: ✓ (no splits)
[14240/19601] PTLC: ✓ (no splits)
[14241/19601] PTLE: ✓ (no splits)
[14242/19601] PTLO: ✓ (no splits)
[14243/19601] PTMC: ✓ (no splits)
[14244/19601] PTNM: ✓ (no splits)
[14245/19601] PTMN: ✓ (1 split(s))
[14246/19601] PTN: ✓ (1 split(s))
[14247/19601] PTNQ: ✓ (no splits)
[14248/19601] PTNR: ✓ (no splits)
[14249/19601] PTOC: ✓ (no splits)
[14250/19601] PTOCU: ✓ (no splits)
[14251/19601] PTOCW: ✓ (no splits)
[14252/19601] PTON: ✓ (no splits)
[14253/19601] PTPI: ✓ (2 split(s))
[14254/19601] PTR: ✓ (no splits)
[14255/19601] PTRA: ✓ (no splits)
[14256/19601] PTRAW: ✓ (no splits)
[14257/19601] PTRB: ✓ (no splits)
[14258/19601] PTRS: ✓ (no splits)
[14259/19601] PTRN: ✓ (no splits)
[14260/19601] PTVCA: ✓ (no splits)
[14261/19601] PTVE: ✓ (no splits)
[14262/19601] PTVCB: ✓ (no splits)
[14263/19601] PTSI: ✓ (2 split(s))
[14264/19601] PTWO: ✓ (no splits)
[14265/19601] PTWOW: ✓ (no splits)
[14266/19601] PTWOU: ✓ (no splits)
[14267/19601] PTY: ✓ (no splits)
[14268/19601] PUBM: ✓ (no splits)
[14269/19601] PUCK: ✓ (no splits)
[14270/19601] PUCKU: ✓ (no splits)
[14271/19601] PUI: ✓ (no splits)
[14272/19601] PUK: ✓ (no splits)
[14273/19601] PUCKW: ✓ (no splits)
[14274/19601] PUKp: ✓ (no splits)
[14275/19601] PUKpA: ✓ (no splits)
[14276/19601] PUKw: ✓ (no splits)
[14277/19601] PULM: ✓ (1 split(s))
[14278/19601] PULS: ✓ (no splits)
[14279/19601] PULT: ✓ (no splits)
[14280/19601] PUNK: ✓ (no splits)
[14281/19601] PUMP: ✓ (no splits)
[14282/19601] PURR: ✓ (no splits)
[14283/19601] PUSH: ✓ (no splits)
[14284/19601] PUTW: ✓ (no splits)
[14285/19601] PUYI: ✓ (no splits)
[14286/19601] PV: ✓ (no splits)
[14287/19601] PUTD: ✓ (no splits)
[14288/19601] PV.WS: ✓ (no splits)
[14289/19601] PV.U: ✓ (no splits)
[14290/19601] PVAC: ✓ (no splits)
[14291/19601] PVAL: ✓ (no splits)
[14292/19601] PVBC: ✓ (no splits)
[14293/19601] PVEX: ✓ (no splits)
[14294/19601] PVG: ✓ (no splits)
[14295/19601] PVH: ✓ (no splits)
[14296/19601] PVI: ✓ (no splits)
[14297/19601] PVL: ✓ (no splits)
[14298/19601] PVLA: ✓ (no splits)
[14299/19601] PW: ✓ (no splits)
[14300/19601] PWB: ✓ (no splits)
[14301/19601] PWC: ✓ (no splits)
[14302/19601] PWER: ✓ (no splits)
[14303/19601] PWFL: ✓ (no splits)
[14304/19601] PWM: ✓ (no splits)
[14305/19601] PWPPW: ✓ (no splits)
[14306/19601] PWP: ✓ (no splits)
[14307/19601] PWOD: ✓ (no splits)
[14308/19601] PWR: ✓ (no splits)
[14309/19601] PWRD: ✓ (no splits)
[14310/19601] PWS: ✓ (no splits)
[14311/19601] PWSC: ✓ (no splits)
[14312/19601] PWUP: ✓ (no splits)
[14313/19601] PWUPU: ✓ (no splits)
[14314/19601] PWUPW: ✓ (no splits)
[14315/19601] PWZ: ✓ (no splits)
[14316/19601] PWV: ✓ (no splits)
[14317/19601] PWpA: ✓ (no splits)
[14318/19601] PX: ✓ (no splits)
[14319/19601] PXD: ✓ (no splits)
[14320/19601] PXDT: ✓ (no splits)
[14321/19601] PXE: ✓ (no splits)
[14322/19601] PXED: ✓ (no splits)
[14323/19601] PXF: ✓ (no splits)
[14324/19601] PXH: ✓ (no splits)
[14325/19601] PXIU: ✓ (no splits)
[14326/19601] PXJ: ✓ (1 split(s))
[14327/19601] PXI: ✓ (no splits)
[14328/19601] PXMD: ✓ (1 split(s))
[14329/19601] PXLW: ✓ (1 split(s))
[14330/19601] PXQ: ✓ (no splits)
[14331/19601] PXS: ✓ (1 split(s))
[14332/19601] PXSAP: ✓ (no splits)
[14333/19601] PXUS: ✓ (no splits)
[14334/19601] PXSAW: ✓ (no splits)
[14335/19601] PY: ✓ (no splits)
[14336/19601] PYCR: ✓ (no splits)
[14337/19601] PYLD: ✓ (no splits)
[14338/19601] PYN: ✓ (no splits)
[14339/19601] PYPD: ✓ (1 split(s))
[14340/19601] PYPE: ✓ (no splits)
[14341/19601] PYPG: ✓ (no splits)
[14342/19601] PYPL: ✓ (no splits)
[14343/19601] PYPS: ✓ (no splits)
[14344/19601] PYPT: ✓ (no splits)
[14345/19601] PYPY: ✓ (no splits)
[14346/19601] PYT: ✓ (no splits)
[14347/19601] PYXS: ✓ (no splits)
[14348/19601] PYR: ✓ (no splits)
[14349/19601] PYS: ✓ (no splits)
[14350/19601] PYZ: ✓ (no splits)
[14351/19601] PZA: ✓ (no splits)
[14352/19601] PZC: ✓ (no splits)
[14353/19601] PZD: ✓ (no splits)
[14354/19601] PZG: ✓ (no splits)
[14355/19601] PZT: ✓ (no splits)
[14356/19601] PZN: ✓ (no splits)
[14357/19601] PZZA: ✓ (no splits)
[14358/19601] QABA: ✓ (no splits)
[14359/19601] Q: ✓ (no splits)
[14360/19601] QADA: ✓ (no splits)
[14361/19601] QAI: ✓ (no splits)
[14362/19601] QADB: ✓ (no splits)
[14363/19601] QALT: ✓ (no splits)
[14364/19601] QARP: ✓ (no splits)
[14365/19601] QAT: ✓ (no splits)
[14366/19601] QB: ✓ (no splits)
[14367/19601] QBER: ✓ (no splits)
[14368/19601] QBF: ✓ (no splits)
[14369/19601] QBIG: ✓ (no splits)
[14370/19601] QBSF: ✓ (no splits)
[14371/19601] QBTS: ✓ (no splits)
[14372/19601] QBTS.WS: ✓ (no splits)
[14373/19601] QBTZ: ✓ (no splits)
[14374/19601] QBTX: ✓ (1 split(s))
[14375/19601] QBUF: ✓ (no splits)
[14376/19601] QBUL: ✓ (no splits)
[14377/19601] QBY: ✓ (no splits)
[14378/19601] QCJA: ✓ (no splits)
[14379/19601] QCAP: ✓ (no splits)
[14380/19601] QCJL: ✓ (no splits)
[14381/19601] QCLN: ✓ (no splits)
[14382/19601] QCLR: ✓ (no splits)
[14383/19601] QCLS: ✓ (no splits)
[14384/19601] QCMD: ✓ (no splits)
[14385/19601] QCML: ✓ (no splits)
[14386/19601] QCMU: ✓ (no splits)
[14387/19601] QCOM: ✓ (no splits)
[14388/19601] QCOC: ✓ (no splits)
[14389/19601] QCON: ✓ (no splits)
[14390/19601] QCRH: ✓ (no splits)
[14391/19601] QDCC: ✓ (no splits)
[14392/19601] QD: ✓ (no splits)
[14393/19601] QDEF: ✓ (no splits)
[14394/19601] QDEC: ✓ (no splits)
[14395/19601] QDEL: ✓ (no splits)
[14396/19601] QDF: ✓ (no splits)
[14397/19601] QDIV: ✓ (no splits)
[14398/19601] QDRO: ✓ (no splits)
[14399/19601] QDPL: ✓ (no splits)
[14400/19601] QDROU: ✓ (no splits)
[14401/19601] QDROW: ✓ (no splits)
[14402/19601] QDTE: ✓ (no splits)
[14403/19601] QDTY: ✓ (no splits)
[14404/19601] QDVO: ✓ (no splits)
[14405/19601] QDWN: ✓ (no splits)
[14406/19601] QDYN: ✓ (no splits)
[14407/19601] QED: ✓ (no splits)
[14408/19601] QEFA: ✓ (no splits)
[14409/19601] QELL: ✓ (no splits)
[14410/19601] QELLU: ✓ (no splits)
[14411/19601] QELLW: ✓ (no splits)
[14412/19601] QEMM: ✓ (no splits)
[14413/19601] QETA: ✓ (no splits)
[14414/19601] QEP: ✓ (no splits)
[14415/19601] QETAU: ✓ (no splits)
[14416/19601] QETAR: ✓ (no splits)
[14417/19601] QETH: ✓ (no splits)
[14418/19601] QFLR: ✓ (no splits)
[14419/19601] QFIN: ✓ (no splits)
[14420/19601] QFTA: ✓ (no splits)
[14421/19601] QFTA.U: ✓ (no splits)
[14422/19601] QFTA.WS: ✓ (no splits)
[14423/19601] QGEN: ✓ (2 split(s))
[14424/19601] QGRD: ✓ (no splits)
[14425/19601] QGRO: ✓ (no splits)
[14426/19601] QGRW: ✓ (no splits)
[14427/19601] QH: ✓ (2 split(s))
[14428/19601] QHDG: ✓ (no splits)
[14429/19601] QHY: ✓ (no splits)
[14430/19601] QID: ✓ (2 split(s))
[14431/19601] QIDX: ✓ (no splits)
[14432/19601] QINT: ✓ (no splits)
[14433/19601] QIPT: ✓ (no splits)
[14434/19601] QIG: ✓ (no splits)
[14435/19601] QJUN: ✓ (no splits)
[14436/19601] QIS: ✓ (no splits)
[14437/19601] QIWI: ✓ (no splits)
[14438/19601] QK: ✓ (no splits)
[14439/19601] QLC: ✓ (no splits)
[14440/19601] QLD: ✓ (2 split(s))
[14441/19601] QLDY: ✓ (no splits)
[14442/19601] QLGN: ✓ (2 split(s))
[14443/19601] QLI: ✓ (1 split(s))
[14444/19601] QLS: ✓ (no splits)
[14445/19601] QLTA: ✓ (no splits)
[14446/19601] QLTI: ✓ (no splits)
[14447/19601] QLTY: ✓ (no splits)
[14448/19601] QLV: ✓ (no splits)
[14449/19601] QLVD: ✓ (no splits)
[14450/19601] QLVE: ✓ (no splits)
[14451/19601] QLYS: ✓ (no splits)
[14452/19601] QMAG: ✓ (no splits)
[14453/19601] QMAR: ✓ (no splits)
[14454/19601] QMFE: ✓ (no splits)
[14455/19601] QMID: ✓ (no splits)
[14456/19601] QMJ: ✓ (no splits)
[14457/19601] QMCO: ✓ (1 split(s))
[14458/19601] QMMM: ✓ (no splits)
[14459/19601] QMMY: ✓ (no splits)
[14460/19601] QMN: ✓ (no splits)
[14461/19601] QMNV: ✓ (no splits)
[14462/19601] QMOM: ✓ (no splits)
[14463/19601] QNCX: ✓ (no splits)
[14464/19601] QNGY: ✓ (1 split(s))
[14465/19601] QNGY.WS: ✓ (no splits)
[14466/19601] QNRX: ✓ (4 split(s))
[14467/19601] QNTM: ✓ (1 split(s))
[14468/19601] QNST: ✓ (no splits)
[14469/19601] QOMO: ✓ (no splits)
[14470/19601] QNXT: ✓ (no splits)
[14471/19601] QOMOR: ✓ (no splits)
[14472/19601] QOMOU: ✓ (no splits)
[14473/19601] QOMOW: ✓ (no splits)
[14474/19601] QOWZ: ✓ (no splits)
[14475/19601] QPUX: ✓ (no splits)
[14476/19601] QPFF: ✓ (no splits)
[14477/19601] QPT: ✓ (no splits)
[14478/19601] QPX: ✓ (no splits)
[14479/19601] QQA: ✓ (no splits)
[14480/19601] QQC: ✓ (no splits)
[14481/19601] QQD: ✓ (no splits)
[14482/19601] QQDN: ✓ (no splits)
[14483/19601] QQEW: ✓ (no splits)
[14484/19601] QQH: ✓ (no splits)
[14485/19601] QQHG: ✓ (no splits)
[14486/19601] QQJG: ✓ (no splits)
[14487/19601] QQLV: ✓ (no splits)
[14488/19601] QQMG: ✓ (no splits)
[14489/19601] QQQ: ✓ (no splits)
[14490/19601] QQQA: ✓ (no splits)
[14491/19601] QQQD: ✓ (no splits)
[14492/19601] QQQG: ✓ (no splits)
[14493/19601] QQQE: ✓ (no splits)
[14494/19601] QQQH: ✓ (no splits)
[14495/19601] QQQI: ✓ (no splits)
[14496/19601] QQQJ: ✓ (no splits)
[14497/19601] QQQM: ✓ (no splits)
[14498/19601] QQQN: ✓ (no splits)
[14499/19601] QQQP: ✓ (1 split(s))
[14500/19601] QQQS: ✓ (no splits)
  → Checkpoint saved: 1777 splits so far
[14501/19601] QQQX: ✓ (no splits)
[14502/19601] QQQU: ✓ (no splits)
[14503/19601] QQQT: ✓ (no splits)
[14504/19601] QQQW: ✓ (no splits)
[14505/19601] QQQY: ✓ (1 split(s))
[14506/19601] QQUP: ✓ (no splits)
[14507/19601] QQWZ: ✓ (no splits)
[14508/19601] QQXL: ✓ (no splits)
[14509/19601] QQXT: ✓ (no splits)
[14510/19601] QRFT: ✓ (no splits)
[14511/19601] QRHC: ✓ (no splits)
[14512/19601] QRMI: ✓ (no splits)
[14513/19601] QRTEA: ✓ (no splits)
[14514/19601] QRTEB: ✓ (no splits)
[14515/19601] QRTEP: ✓ (no splits)
[14516/19601] QS: ✓ (no splits)
[14517/19601] QRVO: ✓ (no splits)
[14518/19601] QSEA: ✓ (no splits)
[14519/19601] QS.WS: ✓ (no splits)
[14520/19601] QSEAR: ✓ (no splits)
[14521/19601] QSEAU: ✓ (no splits)
[14522/19601] QSIAW: ✓ (no splits)
[14523/19601] QSI: ✓ (no splits)
[14524/19601] QSG: ✓ (no splits)
[14525/19601] QSIG: ✓ (no splits)
[14526/19601] QSIX: ✓ (no splits)
[14527/19601] QSML: ✓ (no splits)
[14528/19601] QSPT: ✓ (no splits)
[14529/19601] QSR: ✓ (no splits)
[14530/19601] QSU: ✓ (no splits)
[14531/19601] QSWN: ✓ (no splits)
[14532/19601] QSY: ✓ (no splits)
[14533/19601] QSX: ✓ (no splits)
[14534/19601] QTAP: ✓ (no splits)
[14535/19601] QTEC: ✓ (no splits)
[14536/19601] QTEKW: ✓ (no splits)
[14537/19601] QTEK: ✓ (no splits)
[14538/19601] QTI: ✓ (no splits)
[14539/19601] QTJA: ✓ (no splits)
[14540/19601] QTJL: ✓ (no splits)
[14541/19601] QTOC: ✓ (no splits)
[14542/19601] QTNT: ✓ (1 split(s))
[14543/19601] QTPI: ✓ (no splits)
[14544/19601] QTOP: ✓ (no splits)
[14545/19601] QTR: ✓ (no splits)
[14546/19601] QTRX: ✓ (no splits)
[14547/19601] QTS: ✓ (no splits)
[14548/19601] QTSpA: ✓ (no splits)
[14549/19601] QTSpB: ✓ (no splits)
[14550/19601] QTT: ✓ (1 split(s))
[14551/19601] QTTB: ✓ (no splits)
[14552/19601] QTWO: ✓ (no splits)
[14553/19601] QTUM: ✓ (no splits)
[14554/19601] QUAL: ✓ (no splits)
[14555/19601] QUAD: ✓ (no splits)
[14556/19601] QUBT: ✓ (no splits)
[14557/19601] QUBX: ✓ (1 split(s))
[14558/19601] QUIK: ✓ (no splits)
[14559/19601] QUIZ: ✓ (no splits)
[14560/19601] QULL: ✓ (no splits)
[14561/19601] QUMS: ✓ (no splits)
[14562/19601] QUMU: ✓ (no splits)
[14563/19601] QUOT: ✓ (no splits)
[14564/19601] QUMSU: ✓ (no splits)
[14565/19601] QUMSR: ✓ (no splits)
[14566/19601] QUP: ✓ (no splits)
[14567/19601] QURE: ✓ (no splits)
[14568/19601] QUS: ✓ (no splits)
[14569/19601] QUSA: ✓ (no splits)
[14570/19601] QUVU: ✓ (no splits)
[14571/19601] QVAL: ✓ (no splits)
[14572/19601] QVCD: ✓ (no splits)
[14573/19601] QVCC: ✓ (no splits)
[14574/19601] QVCGB: ✓ (1 split(s))
[14575/19601] QVCGA: ✓ (1 split(s))
[14576/19601] QVCGP: ✓ (no splits)
[14577/19601] QVML: ✓ (no splits)
[14578/19601] QVMM: ✓ (no splits)
[14579/19601] QVMS: ✓ (no splits)
[14580/19601] QVOY: ✓ (no splits)
[14581/19601] QWLD: ✓ (no splits)
[14582/19601] QWST: ✓ (no splits)
[14583/19601] QXO: ✓ (no splits)
[14584/19601] QYLD: ✓ (no splits)
[14585/19601] QXQ: ✓ (no splits)
[14586/19601] QXOpB: ✓ (no splits)
[14587/19601] QYLE: ✓ (no splits)
[14588/19601] QYLG: ✓ (no splits)
[14589/19601] Qw: ✓ (no splits)
[14590/19601] R: ✓ (no splits)
[14591/19601] RA: ✓ (no splits)
[14592/19601] RAA: ✓ (no splits)
[14593/19601] RAAA: ✓ (no splits)
[14594/19601] RAAC: ✓ (no splits)
[14595/19601] RAACU: ✓ (no splits)
[14596/19601] RAACW: ✓ (no splits)
[14597/19601] RAAQW: ✓ (no splits)
[14598/19601] RAAQ: ✓ (no splits)
[14599/19601] RAAQU: ✓ (no splits)
[14600/19601] RAAS: ✓ (1 split(s))
[14601/19601] RAAX: ✓ (no splits)
[14602/19601] RAC: ✓ (no splits)
[14603/19601] RAC.U: ✓ (no splits)
[14604/19601] RACA: ✓ (no splits)
[14605/19601] RACB: ✓ (no splits)
[14606/19601] RAC.WS: ✓ (no splits)
[14607/19601] RACY: ✓ (no splits)
[14608/19601] RACE: ✓ (no splits)
[14609/19601] RACYU: ✓ (no splits)
[14610/19601] RACYW: ✓ (no splits)
[14611/19601] RAD: ✓ (no splits)
[14612/19601] RADI: ✓ (no splits)
[14613/19601] RADA: ✓ (no splits)
[14614/19601] RAFE: ✓ (no splits)
[14615/19601] RAIL: ✓ (no splits)
[14616/19601] RADX: ✓ (no splits)
[14617/19601] RAINW: ✓ (no splits)
[14618/19601] RAIN: ✓ (no splits)
[14619/19601] RAL: ✓ (no splits)
[14620/19601] RALS: ✓ (no splits)
[14621/19601] RALw: ✓ (no splits)
[14622/19601] RAM: ✓ (no splits)
[14623/19601] RAMMU: ✓ (no splits)
[14624/19601] RAMMW: ✓ (no splits)
[14625/19601] RAMP: ✓ (no splits)
[14626/19601] RAND: ✓ (no splits)
[14627/19601] RANGR: ✓ (no splits)
[14628/19601] RANG: ✓ (no splits)
[14629/19601] RANI: ✓ (no splits)
[14630/19601] RAPP: ✓ (no splits)
[14631/19601] RANGU: ✓ (no splits)
[14632/19601] RAPT: ✓ (1 split(s))
[14633/19601] RARE: ✓ (no splits)
[14634/19601] RATE: ✓ (no splits)
[14635/19601] RAUS: ✓ (no splits)
[14636/19601] RAVE: ✓ (no splits)
[14637/19601] RAVN: ✓ (no splits)
[14638/19601] RAVI: ✓ (no splits)
[14639/19601] RAY: ✓ (1 split(s))
[14640/19601] RAYA: ✓ (1 split(s))
[14641/19601] RAYC: ✓ (no splits)
[14642/19601] RAYD: ✓ (no splits)
[14643/19601] RAYE: ✓ (no splits)
[14644/19601] RAYJ: ✓ (no splits)
[14645/19601] RAYS: ✓ (no splits)
[14646/19601] RB: ✓ (no splits)
[14647/19601] RBA: ✓ (no splits)
[14648/19601] RBAC: ✓ (no splits)
[14649/19601] RBAC.WS: ✓ (no splits)
[14650/19601] RBB: ✓ (no splits)
[14651/19601] RBAC.U: ✓ (no splits)
[14652/19601] RBC: ✓ (no splits)
[14653/19601] RBBN: ✓ (no splits)
[14654/19601] RBCAA: ✓ (no splits)
[14655/19601] RBCN: ✓ (no splits)
[14656/19601] RBCP: ✓ (no splits)
[14657/19601] RBIL: ✓ (no splits)
[14658/19601] RBCw: ✓ (no splits)
[14659/19601] RBIN: ✓ (no splits)
[14660/19601] RBKB: ✓ (no splits)
[14661/19601] RBLD: ✓ (no splits)
[14662/19601] RBLU: ✓ (no splits)
[14663/19601] RBLX: ✓ (no splits)
[14664/19601] RBLY: ✓ (no splits)
[14665/19601] RBNC: ✓ (no splits)
[14666/19601] RBND: ✓ (no splits)
[14667/19601] RBNE: ✓ (no splits)
[14668/19601] RBNEV: ✓ (no splits)
[14669/19601] RBOT.WS: ✓ (no splits)
[14670/19601] RBOT: ✓ (1 split(s))
[14671/19601] RBRK: ✓ (no splits)
[14672/19601] RBT: ✓ (1 split(s))
[14673/19601] RBT.WS: ✓ (no splits)
[14674/19601] RBUF: ✓ (no splits)
[14675/19601] RBUS: ✓ (no splits)
[14676/19601] RC: ✓ (no splits)
[14677/19601] RCA: ✓ (no splits)
[14678/19601] RCAC: ✓ (no splits)
[14679/19601] RCAT: ✓ (no splits)
[14680/19601] RCACW: ✓ (no splits)
[14681/19601] RCACU: ✓ (no splits)
[14682/19601] RCB: ✓ (no splits)
[14683/19601] RCC: ✓ (no splits)
[14684/19601] RCD: ✓ (no splits)
[14685/19601] RCF.U: ✓ (no splits)
[14686/19601] RCEL: ✓ (no splits)
[14687/19601] RCFA: ✓ (no splits)
[14688/19601] RCFA.U: ✓ (no splits)
[14689/19601] RCFA.WS: ✓ (no splits)
[14690/19601] RCGE: ✓ (no splits)
[14691/19601] RCG: ✓ (no splits)
[14692/19601] RCHG: ✓ (no splits)
[14693/19601] RCHGU: ✓ (no splits)
[14694/19601] RCHGW: ✓ (no splits)
[14695/19601] RCI: ✓ (no splits)
[14696/19601] RCII: ✓ (no splits)
[14697/19601] RCKT: ✓ (no splits)
[14698/19601] RCKTW: ✓ (no splits)
[14699/19601] RCKY: ✓ (no splits)
[14700/19601] RCLF: ✓ (no splits)
[14701/19601] RCL: ✓ (no splits)
[14702/19601] RCLFU: ✓ (no splits)
[14703/19601] RCLFW: ✓ (no splits)
[14704/19601] RCLO: ✓ (no splits)
[14705/19601] RCM: ✓ (no splits)
[14706/19601] RCMT: ✓ (no splits)
[14707/19601] RCON: ✓ (1 split(s))
[14708/19601] RCOR: ✓ (no splits)
[14709/19601] RCOR.WS: ✓ (no splits)
[14710/19601] RCP: ✓ (no splits)
[14711/19601] RCRTW: ✓ (no splits)
[14712/19601] RCRT: ✓ (2 split(s))
[14713/19601] RCS: ✓ (no splits)
[14714/19601] RCT: ✓ (no splits)
[14715/19601] RCTR: ✓ (no splits)
[14716/19601] RCUS: ✓ (no splits)
[14717/19601] RCpB: ✓ (no splits)
[14718/19601] RCpC: ✓ (no splits)
[14719/19601] RCpD: ✓ (no splits)
[14720/19601] RDAC: ✓ (no splits)
[14721/19601] RCpE: ✓ (no splits)
[14722/19601] RDACR: ✓ (no splits)
[14723/19601] RDACU: ✓ (no splits)
[14724/19601] RDAG: ✓ (no splits)
[14725/19601] RDAGU: ✓ (no splits)
[14726/19601] RDAGW: ✓ (no splits)
[14727/19601] RDBX: ✓ (no splits)
[14728/19601] RDBXW: ✓ (no splits)
[14729/19601] RDCM: ✓ (no splits)
[14730/19601] RDDT: ✓ (no splits)
[14731/19601] RDFN: ✓ (no splits)
[14732/19601] RDFI: ✓ (no splits)
[14733/19601] RDGT: ✓ (no splits)
[14734/19601] RDHL: ✓ (2 split(s))
[14735/19601] RDI: ✓ (no splits)
[14736/19601] RDIB: ✓ (no splits)
[14737/19601] RDIV: ✓ (no splits)
[14738/19601] RDMX: ✓ (no splits)
[14739/19601] RDN: ✓ (no splits)
[14740/19601] RDNT: ✓ (no splits)
[14741/19601] RDNW: ✓ (no splits)
[14742/19601] RDOG: ✓ (no splits)
[14743/19601] RDS.A: ✓ (no splits)
[14744/19601] RDS.B: ✓ (no splits)
[14745/19601] RDTE: ✓ (no splits)
[14746/19601] RDTL: ✓ (no splits)
[14747/19601] RDTY: ✓ (no splits)
[14748/19601] RDUS: ✓ (no splits)
[14749/19601] RDVI: ✓ (no splits)
[14750/19601] RDVT: ✓ (no splits)
[14751/19601] RDVY: ✓ (no splits)
[14752/19601] RDW: ✓ (no splits)
[14753/19601] RDW.WS: ✓ (no splits)
[14754/19601] RDWR: ✓ (no splits)
[14755/19601] RDY: ✓ (1 split(s))
[14756/19601] RDYY: ✓ (no splits)
[14757/19601] RDZN: ✓ (no splits)
[14758/19601] RDZNW: ✓ (no splits)
[14759/19601] RE: ✓ (no splits)
[14760/19601] REAI: ✓ (no splits)
[14761/19601] REAL: ✓ (no splits)
[14762/19601] REAX: ✓ (1 split(s))
[14763/19601] REBN: ✓ (1 split(s))
[14764/19601] REC: ✓ (no splits)
[14765/19601] RECS: ✓ (no splits)
[14766/19601] RECT: ✓ (no splits)
[14767/19601] REDU: ✓ (1 split(s))
[14768/19601] REE: ✓ (1 split(s))
[14769/19601] REEAW: ✓ (no splits)
[14770/19601] REED: ✓ (2 split(s))
[14771/19601] REFI: ✓ (no splits)
[14772/19601] REET: ✓ (no splits)
[14773/19601] REFR: ✓ (no splits)
[14774/19601] REG: ✓ (no splits)
[14775/19601] REGCO: ✓ (no splits)
[14776/19601] REGCP: ✓ (no splits)
[14777/19601] REGI: ✓ (no splits)
[14778/19601] REGL: ✓ (no splits)
[14779/19601] REGN: ✓ (no splits)
[14780/19601] REIT: ✓ (no splits)
[14781/19601] REI: ✓ (no splits)
[14782/19601] REK: ✓ (1 split(s))
[14783/19601] REKR: ✓ (no splits)
[14784/19601] REKT: ✓ (no splits)
[14785/19601] RELI: ✓ (3 split(s))
[14786/19601] RELIW: ✓ (no splits)
[14787/19601] RELL: ✓ (no splits)
[14788/19601] RELV: ✓ (4 split(s))
[14789/19601] RELX: ✓ (no splits)
[14790/19601] RELY: ✓ (no splits)
[14791/19601] REM: ✓ (no splits)
[14792/19601] REMG: ✓ (no splits)
[14793/19601] REML: ✓ (no splits)
[14794/19601] REMX: ✓ (no splits)
[14795/19601] RENB: ✓ (1 split(s))
[14796/19601] RENE: ✓ (no splits)
[14797/19601] RENEU: ✓ (no splits)
[14798/19601] RENEW: ✓ (no splits)
[14799/19601] RENN: ✓ (no splits)
[14800/19601] RENO: ✓ (no splits)
[14801/19601] RENT: ✓ (1 split(s))
[14802/19601] RENW: ✓ (no splits)
[14803/19601] REPH: ✓ (no splits)
[14804/19601] REPL: ✓ (no splits)
[14805/19601] RERE: ✓ (no splits)
[14806/19601] REPX: ✓ (1 split(s))
[14807/19601] RES: ✓ (no splits)
[14808/19601] RESD: ✓ (no splits)
[14809/19601] RESE: ✓ (no splits)
[14810/19601] RESI: ✓ (no splits)
[14811/19601] RESP: ✓ (no splits)
[14812/19601] RETA: ✓ (no splits)
[14813/19601] RESN: ✓ (no splits)
[14814/19601] RETO: ✓ (4 split(s))
[14815/19601] RETL: ✓ (2 split(s))
[14816/19601] REUN: ✓ (no splits)
[14817/19601] REV: ✓ (no splits)
[14818/19601] REVB: ✓ (4 split(s))
[14819/19601] REVBU: ✓ (no splits)
[14820/19601] REVBW: ✓ (no splits)
[14821/19601] REVE: ✓ (no splits)
[14822/19601] REVEU: ✓ (no splits)
[14823/19601] REVEW: ✓ (no splits)
[14824/19601] REVG: ✓ (no splits)
[14825/19601] REVHU: ✓ (no splits)
[14826/19601] REVH: ✓ (no splits)
[14827/19601] REVHW: ✓ (no splits)
[14828/19601] REVS: ✓ (no splits)
[14829/19601] REW: ✓ (3 split(s))
[14830/19601] REX: ✓ (2 split(s))
[14831/19601] REXR: ✓ (no splits)
[14832/19601] REXRpA: ✓ (no splits)
[14833/19601] REXRpB: ✓ (no splits)
[14834/19601] REXRpC: ✓ (no splits)
[14835/19601] REZ: ✓ (no splits)
[14836/19601] REZI: ✓ (no splits)
[14837/19601] RF: ✓ (no splits)
[14838/19601] REYN: ✓ (no splits)
[14839/19601] RFAC: ✓ (no splits)
[14840/19601] RFACR: ✓ (no splits)
[14841/19601] RFACU: ✓ (no splits)
[14842/19601] RFACW: ✓ (no splits)
[14843/19601] RFAI: ✓ (no splits)
[14844/19601] RFAIR: ✓ (no splits)
[14845/19601] RFAP: ✓ (no splits)
[14846/19601] RFCI: ✓ (no splits)
[14847/19601] RFAIU: ✓ (no splits)
[14848/19601] RFDA: ✓ (no splits)
[14849/19601] RFDI: ✓ (no splits)
[14850/19601] RFEM: ✓ (no splits)
[14851/19601] RFEU: ✓ (no splits)
[14852/19601] RFFC: ✓ (no splits)
[14853/19601] RFI: ✓ (no splits)
[14854/19601] RFL: ✓ (no splits)
[14855/19601] RFG: ✓ (1 split(s))
[14856/19601] RFL.WS: ✓ (no splits)
[14857/19601] RFIX: ✓ (no splits)
[14858/19601] RFIL: ✓ (no splits)
[14859/19601] RFLR: ✓ (no splits)
[14860/19601] RFMZ: ✓ (no splits)
[14861/19601] RFM: ✓ (no splits)
[14862/19601] RFP: ✓ (no splits)
[14863/19601] RFV: ✓ (no splits)
[14864/19601] RFUN: ✓ (no splits)
[14865/19601] RFpA: ✓ (no splits)
[14866/19601] RFpC: ✓ (no splits)
[14867/19601] RFpE: ✓ (no splits)
[14868/19601] RFpB: ✓ (no splits)
[14869/19601] RFpF: ✓ (no splits)
[14870/19601] RGA: ✓ (no splits)
[14871/19601] RGC: ✓ (1 split(s))
[14872/19601] RGCO: ✓ (no splits)
[14873/19601] RGEF: ✓ (no splits)
[14874/19601] RGEN: ✓ (no splits)
[14875/19601] RGF: ✓ (1 split(s))
[14876/19601] RGLD: ✓ (no splits)
[14877/19601] RGLO: ✓ (no splits)
[14878/19601] RGI: ✓ (no splits)
[14879/19601] RGNT: ✓ (no splits)
[14880/19601] RGP: ✓ (no splits)
[14881/19601] RGR: ✓ (no splits)
[14882/19601] RGLS: ✓ (1 split(s))
[14883/19601] RGNX: ✓ (no splits)
[14884/19601] RGS: ✓ (1 split(s))
[14885/19601] RGT: ✓ (no splits)
[14886/19601] RGTI: ✓ (no splits)
[14887/19601] RGTU: ✓ (1 split(s))
[14888/19601] RGTIW: ✓ (no splits)
[14889/19601] RGTX: ✓ (no splits)
[14890/19601] RGTZ: ✓ (no splits)
[14891/19601] RGYY: ✓ (no splits)
[14892/19601] RH: ✓ (no splits)
[14893/19601] RHCB: ✓ (no splits)
[14894/19601] RHE: ✓ (no splits)
[14895/19601] RHEpA: ✓ (no splits)
[14896/19601] RHI: ✓ (no splits)
[14897/19601] RHLD: ✓ (no splits)
[14898/19601] RHLDV: ✓ (no splits)
[14899/19601] RHP: ✓ (no splits)
[14900/19601] RHS: ✓ (no splits)
[14901/19601] RHRX: ✓ (no splits)
[14902/19601] RHTX: ✓ (no splits)
[14903/19601] RIBBR: ✓ (no splits)
[14904/19601] RIBB: ✓ (no splits)
[14905/19601] RIBBU: ✓ (no splits)
[14906/19601] RICE.U: ✓ (no splits)
[14907/19601] RIBT: ✓ (1 split(s))
[14908/19601] RICE.WS: ✓ (no splits)
[14909/19601] RICE: ✓ (no splits)
[14910/19601] RICK: ✓ (no splits)
[14911/19601] RICO: ✓ (no splits)
[14912/19601] RICOU: ✓ (no splits)
[14913/19601] RICOW: ✓ (no splits)
[14914/19601] RIDE: ✓ (1 split(s))
[14915/19601] RIDEW: ✓ (no splits)
[14916/19601] RIET: ✓ (no splits)
[14917/19601] RIFR: ✓ (no splits)
[14918/19601] RIG: ✓ (no splits)
[14919/19601] RIGL: ✓ (1 split(s))
[14920/19601] RIGS: ✓ (no splits)
[14921/19601] RILA: ✓ (no splits)
[14922/19601] RILY: ✓ (no splits)
[14923/19601] RIGZ: ✓ (no splits)
[14924/19601] RILYG: ✓ (no splits)
[14925/19601] RILYH: ✓ (no splits)
[14926/19601] RILYK: ✓ (no splits)
[14927/19601] RILYI: ✓ (no splits)
[14928/19601] RILYL: ✓ (no splits)
[14929/19601] RILYM: ✓ (no splits)
[14930/19601] RILYN: ✓ (no splits)
[14931/19601] RILYO: ✓ (no splits)
[14932/19601] RILYP: ✓ (no splits)
[14933/19601] RILYT: ✓ (no splits)
[14934/19601] RILYZ: ✓ (no splits)
[14935/19601] RIME: ✓ (1 split(s))
[14936/19601] RINC: ✓ (no splits)
[14937/19601] RINF: ✓ (no splits)
[14938/19601] RING: ✓ (no splits)
[14939/19601] RINT: ✓ (no splits)
[14940/19601] RIO: ✓ (no splits)
[14941/19601] RIOT: ✓ (no splits)
[14942/19601] RIOX: ✓ (no splits)
[14943/19601] RISN: ✓ (no splits)
[14944/19601] RISR: ✓ (no splits)
[14945/19601] RITA: ✓ (no splits)
[14946/19601] RITMpA: ✓ (no splits)
[14947/19601] RITM: ✓ (no splits)
[14948/19601] RITMpC: ✓ (no splits)
[14949/19601] RITMpB: ✓ (no splits)
[14950/19601] RITMpD: ✓ (no splits)
[14951/19601] RITMpE: ✓ (no splits)
[14952/19601] RITR: ✓ (no splits)
[14953/19601] RIV: ✓ (no splits)
[14954/19601] RIVE: ✓ (no splits)
[14955/19601] RIVN: ✓ (no splits)
[14956/19601] RIVpA: ✓ (no splits)
[14957/19601] RIVr: ✓ (no splits)
[14958/19601] RIVrw: ✓ (no splits)
[14959/19601] RJA: ✓ (no splits)
[14960/19601] RJAC: ✓ (no splits)
[14961/19601] RJAC.U: ✓ (no splits)
[14962/19601] RJAC.WS: ✓ (no splits)
[14963/19601] RJDI: ✓ (no splits)
[14964/19601] RJET: ✓ (no splits)
[14965/19601] RJF: ✓ (1 split(s))
[14966/19601] RJFpA: ✓ (no splits)
[14967/19601] RJN: ✓ (no splits)
[14968/19601] RJFpB: ✓ (no splits)
[14969/19601] RJMI: ✓ (no splits)
[14970/19601] RJI: ✓ (no splits)
[14971/19601] RJMG: ✓ (no splits)
[14972/19601] RJVI: ✓ (no splits)
[14973/19601] RJZ: ✓ (no splits)
[14974/19601] RKDA: ✓ (2 split(s))
[14975/19601] RKLB: ✓ (no splits)
[14976/19601] RKLBW: ✓ (no splits)
[14977/19601] RKLX: ✓ (no splits)
[14978/19601] RKLY: ✓ (no splits)
[14979/19601] RKLY.WS: ✓ (no splits)
[14980/19601] RKLZ: ✓ (no splits)
[14981/19601] RKT: ✓ (no splits)
[14982/19601] RKTA: ✓ (no splits)
[14983/19601] RKTA.U: ✓ (no splits)
[14984/19601] RKTA.WS: ✓ (no splits)
[14985/19601] RL: ✓ (no splits)
[14986/19601] RLAY: ✓ (no splits)
[14987/19601] RLH: ✓ (no splits)
[14988/19601] RLGT: ✓ (no splits)
[14989/19601] RLGY: ✓ (no splits)
[14990/19601] RLJ: ✓ (no splits)
[14991/19601] RLI: ✓ (1 split(s))
[14992/19601] RLMD: ✓ (no splits)
[14993/19601] RLJpA: ✓ (no splits)
[14994/19601] RLTY: ✓ (no splits)
[14995/19601] RLX: ✓ (no splits)
[14996/19601] RLY: ✓ (no splits)
[14997/19601] RLYB: ✓ (no splits)
[14998/19601] RM: ✓ (no splits)
[14999/19601] RMAX: ✓ (no splits)
[15000/19601] RMBI: ✓ (no splits)
  → Checkpoint saved: 1841 splits so far
[15001/19601] RMBL: ✓ (no splits)
[15002/19601] RMBS: ✓ (no splits)
[15003/19601] RMCA: ✓ (no splits)
[15004/19601] RMCF: ✓ (no splits)
[15005/19601] RMCO: ✓ (no splits)
[15006/19601] RMCOW: ✓ (no splits)
[15007/19601] RMD: ✓ (no splits)
[15008/19601] RMED: ✓ (no splits)
[15009/19601] RMG: ✓ (no splits)
[15010/19601] RMG.U: ✓ (no splits)
[15011/19601] RMG.WS: ✓ (no splits)
[15012/19601] RMGB: ✓ (no splits)
[15013/19601] RMGBU: ✓ (no splits)
[15014/19601] RMGBW: ✓ (no splits)
[15015/19601] RMGC: ✓ (no splits)
[15016/19601] RMGCU: ✓ (no splits)
[15017/19601] RMGCW: ✓ (no splits)
[15018/19601] RMI: ✓ (no splits)
[15019/19601] RMIF: ✓ (no splits)
[15020/19601] RMM: ✓ (no splits)
[15021/19601] RMME: ✓ (no splits)
[15022/19601] RMMZ: ✓ (no splits)
[15023/19601] RMNI: ✓ (no splits)
[15024/19601] RMNY: ✓ (no splits)
[15025/19601] RMO: ✓ (no splits)
[15026/19601] RMO.WS: ✓ (no splits)
[15027/19601] RMOP: ✓ (no splits)
[15028/19601] RMPLp: ✓ (no splits)
[15029/19601] RMRM: ✓ (no splits)
[15030/19601] RMR: ✓ (no splits)
[15031/19601] RMSG: ✓ (no splits)
[15032/19601] RMSGW: ✓ (no splits)
[15033/19601] RMT: ✓ (no splits)
[15034/19601] RMTI: ✓ (1 split(s))
[15035/19601] RNA: ✓ (no splits)
[15036/19601] RNAC: ✓ (2 split(s))
[15037/19601] RNAZ: ✓ (4 split(s))
[15038/19601] RND: ✓ (no splits)
[15039/19601] RNDB: ✓ (no splits)
[15040/19601] RNDM: ✓ (no splits)
[15041/19601] RNDV: ✓ (no splits)
[15042/19601] RNEM: ✓ (no splits)
[15043/19601] RNER: ✓ (no splits)
[15044/19601] RNERU: ✓ (no splits)
[15045/19601] RNERW: ✓ (no splits)
[15046/19601] RNET: ✓ (no splits)
[15047/19601] RNEW: ✓ (no splits)
[15048/19601] RNG: ✓ (no splits)
[15049/19601] RNGT: ✓ (no splits)
[15050/19601] RNGR: ✓ (no splits)
[15051/19601] RNGTU: ✓ (no splits)
[15052/19601] RNIN: ✓ (no splits)
[15053/19601] RNGTW: ✓ (no splits)
[15054/19601] RNLC: ✓ (no splits)
[15055/19601] RNLX: ✓ (no splits)
[15056/19601] RNMC: ✓ (no splits)
[15057/19601] RNP: ✓ (no splits)
[15058/19601] RNR: ✓ (no splits)
[15059/19601] RNRpE: ✓ (no splits)
[15060/19601] RNRG: ✓ (1 split(s))
[15061/19601] RNRpF: ✓ (no splits)
[15062/19601] RNRpG: ✓ (no splits)
[15063/19601] RNST: ✓ (no splits)
[15064/19601] RNSC: ✓ (no splits)
[15065/19601] RNTX: ✓ (no splits)
[15066/19601] RNTY: ✓ (no splits)
[15067/19601] RNW: ✓ (no splits)
[15068/19601] RNWK: ✓ (no splits)
[15069/19601] RNWWW: ✓ (no splits)
[15070/19601] RNWZ: ✓ (no splits)
[15071/19601] RNXT: ✓ (no splits)
[15072/19601] ROAD: ✓ (no splits)
[15073/19601] ROAM: ✓ (no splits)
[15074/19601] ROBN: ✓ (no splits)
[15075/19601] ROBO: ✓ (no splits)
[15076/19601] ROBT: ✓ (no splits)
[15077/19601] ROC: ✓ (no splits)
[15078/19601] ROCAR: ✓ (no splits)
[15079/19601] ROCAU: ✓ (no splits)
[15080/19601] ROCCU: ✓ (no splits)
[15081/19601] ROCC: ✓ (no splits)
[15082/19601] ROCCW: ✓ (no splits)
[15083/19601] ROCGU: ✓ (no splits)
[15084/19601] ROCG: ✓ (no splits)
[15085/19601] ROCGW: ✓ (no splits)
[15086/19601] ROCH: ✓ (no splits)
[15087/19601] ROCHU: ✓ (no splits)
[15088/19601] ROCHW: ✓ (no splits)
[15089/19601] ROCI: ✓ (no splits)
[15090/19601] ROCK: ✓ (no splits)
[15091/19601] ROCL: ✓ (no splits)
[15092/19601] ROCLU: ✓ (no splits)
[15093/19601] ROCR: ✓ (no splits)
[15094/19601] ROCLW: ✓ (no splits)
[15095/19601] ROCRU: ✓ (no splits)
[15096/19601] ROCRW: ✓ (no splits)
[15097/19601] RODE: ✓ (no splits)
[15098/19601] RODI: ✓ (no splits)
[15099/19601] RODM: ✓ (no splits)
[15100/19601] ROG: ✓ (no splits)
[15101/19601] ROE: ✓ (no splits)
[15102/19601] ROI: ✓ (1 split(s))
[15103/19601] ROIC: ✓ (no splits)
[15104/19601] ROIS: ✓ (no splits)
[15105/19601] ROIV: ✓ (no splits)
[15106/19601] ROIVW: ✓ (no splits)
[15107/19601] ROKT: ✓ (no splits)
[15108/19601] ROK: ✓ (no splits)
[15109/19601] ROKU: ✓ (no splits)
[15110/19601] ROL: ✓ (1 split(s))
[15111/19601] ROLL: ✓ (no splits)
[15112/19601] ROLLP: ✓ (no splits)
[15113/19601] ROM: ✓ (1 split(s))
[15114/19601] ROLR: ✓ (no splits)
[15115/19601] ROMA: ✓ (no splits)
[15116/19601] RONI: ✓ (no splits)
[15117/19601] RONI.U: ✓ (no splits)
[15118/19601] ROMO: ✓ (no splits)
[15119/19601] RONI.WS: ✓ (no splits)
[15120/19601] ROOT: ✓ (1 split(s))
[15121/19601] ROOF: ✓ (no splits)
[15122/19601] ROP: ✓ (no splits)
[15123/19601] ROPE: ✓ (no splits)
[15124/19601] ROSC: ✓ (no splits)
[15125/19601] RORO: ✓ (no splits)
[15126/19601] ROSE: ✓ (no splits)
[15127/19601] ROSEU: ✓ (no splits)
[15128/19601] ROSEW: ✓ (no splits)
[15129/19601] ROSS: ✓ (no splits)
[15130/19601] ROSS.U: ✓ (no splits)
[15131/19601] ROSS.WS: ✓ (no splits)
[15132/19601] ROST: ✓ (no splits)
[15133/19601] ROT: ✓ (no splits)
[15134/19601] ROT.U: ✓ (no splits)
[15135/19601] ROT.WS: ✓ (no splits)
[15136/19601] ROVRW: ✓ (no splits)
[15137/19601] ROVR: ✓ (no splits)
[15138/19601] ROYA: ✓ (no splits)
[15139/19601] ROUS: ✓ (no splits)
[15140/19601] RP: ✓ (no splits)
[15141/19601] RPAI: ✓ (no splits)
[15142/19601] RPAR: ✓ (no splits)
[15143/19601] RPAY: ✓ (no splits)
[15144/19601] RPD: ✓ (no splits)
[15145/19601] RPGL: ✓ (no splits)
[15146/19601] RPG: ✓ (1 split(s))
[15147/19601] RPHM: ✓ (1 split(s))
[15148/19601] RPHS: ✓ (no splits)
[15149/19601] RPLA: ✓ (no splits)
[15150/19601] RPID: ✓ (no splits)
[15151/19601] RPLA.U: ✓ (no splits)
[15152/19601] RPLA.WS: ✓ (no splits)
[15153/19601] RPM: ✓ (no splits)
[15154/19601] RPRX: ✓ (no splits)
[15155/19601] RPT: ✓ (no splits)
[15156/19601] RPTX: ✓ (no splits)
[15157/19601] RPTpC: ✓ (no splits)
[15158/19601] RPV: ✓ (no splits)
[15159/19601] RQI: ✓ (no splits)
[15160/19601] RPTpD: ✓ (no splits)
[15161/19601] RR: ✓ (no splits)
[15162/19601] RRAC: ✓ (no splits)
[15163/19601] RRAC.U: ✓ (no splits)
[15164/19601] RRBI: ✓ (no splits)
[15165/19601] RRAC.WS: ✓ (no splits)
[15166/19601] RRC: ✓ (no splits)
[15167/19601] RRGB: ✓ (no splits)
[15168/19601] RRD: ✓ (no splits)
[15169/19601] RRR: ✓ (no splits)
[15170/19601] RRH: ✓ (no splits)
[15171/19601] RRX: ✓ (no splits)
[15172/19601] RS: ✓ (no splits)
[15173/19601] RSBA: ✓ (no splits)
[15174/19601] RSBT: ✓ (no splits)
[15175/19601] RSBY: ✓ (no splits)
[15176/19601] RSDE: ✓ (no splits)
[15177/19601] RSEE: ✓ (no splits)
[15178/19601] RSF: ✓ (no splits)
[15179/19601] RSFr: ✓ (no splits)
[15180/19601] RSFrw: ✓ (no splits)
[15181/19601] RSHO: ✓ (no splits)
[15182/19601] RSG: ✓ (no splits)
[15183/19601] RSI: ✓ (no splits)
[15184/19601] RSKD: ✓ (no splits)
[15185/19601] RSI.WS: ✓ (no splits)
[15186/19601] RSJN: ✓ (no splits)
[15187/19601] RSMC: ✓ (no splits)
[15188/19601] RSLS: ✓ (3 split(s))
[15189/19601] RSMR: ✓ (no splits)
[15190/19601] RSMV: ✓ (no splits)
[15191/19601] RSP: ✓ (no splits)
[15192/19601] RSPA: ✓ (no splits)
[15193/19601] RSPC: ✓ (no splits)
[15194/19601] RSPD: ✓ (1 split(s))
[15195/19601] RSPE: ✓ (no splits)
[15196/19601] RSPF: ✓ (no splits)
[15197/19601] RSPG: ✓ (no splits)
[15198/19601] RSPH: ✓ (1 split(s))
[15199/19601] RSPM: ✓ (1 split(s))
[15200/19601] RSPR: ✓ (no splits)
[15201/19601] RSPN: ✓ (1 split(s))
[15202/19601] RSPS: ✓ (1 split(s))
[15203/19601] RSPT: ✓ (1 split(s))
[15204/19601] RSPU: ✓ (1 split(s))
[15205/19601] RSSB: ✓ (no splits)
[15206/19601] RSPY: ✓ (no splits)
[15207/19601] RSSL: ✓ (no splits)
[15208/19601] RSSE: ✓ (no splits)
[15209/19601] RSSS: ✓ (no splits)
[15210/19601] RSST: ✓ (no splits)
[15211/19601] RSSY: ✓ (no splits)
[15212/19601] RSSX: ✓ (no splits)
[15213/19601] RSTN: ✓ (no splits)
[15214/19601] RSVA: ✓ (no splits)
[15215/19601] RSVAW: ✓ (no splits)
[15216/19601] RSVAU: ✓ (no splits)
[15217/19601] RSVR: ✓ (no splits)
[15218/19601] RSVRW: ✓ (no splits)
[15219/19601] RSXJ: ✓ (no splits)
[15220/19601] RSX: ✓ (no splits)
[15221/19601] RTAC: ✓ (no splits)
[15222/19601] RTACW: ✓ (no splits)
[15223/19601] RTACU: ✓ (no splits)
[15224/19601] RTH: ✓ (no splits)
[15225/19601] RTC: ✓ (1 split(s))
[15226/19601] RTAI: ✓ (no splits)
[15227/19601] RTL: ✓ (no splits)
[15228/19601] RTLPO: ✓ (no splits)
[15229/19601] RTLPP: ✓ (no splits)
[15230/19601] RTLR: ✓ (no splits)
[15231/19601] RTM: ✓ (no splits)
[15232/19601] RTO: ✓ (no splits)
[15233/19601] RTP: ✓ (no splits)
[15234/19601] RTP.U: ✓ (no splits)
[15235/19601] RTP.WS: ✓ (no splits)
[15236/19601] RTPY: ✓ (no splits)
[15237/19601] RTPYU: ✓ (no splits)
[15238/19601] RTPYW: ✓ (no splits)
[15239/19601] RTPZ: ✓ (no splits)
[15240/19601] RTPZ.U: ✓ (no splits)
[15241/19601] RTRE: ✓ (no splits)
[15242/19601] RTX: ✓ (no splits)
[15243/19601] RTPZ.WS: ✓ (no splits)
[15244/19601] RTYY: ✓ (no splits)
[15245/19601] RTXG: ✓ (no splits)
[15246/19601] RTYD: ✓ (no splits)
[15247/19601] RUBY: ✓ (no splits)
[15248/19601] RUBI: ✓ (1 split(s))
[15249/19601] RUFF: ✓ (no splits)
[15250/19601] RUHN: ✓ (no splits)
[15251/19601] RULE: ✓ (no splits)
[15252/19601] RUM: ✓ (no splits)
[15253/19601] RUMBW: ✓ (no splits)
[15254/19601] RUN: ✓ (no splits)
[15255/19601] RUNN: ✓ (no splits)
[15256/19601] RUSC: ✓ (no splits)
[15257/19601] RUSHA: ✓ (1 split(s))
[15258/19601] RUSHB: ✓ (1 split(s))
[15259/19601] RUSL: ✓ (no splits)
[15260/19601] RUTH: ✓ (no splits)
[15261/19601] RVACU: ✓ (no splits)
[15262/19601] RVAC: ✓ (no splits)
[15263/19601] RVACW: ✓ (no splits)
[15264/19601] RVER: ✓ (no splits)
[15265/19601] RVLP: ✓ (no splits)
[15266/19601] RVI: ✓ (no splits)
[15267/19601] RVLV: ✓ (no splits)
[15268/19601] RVMD: ✓ (no splits)
[15269/19601] RVMDW: ✓ (no splits)
[15270/19601] RVNC: ✓ (no splits)
[15271/19601] RVNL: ✓ (no splits)
[15272/19601] RVNU: ✓ (no splits)
[15273/19601] RVP: ✓ (no splits)
[15274/19601] RVPH: ✓ (no splits)
[15275/19601] RVPHW: ✓ (no splits)
[15276/19601] RVRB: ✓ (no splits)
[15277/19601] RVRS: ✓ (no splits)
[15278/19601] RVSB: ✓ (no splits)
[15279/19601] RVSN: ✓ (1 split(s))
[15280/19601] RVT: ✓ (no splits)
[15281/19601] RVSNW: ✓ (no splits)
[15282/19601] RVTY: ✓ (no splits)
[15283/19601] RVYL: ✓ (1 split(s))
[15284/19601] RW: ✓ (no splits)
[15285/19601] RWAY: ✓ (no splits)
[15286/19601] RWGV: ✓ (no splits)
[15287/19601] RWAYL: ✓ (no splits)
[15288/19601] RWAYZ: ✓ (no splits)
[15289/19601] RWJ: ✓ (1 split(s))
[15290/19601] RWK: ✓ (no splits)
[15291/19601] RWL: ✓ (no splits)
[15292/19601] RWLK: ✓ (no splits)
[15293/19601] RWM: ✓ (no splits)
[15294/19601] RWO: ✓ (no splits)
[15295/19601] RWOD: ✓ (no splits)
[15296/19601] RWODR: ✓ (no splits)
[15297/19601] RWODU: ✓ (no splits)
[15298/19601] RWODW: ✓ (no splits)
[15299/19601] RWR: ✓ (no splits)
[15300/19601] RWTN: ✓ (no splits)
[15301/19601] RWTO: ✓ (no splits)
[15302/19601] RWT: ✓ (no splits)
[15303/19601] RWTP: ✓ (no splits)
[15304/19601] RWTQ: ✓ (no splits)
[15305/19601] RWTpA: ✓ (no splits)
[15306/19601] RWX: ✓ (no splits)
[15307/19601] RWVG: ✓ (no splits)
[15308/19601] RXD: ✓ (1 split(s))
[15309/19601] RXI: ✓ (no splits)
[15310/19601] RXDX: ✓ (no splits)
[15311/19601] RXL: ✓ (2 split(s))
[15312/19601] RXN: ✓ (no splits)
[15313/19601] RXO: ✓ (no splits)
[15314/19601] RXOw: ✓ (no splits)
[15315/19601] RXNw: ✓ (no splits)
[15316/19601] RXRA: ✓ (no splits)
[15317/19601] RXRAU: ✓ (no splits)
[15318/19601] RXRAW: ✓ (no splits)
[15319/19601] RXRX: ✓ (no splits)
[15320/19601] RY: ✓ (no splits)
[15321/19601] RXST: ✓ (no splits)
[15322/19601] RXT: ✓ (no splits)
[15323/19601] RYAM: ✓ (no splits)
[15324/19601] RYAAY: ✓ (1 split(s))
[15325/19601] RYAN: ✓ (no splits)
[15326/19601] RYB: ✓ (no splits)
[15327/19601] RYDE: ✓ (no splits)
[15328/19601] RYE: ✓ (no splits)
[15329/19601] RYET: ✓ (no splits)
[15330/19601] RYI: ✓ (no splits)
[15331/19601] RYF: ✓ (no splits)
[15332/19601] RYH: ✓ (no splits)
[15333/19601] RYJ: ✓ (no splits)
[15334/19601] RYLD: ✓ (no splits)
[15335/19601] RYLG: ✓ (no splits)
[15336/19601] RYM: ✓ (no splits)
[15337/19601] RYN: ✓ (1 split(s))
[15338/19601] RYOJ: ✓ (no splits)
[15339/19601] RYSE: ✓ (no splits)
[15340/19601] RYTM: ✓ (no splits)
[15341/19601] RYT: ✓ (no splits)
[15342/19601] RYU: ✓ (no splits)
[15343/19601] RYZB: ✓ (no splits)
[15344/19601] RYpT: ✓ (no splits)
[15345/19601] RZA: ✓ (no splits)
[15346/19601] RZB: ✓ (no splits)
[15347/19601] RZC: ✓ (no splits)
[15348/19601] RZG: ✓ (1 split(s))
[15349/19601] RZLT: ✓ (no splits)
[15350/19601] RZLV: ✓ (no splits)
[15351/19601] RZV: ✓ (no splits)
[15352/19601] S: ✓ (no splits)
[15353/19601] RZLVW: ✓ (no splits)
[15354/19601] SA: ✓ (no splits)
[15355/19601] SAA: ✓ (1 split(s))
[15356/19601] SABA: ✓ (1 split(s))
[15357/19601] SABR: ✓ (no splits)
[15358/19601] SABRP: ✓ (no splits)
[15359/19601] SABS: ✓ (1 split(s))
[15360/19601] SABSW: ✓ (no splits)
[15361/19601] SACC: ✓ (no splits)
[15362/19601] SAC.U: ✓ (no splits)
[15363/19601] SACHpA: ✓ (no splits)
[15364/19601] SACH: ✓ (no splits)
[15365/19601] SAEF: ✓ (no splits)
[15366/19601] SAF: ✓ (no splits)
[15367/19601] SAFM: ✓ (no splits)
[15368/19601] SAFT: ✓ (no splits)
[15369/19601] SAFE: ✓ (no splits)
[15370/19601] SAFX: ✓ (no splits)
[15371/19601] SAG: ✓ (no splits)
[15372/19601] SAGA: ✓ (no splits)
[15373/19601] SAGAR: ✓ (no splits)
[15374/19601] SAGAU: ✓ (no splits)
[15375/19601] SAGE: ✓ (no splits)
[15376/19601] SAGP: ✓ (no splits)
[15377/19601] SAGT: ✓ (no splits)
[15378/19601] SAH: ✓ (no splits)
[15379/19601] SAI: ✓ (no splits)
[15380/19601] SAIA: ✓ (no splits)
[15381/19601] SAIC: ✓ (no splits)
[15382/19601] SAIH: ✓ (1 split(s))
[15383/19601] SAIIU: ✓ (no splits)
[15384/19601] SAII: ✓ (no splits)
[15385/19601] SAIHW: ✓ (no splits)
[15386/19601] SAIL: ✓ (no splits)
[15387/19601] SAITW: ✓ (no splits)
[15388/19601] SAIIW: ✓ (no splits)
[15389/19601] SAJ: ✓ (no splits)
[15390/19601] SAK: ✓ (no splits)
[15391/19601] SAL: ✓ (1 split(s))
[15392/19601] SALM: ✓ (no splits)
[15393/19601] SALT: ✓ (no splits)
[15394/19601] SAM: ✓ (no splits)
[15395/19601] SAMAU: ✓ (no splits)
[15396/19601] SAMA: ✓ (no splits)
[15397/19601] SAMG: ✓ (no splits)
[15398/19601] SAMAW: ✓ (no splits)
[15399/19601] SAMM: ✓ (no splits)
[15400/19601] SAMT: ✓ (no splits)
[15401/19601] SAN: ✓ (no splits)
[15402/19601] SANA: ✓ (no splits)
[15403/19601] SANBW: ✓ (no splits)
[15404/19601] SANB: ✓ (no splits)
[15405/19601] SANBU: ✓ (no splits)
[15406/19601] SAND: ✓ (no splits)
[15407/19601] SANG: ✓ (no splits)
[15408/19601] SANE: ✓ (no splits)
[15409/19601] SANM: ✓ (no splits)
[15410/19601] SANW: ✓ (1 split(s))
[15411/19601] SAP: ✓ (no splits)
[15412/19601] SAPH: ✓ (no splits)
[15413/19601] SAR: ✓ (no splits)
[15414/19601] SARK: ✓ (1 split(s))
[15415/19601] SARO: ✓ (no splits)
[15416/19601] SASR: ✓ (no splits)
[15417/19601] SAT: ✓ (no splits)
[15418/19601] SASI: ✓ (1 split(s))
[15419/19601] SATA: ✓ (no splits)
[15420/19601] SATL: ✓ (no splits)
[15421/19601] SATLW: ✓ (no splits)
[15422/19601] SATO: ✓ (no splits)
[15423/19601] SATX.WS.A: ✓ (no splits)
[15424/19601] SATS: ✓ (no splits)
[15425/19601] SATX: ✓ (no splits)
[15426/19601] SAUG: ✓ (no splits)
[15427/19601] SAVA: ✓ (1 split(s))
[15428/19601] SAVAW: ✓ (no splits)
[15429/19601] SAVE: ✓ (no splits)
[15430/19601] SAVN: ✓ (no splits)
[15431/19601] SAWS: ✓ (no splits)
[15432/19601] SAWG: ✓ (no splits)
[15433/19601] SAY: ✓ (no splits)
[15434/19601] SAZ: ✓ (no splits)
[15435/19601] SB: ✓ (no splits)
[15436/19601] SBAC: ✓ (no splits)
[15437/19601] SBB: ✓ (no splits)
[15438/19601] SBAR: ✓ (no splits)
[15439/19601] SBBA: ✓ (no splits)
[15440/19601] SBBP: ✓ (no splits)
[15441/19601] SBC: ✓ (no splits)
[15442/19601] SBCF: ✓ (no splits)
[15443/19601] SBCWW: ✓ (no splits)
[15444/19601] SBE: ✓ (no splits)
[15445/19601] SBDS: ✓ (no splits)
[15446/19601] SBE.U: ✓ (no splits)
[15447/19601] SBE.WS: ✓ (no splits)
[15448/19601] SBEA: ✓ (no splits)
[15449/19601] SBEAU: ✓ (no splits)
[15450/19601] SBEAW: ✓ (no splits)
[15451/19601] SBEV.WS: ✓ (no splits)
[15452/19601] SBET: ✓ (2 split(s))
[15453/19601] SBEV: ✓ (2 split(s))
[15454/19601] SBFG: ✓ (1 split(s))
[15455/19601] SBG.U: ✓ (no splits)
[15456/19601] SBG.WS: ✓ (no splits)
[15457/19601] SBFM: ✓ (3 split(s))
[15458/19601] SBG: ✓ (no splits)
[15459/19601] SBFMW: ✓ (no splits)
[15460/19601] SBGI: ✓ (no splits)
[15461/19601] SBI: ✓ (no splits)
[15462/19601] SBH: ✓ (no splits)
[15463/19601] SBIG: ✓ (no splits)
[15464/19601] SBIGW: ✓ (no splits)
[15465/19601] SBII: ✓ (no splits)
[15466/19601] SBII.U: ✓ (no splits)
[15467/19601] SBII.WS: ✓ (no splits)
[15468/19601] SBIL: ✓ (no splits)
[15469/19601] SBIO: ✓ (no splits)
[15470/19601] SBIT: ✓ (1 split(s))
[15471/19601] SBLK: ✓ (no splits)
[15472/19601] SBLKZ: ✓ (no splits)
[15473/19601] SBLX: ✓ (1 split(s))
[15474/19601] SBM: ✓ (1 split(s))
[15475/19601] SBND: ✓ (no splits)
[15476/19601] SBNY: ✓ (no splits)
[15477/19601] SBR: ✓ (no splits)
[15478/19601] SBNYP: ✓ (no splits)
[15479/19601] SBOW: ✓ (no splits)
[15480/19601] SBS: ✓ (no splits)
[15481/19601] SBRA: ✓ (no splits)
[15482/19601] SBSI: ✓ (no splits)
[15483/19601] SBSW: ✓ (no splits)
[15484/19601] SBT: ✓ (no splits)
[15485/19601] SBTU: ✓ (no splits)
[15486/19601] SBTX: ✓ (no splits)
[15487/19601] SBU: ✓ (no splits)
[15488/19601] SBUG: ✓ (no splits)
[15489/19601] SBUX: ✓ (no splits)
[15490/19601] SBXC: ✓ (no splits)
[15491/19601] SBXC.U: ✓ (no splits)
[15492/19601] SBXD: ✓ (no splits)
[15493/19601] SBXC.WS: ✓ (no splits)
[15494/19601] SBXD.U: ✓ (no splits)
[15495/19601] SBXD.WS: ✓ (no splits)
[15496/19601] SBpC: ✓ (no splits)
[15497/19601] SBXE.U: ✓ (no splits)
[15498/19601] SC: ✓ (no splits)
[15499/19601] SBpD: ✓ (no splits)
[15500/19601] SCA: ✓ (no splits)
  → Checkpoint saved: 1898 splits so far
[15501/19601] SCAG: ✓ (no splits)
[15502/19601] SCAGW: ✓ (no splits)
[15503/19601] SCAQ: ✓ (no splits)
[15504/19601] SCAP: ✓ (no splits)
[15505/19601] SCAQU: ✓ (no splits)
[15506/19601] SCAQW: ✓ (no splits)
[15507/19601] SCC: ✓ (2 split(s))
[15508/19601] SCCC: ✓ (no splits)
[15509/19601] SCCB: ✓ (no splits)
[15510/19601] SCCD: ✓ (no splits)
[15511/19601] SCCE: ✓ (no splits)
[15512/19601] SCCF: ✓ (no splits)
[15513/19601] SCCO: ✓ (6 split(s))
[15514/19601] SCCG: ✓ (no splits)
[15515/19601] SCCR: ✓ (no splits)
[15516/19601] SCDL: ✓ (no splits)
[15517/19601] SCD: ✓ (no splits)
[15518/19601] SCDS: ✓ (no splits)
[15519/19601] SCDV: ✓ (no splits)
[15520/19601] SCDr: ✓ (no splits)
[15521/19601] SCEC: ✓ (no splits)
[15522/19601] SCDrw: ✓ (no splits)
[15523/19601] SCEpG: ✓ (no splits)
[15524/19601] SCEpH: ✓ (no splits)
[15525/19601] SCEpJ: ✓ (no splits)
[15526/19601] SCEpK: ✓ (no splits)
[15527/19601] SCEpL: ✓ (no splits)
[15528/19601] SCEpM: ✓ (no splits)
[15529/19601] SCHA: ✓ (2 split(s))
[15530/19601] SCEpN: ✓ (no splits)
[15531/19601] SCHB: ✓ (2 split(s))
[15532/19601] SCHC: ✓ (no splits)
[15533/19601] SCHD: ✓ (1 split(s))
[15534/19601] SCHE: ✓ (no splits)
[15535/19601] SCHF: ✓ (1 split(s))
[15536/19601] SCHH: ✓ (1 split(s))
[15537/19601] SCHG: ✓ (2 split(s))
[15538/19601] SCHI: ✓ (1 split(s))
[15539/19601] SCHJ: ✓ (1 split(s))
[15540/19601] SCHK: ✓ (1 split(s))
[15541/19601] SCHL: ✓ (no splits)
[15542/19601] SCHM: ✓ (1 split(s))
[15543/19601] SCHN: ✓ (no splits)
[15544/19601] SCHO: ✓ (1 split(s))
[15545/19601] SCHP: ✓ (1 split(s))
[15546/19601] SCHQ: ✓ (no splits)
[15547/19601] SCHR: ✓ (1 split(s))
[15548/19601] SCHWpC: ✓ (no splits)
[15549/19601] SCHV: ✓ (1 split(s))
[15550/19601] SCHW: ✓ (no splits)
[15551/19601] SCHWpD: ✓ (no splits)
[15552/19601] SCHWpJ: ✓ (no splits)
[15553/19601] SCHX: ✓ (2 split(s))
[15554/19601] SCHY: ✓ (no splits)
[15555/19601] SCHZ: ✓ (1 split(s))
[15556/19601] SCI: ✓ (no splits)
[15557/19601] SCIO: ✓ (no splits)
[15558/19601] SCIIU: ✓ (no splits)
[15559/19601] SCJ: ✓ (no splits)
[15560/19601] SCL: ✓ (no splits)
[15561/19601] SCKT: ✓ (no splits)
[15562/19601] SCLE: ✓ (no splits)
[15563/19601] SCLEU: ✓ (no splits)
[15564/19601] SCLS: ✓ (no splits)
[15565/19601] SCLEW: ✓ (no splits)
[15566/19601] SCLX: ✓ (1 split(s))
[15567/19601] SCLXW: ✓ (no splits)
[15568/19601] SCMA: ✓ (no splits)
[15569/19601] SCM: ✓ (no splits)
[15570/19601] SCLZ: ✓ (no splits)
[15571/19601] SCMAU: ✓ (no splits)
[15572/19601] SCMAW: ✓ (no splits)
[15573/19601] SCMB: ✓ (1 split(s))
[15574/19601] SCNI: ✓ (2 split(s))
[15575/19601] SCNX: ✓ (no splits)
[15576/19601] SCOA: ✓ (no splits)
[15577/19601] SCOAU: ✓ (no splits)
[15578/19601] SCO: ✓ (2 split(s))
[15579/19601] SCOAW: ✓ (no splits)
[15580/19601] SCOB: ✓ (no splits)
[15581/19601] SCOBU: ✓ (no splits)
[15582/19601] SCOBW: ✓ (no splits)
[15583/19601] SCOR: ✓ (1 split(s))
[15584/19601] SCOW: ✓ (no splits)
[15585/19601] SCPE: ✓ (no splits)
[15586/19601] SCPE.U: ✓ (no splits)
[15587/19601] SCPE.WS: ✓ (no splits)
[15588/19601] SCPL: ✓ (no splits)
[15589/19601] SCPS: ✓ (no splits)
[15590/19601] SCPH: ✓ (no splits)
[15591/19601] SCPX: ✓ (1 split(s))
[15592/19601] SCR: ✓ (no splits)
[15593/19601] SCRD: ✓ (no splits)
[15594/19601] SCRM: ✓ (no splits)
[15595/19601] SCRMU: ✓ (no splits)
[15596/19601] SCRMW: ✓ (no splits)
[15597/19601] SCTL: ✓ (no splits)
[15598/19601] SCSC: ✓ (no splits)
[15599/19601] SCS: ✓ (no splits)
[15600/19601] SCU: ✓ (no splits)
[15601/19601] SCUA: ✓ (no splits)
[15602/19601] SCUA.U: ✓ (no splits)
[15603/19601] SCUA.WS: ✓ (no splits)
[15604/19601] SCUS: ✓ (no splits)
[15605/19601] SCVL: ✓ (1 split(s))
[15606/19601] SCVX: ✓ (no splits)
[15607/19601] SCVX.U: ✓ (no splits)
[15608/19601] SCWO: ✓ (no splits)
[15609/19601] SCVX.WS: ✓ (no splits)
[15610/19601] SCWX: ✓ (no splits)
[15611/19601] SCX: ✓ (no splits)
[15612/19601] SCY: ✓ (no splits)
[15613/19601] SCYX: ✓ (no splits)
[15614/19601] SCYB: ✓ (1 split(s))
[15615/19601] SD: ✓ (no splits)
[15616/19601] SDAC: ✓ (no splits)
[15617/19601] SDA: ✓ (no splits)
[15618/19601] SDACU: ✓ (no splits)
[15619/19601] SDAWW: ✓ (no splits)
[15620/19601] SDACW: ✓ (no splits)
[15621/19601] SDC: ✓ (no splits)
[15622/19601] SDCI: ✓ (no splits)
[15623/19601] SDEF: ✓ (no splits)
[15624/19601] SDCP: ✓ (no splits)
[15625/19601] SDD: ✓ (2 split(s))
[15626/19601] SCZ: ✓ (no splits)
[15627/19601] SDEI: ✓ (no splits)
[15628/19601] SDFI: ✓ (no splits)
[15629/19601] SDEM: ✓ (1 split(s))
[15630/19601] SDG: ✓ (no splits)
[15631/19601] SDGA: ✓ (no splits)
[15632/19601] SDGR: ✓ (no splits)
[15633/19601] SDH: ✓ (no splits)
[15634/19601] SDGS: ✓ (no splits)
[15635/19601] SDHC: ✓ (no splits)
[15636/19601] SDHIU: ✓ (no splits)
[15637/19601] SDHI: ✓ (no splits)
[15638/19601] SDHIR: ✓ (no splits)
[15639/19601] SDHY: ✓ (no splits)
[15640/19601] SDIG: ✓ (1 split(s))
[15641/19601] SDIV: ✓ (1 split(s))
[15642/19601] SDM: ✓ (no splits)
[15643/19601] SDOG: ✓ (no splits)
[15644/19601] SDOT: ✓ (2 split(s))
[15645/19601] SDOW: ✓ (2 split(s))
[15646/19601] SDP: ✓ (2 split(s))
[15647/19601] SDPI: ✓ (no splits)
[15648/19601] SDRL: ✓ (no splits)
[15649/19601] SDS: ✓ (2 split(s))
[15650/19601] SDSI: ✓ (no splits)
[15651/19601] SDST: ✓ (1 split(s))
[15652/19601] SDSTW: ✓ (no splits)
[15653/19601] SDVD: ✓ (no splits)
[15654/19601] SDTY: ✓ (no splits)
[15655/19601] SDVY: ✓ (no splits)
[15656/19601] SDY: ✓ (no splits)
[15657/19601] SE: ✓ (no splits)
[15658/19601] SEA: ✓ (no splits)
[15659/19601] SEAC: ✓ (1 split(s))
[15660/19601] SEAH: ✓ (no splits)
[15661/19601] SEAH.WS: ✓ (no splits)
[15662/19601] SEAH.U: ✓ (no splits)
[15663/19601] SEALpA: ✓ (no splits)
[15664/19601] SEAS: ✓ (no splits)
[15665/19601] SEALpB: ✓ (no splits)
[15666/19601] SEAT: ✓ (1 split(s))
[15667/19601] SEATW: ✓ (no splits)
[15668/19601] SEB: ✓ (no splits)
[15669/19601] SECD: ✓ (no splits)
[15670/19601] SECO: ✓ (1 split(s))
[15671/19601] SECR: ✓ (no splits)
[15672/19601] SECT: ✓ (no splits)
[15673/19601] SEDA: ✓ (no splits)
[15674/19601] SEDA.WS: ✓ (no splits)
[15675/19601] SEDA.U: ✓ (no splits)
[15676/19601] SEDG: ✓ (no splits)
[15677/19601] SEE: ✓ (no splits)
[15678/19601] SEED: ✓ (no splits)
[15679/19601] SEEL: ✓ (3 split(s))
[15680/19601] SEEM: ✓ (no splits)
[15681/19601] SEER: ✓ (no splits)
[15682/19601] SEF: ✓ (1 split(s))
[15683/19601] SEG: ✓ (no splits)
[15684/19601] SEGr: ✓ (no splits)
[15685/19601] SEGrw: ✓ (no splits)
[15686/19601] SEGG: ✓ (1 split(s))
[15687/19601] SEGw: ✓ (no splits)
[15688/19601] SEI: ✓ (no splits)
[15689/19601] SEIC: ✓ (no splits)
[15690/19601] SEIE: ✓ (no splits)
[15691/19601] SEIM: ✓ (no splits)
[15692/19601] SEIQ: ✓ (no splits)
[15693/19601] SEIS: ✓ (no splits)
[15694/19601] SEIV: ✓ (no splits)
[15695/19601] SEIX: ✓ (no splits)
[15696/19601] SELB: ✓ (no splits)
[15697/19601] SELF: ✓ (no splits)
[15698/19601] SELV: ✓ (no splits)
[15699/19601] SELX: ✓ (no splits)
[15700/19601] SEM: ✓ (no splits)
[15701/19601] SEMG: ✓ (no splits)
[15702/19601] SEMI: ✓ (no splits)
[15703/19601] SEMR: ✓ (no splits)
[15704/19601] SEMY: ✓ (no splits)
[15705/19601] SEMw: ✓ (no splits)
[15706/19601] SENEA: ✓ (no splits)
[15707/19601] SENEB: ✓ (no splits)
[15708/19601] SENS: ✓ (1 split(s))
[15709/19601] SENT: ✓ (no splits)
[15710/19601] SEPA: ✓ (no splits)
[15711/19601] SEPAU: ✓ (no splits)
[15712/19601] SEPAW: ✓ (no splits)
[15713/19601] SEPI: ✓ (no splits)
[15714/19601] SEPM: ✓ (no splits)
[15715/19601] SEPN: ✓ (no splits)
[15716/19601] SEPP: ✓ (no splits)
[15717/19601] SEPT: ✓ (no splits)
[15718/19601] SEPU: ✓ (no splits)
[15719/19601] SEPW: ✓ (no splits)
[15720/19601] SEPZ: ✓ (no splits)
[15721/19601] SERA: ✓ (no splits)
[15722/19601] SER: ✓ (no splits)
[15723/19601] SERV: ✓ (no splits)
[15724/19601] SES: ✓ (no splits)
[15725/19601] SES.WS: ✓ (no splits)
[15726/19601] SESG: ✓ (no splits)
[15727/19601] SESN: ✓ (1 split(s))
[15728/19601] SETH: ✓ (1 split(s))
[15729/19601] SETM: ✓ (no splits)
[15730/19601] SEV: ✓ (no splits)
[15731/19601] SEVN: ✓ (no splits)
[15732/19601] SEVNR: ✓ (no splits)
[15733/19601] SFB: ✓ (no splits)
[15734/19601] SEZL: ✓ (1 split(s))
[15735/19601] SF: ✓ (1 split(s))
[15736/19601] SFBC: ✓ (no splits)
[15737/19601] SFD: ✓ (no splits)
[15738/19601] SFBS: ✓ (no splits)
[15739/19601] SFE: ✓ (2 split(s))
[15740/19601] SFEB: ✓ (no splits)
[15741/19601] SFET: ✓ (no splits)
[15742/19601] SFGV: ✓ (no splits)
[15743/19601] SFHG: ✓ (no splits)
[15744/19601] SFHY: ✓ (no splits)
[15745/19601] SFIG: ✓ (no splits)
[15746/19601] SFIX: ✓ (no splits)
[15747/19601] SFL: ✓ (no splits)
[15748/19601] SFLO: ✓ (no splits)
[15749/19601] SFLR: ✓ (no splits)
[15750/19601] SFM: ✓ (no splits)
[15751/19601] SFNC: ✓ (no splits)
[15752/19601] SFR: ✓ (no splits)
[15753/19601] SFRWW: ✓ (no splits)
[15754/19601] SFT: ✓ (1 split(s))
[15755/19601] SFST: ✓ (no splits)
[15756/19601] SFTTW: ✓ (no splits)
[15757/19601] SFTW: ✓ (no splits)
[15758/19601] SFTW.U: ✓ (no splits)
[15759/19601] SFTW.WS: ✓ (no splits)
[15760/19601] SFTX: ✓ (no splits)
[15761/19601] SFUN: ✓ (no splits)
[15762/19601] SFTY: ✓ (no splits)
[15763/19601] SFWL: ✓ (no splits)
[15764/19601] SFYF: ✓ (no splits)
[15765/19601] SFY: ✓ (1 split(s))
[15766/19601] SFYX: ✓ (no splits)
[15767/19601] SFpA: ✓ (no splits)
[15768/19601] SFpC: ✓ (no splits)
[15769/19601] SFpB: ✓ (no splits)
[15770/19601] SFpD: ✓ (no splits)
[15771/19601] SG: ✓ (no splits)
[15772/19601] SGA: ✓ (no splits)
[15773/19601] SGAM: ✓ (no splits)
[15774/19601] SGAMU: ✓ (no splits)
[15775/19601] SGAMW: ✓ (no splits)
[15776/19601] SGBXV: ✓ (no splits)
[15777/19601] SGBX: ✓ (2 split(s))
[15778/19601] SGC: ✓ (no splits)
[15779/19601] SGDJ: ✓ (no splits)
[15780/19601] SGD: ✓ (2 split(s))
[15781/19601] SGDM: ✓ (no splits)
[15782/19601] SGDVV: ✓ (no splits)
[15783/19601] SGE: ✓ (no splits)
[15784/19601] SGEN: ✓ (no splits)
[15785/19601] SGFY: ✓ (no splits)
[15786/19601] SGG: ✓ (no splits)
[15787/19601] SGH: ✓ (1 split(s))
[15788/19601] SGHC: ✓ (no splits)
[15789/19601] SGHC.WS: ✓ (no splits)
[15790/19601] SGHL: ✓ (no splits)
[15791/19601] SGHLU: ✓ (no splits)
[15792/19601] SGHLW: ✓ (no splits)
[15793/19601] SGHT: ✓ (no splits)
[15794/19601] SGII: ✓ (no splits)
[15795/19601] SGI: ✓ (no splits)
[15796/19601] SGIIU: ✓ (no splits)
[15797/19601] SGIIW: ✓ (no splits)
[15798/19601] SGLB: ✓ (no splits)
[15799/19601] SGLBW: ✓ (no splits)
[15800/19601] SGLC: ✓ (no splits)
[15801/19601] SGMA: ✓ (no splits)
[15802/19601] SGLY: ✓ (1 split(s))
[15803/19601] SGML: ✓ (no splits)
[15804/19601] SGMO: ✓ (no splits)
[15805/19601] SGMS: ✓ (no splits)
[15806/19601] SGMT: ✓ (no splits)
[15807/19601] SGN: ✓ (1 split(s))
[15808/19601] SGOL: ✓ (no splits)
[15809/19601] SGOC: ✓ (no splits)
[15810/19601] SGOV: ✓ (no splits)
[15811/19601] SGRP: ✓ (no splits)
[15812/19601] SGRT: ✓ (no splits)
[15813/19601] SGRY: ✓ (no splits)
[15814/19601] SGU: ✓ (no splits)
[15815/19601] SGTX: ✓ (1 split(s))
[15816/19601] SGVT: ✓ (no splits)
[15817/19601] SH: ✓ (1 split(s))
[15818/19601] SHAC: ✓ (no splits)
[15819/19601] SHACW: ✓ (no splits)
[15820/19601] SHACU: ✓ (no splits)
[15821/19601] SHAG: ✓ (no splits)
[15822/19601] SHAK: ✓ (no splits)
[15823/19601] SHAP: ✓ (no splits)
[15824/19601] SHAP.U: ✓ (no splits)
[15825/19601] SHAP.WS: ✓ (no splits)
[15826/19601] SHBI: ✓ (no splits)
[15827/19601] SHC: ✓ (no splits)
[15828/19601] SHCA: ✓ (no splits)
[15829/19601] SHCAU: ✓ (no splits)
[15830/19601] SHCO: ✓ (no splits)
[15831/19601] SHCAW: ✓ (no splits)
[15832/19601] SHCR: ✓ (no splits)
[15833/19601] SHCRW: ✓ (no splits)
[15834/19601] SHDG: ✓ (no splits)
[15835/19601] SHEH: ✓ (no splits)
[15836/19601] SHE: ✓ (no splits)
[15837/19601] SHEL: ✓ (no splits)
[15838/19601] SHELw: ✓ (no splits)
[15839/19601] SHEN: ✓ (no splits)
[15840/19601] SHFS: ✓ (1 split(s))
[15841/19601] SHFSW: ✓ (no splits)
[15842/19601] SHFT: ✓ (no splits)
[15843/19601] SHG: ✓ (no splits)
[15844/19601] SHIM: ✓ (no splits)
[15845/19601] SHI: ✓ (no splits)
[15846/19601] SHIPW: ✓ (no splits)
[15847/19601] SHIP: ✓ (1 split(s))
[15848/19601] SHIPZ: ✓ (no splits)
[15849/19601] SHLD: ✓ (no splits)
[15850/19601] SHLT: ✓ (no splits)
[15851/19601] SHLS: ✓ (no splits)
[15852/19601] SHLX: ✓ (no splits)
[15853/19601] SHM: ✓ (no splits)
[15854/19601] SHMD: ✓ (no splits)
[15855/19601] SHMDW: ✓ (no splits)
[15856/19601] SHNY: ✓ (no splits)
[15857/19601] SHOC: ✓ (no splits)
[15858/19601] SHO: ✓ (no splits)
[15859/19601] SHOO: ✓ (no splits)
[15860/19601] SHOP: ✓ (1 split(s))
[15861/19601] SHOpE: ✓ (no splits)
[15862/19601] SHOTW: ✓ (no splits)
[15863/19601] SHOT: ✓ (no splits)
[15864/19601] SHOpH: ✓ (no splits)
[15865/19601] SHOpF: ✓ (no splits)
[15866/19601] SHOpI: ✓ (no splits)
[15867/19601] SHPD: ✓ (no splits)
[15868/19601] SHPH: ✓ (2 split(s))
[15869/19601] SHPP: ✓ (no splits)
[15870/19601] SHPU: ✓ (no splits)
[15871/19601] SHPW: ✓ (1 split(s))
[15872/19601] SHPW.WS: ✓ (no splits)
[15873/19601] SHPWW: ✓ (no splits)
[15874/19601] SHQA: ✓ (no splits)
[15875/19601] SHQAU: ✓ (no splits)
[15876/19601] SHQAW: ✓ (no splits)
[15877/19601] SHRT: ✓ (no splits)
[15878/19601] SHRY: ✓ (no splits)
[15879/19601] SHSP: ✓ (no splits)
[15880/19601] SHUA: ✓ (no splits)
[15881/19601] SHUAW: ✓ (no splits)
[15882/19601] SHUAU: ✓ (no splits)
[15883/19601] SHUS: ✓ (no splits)
[15884/19601] SHV: ✓ (no splits)
[15885/19601] SHY: ✓ (no splits)
[15886/19601] SHW: ✓ (1 split(s))
[15887/19601] SHYD: ✓ (no splits)
[15888/19601] SHYF: ✓ (no splits)
[15889/19601] SHYG: ✓ (no splits)
[15890/19601] SHYM: ✓ (no splits)
[15891/19601] SHYL: ✓ (no splits)
[15892/19601] SI: ✓ (no splits)
[15893/19601] SIBN: ✓ (no splits)
[15894/19601] SIC: ✓ (no splits)
[15895/19601] SID: ✓ (no splits)
[15896/19601] SIEB: ✓ (no splits)
[15897/19601] SIDU: ✓ (1 split(s))
[15898/19601] SIEN: ✓ (1 split(s))
[15899/19601] SIERU: ✓ (no splits)
[15900/19601] SIER: ✓ (no splits)
[15901/19601] SIERW: ✓ (no splits)
[15902/19601] SIFI: ✓ (no splits)
[15903/19601] SIF: ✓ (no splits)
[15904/19601] SIFYR: ✓ (no splits)
[15905/19601] SIG: ✓ (no splits)
[15906/19601] SIGA: ✓ (no splits)
[15907/19601] SIFY: ✓ (1 split(s))
[15908/19601] SIGIP: ✓ (no splits)
[15909/19601] SIGI: ✓ (no splits)
[15910/19601] SIHY: ✓ (no splits)
[15911/19601] SII: ✓ (no splits)
[15912/19601] SIJ: ✓ (3 split(s))
[15913/19601] SIL: ✓ (no splits)
[15914/19601] SILA: ✓ (1 split(s))
[15915/19601] SILC: ✓ (no splits)
[15916/19601] SILJ: ✓ (no splits)
[15917/19601] SILK: ✓ (no splits)
[15918/19601] SILV: ✓ (no splits)
[15919/19601] SILO: ✓ (1 split(s))
[15920/19601] SILX: ✓ (no splits)
[15921/19601] SIM: ✓ (no splits)
[15922/19601] SIMAU: ✓ (no splits)
[15923/19601] SIMA: ✓ (no splits)
[15924/19601] SIMAW: ✓ (no splits)
[15925/19601] SIMO: ✓ (no splits)
[15926/19601] SINA: ✓ (no splits)
[15927/19601] SIMS: ✓ (no splits)
[15928/19601] SINO: ✓ (no splits)
[15929/19601] SING: ✓ (4 split(s))
[15930/19601] SINV: ✓ (no splits)
[15931/19601] SINT: ✓ (2 split(s))
[15932/19601] SIO: ✓ (no splits)
[15933/19601] SION: ✓ (no splits)
[15934/19601] SIOX: ✓ (no splits)
[15935/19601] SIRE: ✓ (no splits)
[15936/19601] SIRI: ✓ (1 split(s))
[15937/19601] SISI: ✓ (3 split(s))
[15938/19601] SITC: ✓ (1 split(s))
[15939/19601] SITCpA: ✓ (no splits)
[15940/19601] SITCpK: ✓ (no splits)
[15941/19601] SITCw: ✓ (no splits)
[15942/19601] SITE: ✓ (no splits)
[15943/19601] SITM: ✓ (no splits)
[15944/19601] SIVB: ✓ (no splits)
[15945/19601] SIX: ✓ (no splits)
[15946/19601] SIVR: ✓ (no splits)
[15947/19601] SIVBP: ✓ (no splits)
[15948/19601] SIXA: ✓ (no splits)
[15949/19601] SIXD: ✓ (no splits)
[15950/19601] SIXF: ✓ (no splits)
[15951/19601] SIXG: ✓ (no splits)
[15952/19601] SIXH: ✓ (no splits)
[15953/19601] SIXJ: ✓ (no splits)
[15954/19601] SIXL: ✓ (no splits)
[15955/19601] SIXO: ✓ (no splits)
[15956/19601] SIXP: ✓ (no splits)
[15957/19601] SIXS: ✓ (no splits)
[15958/19601] SIpA: ✓ (no splits)
[15959/19601] SIXZ: ✓ (no splits)
[15960/19601] SIZE: ✓ (no splits)
[15961/19601] SJ: ✓ (no splits)
[15962/19601] SJCP: ✓ (no splits)
[15963/19601] SJB: ✓ (no splits)
[15964/19601] SJI: ✓ (no splits)
[15965/19601] SJIM: ✓ (no splits)
[15966/19601] SJIU: ✓ (no splits)
[15967/19601] SJIJ: ✓ (no splits)
[15968/19601] SJLD: ✓ (no splits)
[15969/19601] SJIV: ✓ (no splits)
[15970/19601] SJM: ✓ (no splits)
[15971/19601] SJNK: ✓ (no splits)
[15972/19601] SJR: ✓ (no splits)
[15973/19601] SJT: ✓ (no splits)
[15974/19601] SJW: ✓ (no splits)
[15975/19601] SKBL: ✓ (no splits)
[15976/19601] SKE: ✓ (no splits)
[15977/19601] SKF: ✓ (3 split(s))
[15978/19601] SKGRU: ✓ (no splits)
[15979/19601] SKGR: ✓ (no splits)
[15980/19601] SKGRW: ✓ (no splits)
[15981/19601] SKIL: ✓ (1 split(s))
[15982/19601] SKIL.WS: ✓ (no splits)
[15983/19601] SKIN: ✓ (no splits)
[15984/19601] SKINW: ✓ (no splits)
[15985/19601] SKK: ✓ (no splits)
[15986/19601] SKLZ: ✓ (1 split(s))
[15987/19601] SKLZ.WS: ✓ (no splits)
[15988/19601] SKOR: ✓ (no splits)
[15989/19601] SKRE: ✓ (no splits)
[15990/19601] SKM: ✓ (no splits)
[15991/19601] SKT: ✓ (no splits)
[15992/19601] SKWD: ✓ (no splits)
[15993/19601] SKX: ✓ (no splits)
[15994/19601] SKY: ✓ (no splits)
[15995/19601] SKYA: ✓ (no splits)
[15996/19601] SKYAU: ✓ (no splits)
[15997/19601] SKYAW: ✓ (no splits)
[15998/19601] SKYE: ✓ (1 split(s))
[15999/19601] SKYH: ✓ (no splits)
[16000/19601] SKYH.WS: ✓ (no splits)
  → Checkpoint saved: 2008 splits so far
[16001/19601] SKYQ: ✓ (no splits)
[16002/19601] SKYT: ✓ (no splits)
[16003/19601] SKYU: ✓ (no splits)
[16004/19601] SKYW: ✓ (no splits)
[16005/19601] SKYX: ✓ (no splits)
[16006/19601] SKYY: ✓ (no splits)
[16007/19601] SLAB: ✓ (no splits)
[16008/19601] SLAC: ✓ (no splits)
[16009/19601] SLAC.U: ✓ (no splits)
[16010/19601] SLAC.WS: ✓ (no splits)
[16011/19601] SLACU: ✓ (no splits)
[16012/19601] SLACW: ✓ (no splits)
[16013/19601] SLAI: ✓ (no splits)
[16014/19601] SLAM: ✓ (no splits)
[16015/19601] SLAMU: ✓ (no splits)
[16016/19601] SLAMW: ✓ (no splits)
[16017/19601] SLB: ✓ (no splits)
[16018/19601] SLCA: ✓ (no splits)
[16019/19601] SLCRU: ✓ (no splits)
[16020/19601] SLCR: ✓ (no splits)
[16021/19601] SLCRW: ✓ (no splits)
[16022/19601] SLCT: ✓ (no splits)
[16023/19601] SLDB: ✓ (1 split(s))
[16024/19601] SLDE: ✓ (no splits)
[16025/19601] SLDP: ✓ (no splits)
[16026/19601] SLDPW: ✓ (no splits)
[16027/19601] SLDR: ✓ (no splits)
[16028/19601] SLE: ✓ (2 split(s))
[16029/19601] SLF: ✓ (no splits)
[16030/19601] SLG: ✓ (5 split(s))
[16031/19601] SLGB: ✓ (no splits)
[16032/19601] SLGC: ✓ (no splits)
[16033/19601] SLGCW: ✓ (no splits)
[16034/19601] SLGG: ✓ (1 split(s))
[16035/19601] SLGL: ✓ (1 split(s))
[16036/19601] SLGN: ✓ (no splits)
[16037/19601] SLGpI: ✓ (no splits)
[16038/19601] SLHGP: ✓ (no splits)
[16039/19601] SLJY: ✓ (no splits)
[16040/19601] SLHG: ✓ (no splits)
[16041/19601] SLI: ✓ (no splits)
[16042/19601] SLM: ✓ (no splits)
[16043/19601] SLMBP: ✓ (no splits)
[16044/19601] SLMT: ✓ (1 split(s))
[16045/19601] SLN: ✓ (no splits)
[16046/19601] SLNAW: ✓ (no splits)
[16047/19601] SLNA: ✓ (no splits)
[16048/19601] SLND: ✓ (no splits)
[16049/19601] SLND.WS: ✓ (no splits)
[16050/19601] SLNG: ✓ (no splits)
[16051/19601] SLNDW: ✓ (no splits)
[16052/19601] SLNH: ✓ (1 split(s))
[16053/19601] SLNHP: ✓ (no splits)
[16054/19601] SLNO: ✓ (1 split(s))
[16055/19601] SLNZ: ✓ (no splits)
[16056/19601] SLON: ✓ (no splits)
[16057/19601] SLP: ✓ (no splits)
[16058/19601] SLQD: ✓ (no splits)
[16059/19601] SLQT: ✓ (no splits)
[16060/19601] SLRN: ✓ (no splits)
[16061/19601] SLRC: ✓ (no splits)
[16062/19601] SLRX: ✓ (3 split(s))
[16063/19601] SLS: ✓ (no splits)
[16064/19601] SLSN: ✓ (no splits)
[16065/19601] SLSR: ✓ (no splits)
[16066/19601] SLT: ✓ (no splits)
[16067/19601] SLTY: ✓ (no splits)
[16068/19601] SLVM: ✓ (no splits)
[16069/19601] SLV: ✓ (no splits)
[16070/19601] SLVMw: ✓ (no splits)
[16071/19601] SLVO: ✓ (1 split(s))
[16072/19601] SLVP: ✓ (no splits)
[16073/19601] SLVR: ✓ (no splits)
[16074/19601] SLVRU: ✓ (no splits)
[16075/19601] SLVRW: ✓ (no splits)
[16076/19601] SLX: ✓ (no splits)
[16077/19601] SLXN: ✓ (2 split(s))
[16078/19601] SLXNW: ✓ (no splits)
[16079/19601] SLY: ✓ (no splits)
[16080/19601] SLYG: ✓ (no splits)
[16081/19601] SLYV: ✓ (no splits)
[16082/19601] SM: ✓ (no splits)
[16083/19601] SMAP: ✓ (no splits)
[16084/19601] SMA: ✓ (no splits)
[16085/19601] SMAPU: ✓ (no splits)
[16086/19601] SMAPW: ✓ (no splits)
[16087/19601] SMAR: ✓ (no splits)
[16088/19601] SMAX: ✓ (no splits)
[16089/19601] SMAY: ✓ (no splits)
[16090/19601] SMB: ✓ (no splits)
[16091/19601] SMBC: ✓ (no splits)
[16092/19601] SMBS: ✓ (no splits)
[16093/19601] SMBK: ✓ (no splits)
[16094/19601] SMC: ✓ (no splits)
[16095/19601] SMCC: ✓ (no splits)
[16096/19601] SMCI: ✓ (1 split(s))
[16097/19601] SMCF: ✓ (no splits)
[16098/19601] SMCL: ✓ (no splits)
[16099/19601] SMCO: ✓ (no splits)
[16100/19601] SMCP: ✓ (no splits)
[16101/19601] SMCY: ✓ (no splits)
[16102/19601] SMCX: ✓ (1 split(s))
[16103/19601] SMDV: ✓ (no splits)
[16104/19601] SMCZ: ✓ (no splits)
[16105/19601] SMDD: ✓ (3 split(s))
[16106/19601] SMDY: ✓ (no splits)
[16107/19601] SMDX: ✓ (no splits)
[16108/19601] SMED: ✓ (no splits)
[16109/19601] SMEZ: ✓ (no splits)
[16110/19601] SMFG: ✓ (no splits)
[16111/19601] SMFR: ✓ (no splits)
[16112/19601] SMFL: ✓ (4 split(s))
[16113/19601] SMFRW: ✓ (no splits)
[16114/19601] SMG: ✓ (no splits)
[16115/19601] SMH: ✓ (1 split(s))
[16116/19601] SMHB: ✓ (no splits)
[16117/19601] SMHI: ✓ (no splits)
[16118/19601] SMHX: ✓ (no splits)
[16119/19601] SMI: ✓ (no splits)
[16120/19601] SMID: ✓ (no splits)
[16121/19601] SMIG: ✓ (no splits)
[16122/19601] SMIH: ✓ (no splits)
[16123/19601] SMIHU: ✓ (no splits)
[16124/19601] SMIHW: ✓ (no splits)
[16125/19601] SMIN: ✓ (no splits)
[16126/19601] SMIT: ✓ (no splits)
[16127/19601] SMIZ: ✓ (no splits)
[16128/19601] SMJF: ✓ (no splits)
[16129/19601] SMLE: ✓ (no splits)
[16130/19601] SMLF: ✓ (no splits)
[16131/19601] SMLL: ✓ (no splits)
[16132/19601] SMLP: ✓ (no splits)
[16133/19601] SMLV: ✓ (no splits)
[16134/19601] SMLR: ✓ (no splits)
[16135/19601] SMM: ✓ (no splits)
[16136/19601] SMMC: ✓ (no splits)
[16137/19601] SMMCU: ✓ (no splits)
[16138/19601] SMMCW: ✓ (no splits)
[16139/19601] SMMD: ✓ (no splits)
[16140/19601] SMMF: ✓ (no splits)
[16141/19601] SMMT: ✓ (no splits)
[16142/19601] SMMU: ✓ (no splits)
[16143/19601] SMMV: ✓ (no splits)
[16144/19601] SMOG: ✓ (no splits)
[16145/19601] SMN: ✓ (2 split(s))
[16146/19601] SMOM: ✓ (no splits)
[16147/19601] SMOT: ✓ (no splits)
[16148/19601] SMOX: ✓ (no splits)
[16149/19601] SMP: ✓ (no splits)
[16150/19601] SMPL: ✓ (no splits)
[16151/19601] SMR: ✓ (no splits)
[16152/19601] SMQ: ✓ (no splits)
[16153/19601] SMR.WS: ✓ (no splits)
[16154/19601] SMRI: ✓ (no splits)
[16155/19601] SMRT: ✓ (no splits)
[16156/19601] SMSI: ✓ (1 split(s))
[16157/19601] SMST: ✓ (2 split(s))
[16158/19601] SMTC: ✓ (no splits)
[16159/19601] SMTH: ✓ (no splits)
[16160/19601] SMTI: ✓ (no splits)
[16161/19601] SMTS: ✓ (no splits)
[16162/19601] SMTK: ✓ (1 split(s))
[16163/19601] SMTX: ✓ (no splits)
[16164/19601] SMUP: ✓ (no splits)
[16165/19601] SMU: ✓ (1 split(s))
[16166/19601] SMWB: ✓ (no splits)
[16167/19601] SMX: ✓ (7 split(s))
[16168/19601] SMXT: ✓ (no splits)
[16169/19601] SMXWW: ✓ (no splits)
[16170/19601] SMYY: ✓ (no splits)
[16171/19601] SN: ✓ (no splits)
[16172/19601] SNA: ✓ (no splits)
[16173/19601] SNAL: ✓ (no splits)
[16174/19601] SNAP: ✓ (no splits)
[16175/19601] SNAV: ✓ (no splits)
[16176/19601] SNAXW: ✓ (no splits)
[16177/19601] SNAX: ✓ (1 split(s))
[16178/19601] SNBR: ✓ (no splits)
[16179/19601] SNCA: ✓ (1 split(s))
[16180/19601] SNCE: ✓ (1 split(s))
[16181/19601] SNCR: ✓ (1 split(s))
[16182/19601] SNCRL: ✓ (no splits)
[16183/19601] SNCY: ✓ (no splits)
[16184/19601] SND: ✓ (no splits)
[16185/19601] SNDA: ✓ (1 split(s))
[16186/19601] SNDE: ✓ (no splits)
[16187/19601] SNDK: ✓ (no splits)
[16188/19601] SNDKV: ✓ (no splits)
[16189/19601] SNDL: ✓ (1 split(s))
[16190/19601] SNDR: ✓ (no splits)
[16191/19601] SNDX: ✓ (no splits)
[16192/19601] SNE: ✓ (no splits)
[16193/19601] SNES: ✓ (4 split(s))
[16194/19601] SNEX: ✓ (2 split(s))
[16195/19601] SNGXW: ✓ (no splits)
[16196/19601] SNGX: ✓ (3 split(s))
[16197/19601] SNFCA: ✓ (5 split(s))
[16198/19601] SNII: ✓ (no splits)
[16199/19601] SNII.U: ✓ (no splits)
[16200/19601] SNII.WS: ✓ (no splits)
[16201/19601] SNLN: ✓ (no splits)
[16202/19601] SNMP: ✓ (1 split(s))
[16203/19601] SNN: ✓ (no splits)
[16204/19601] SNOU: ✓ (no splits)
[16205/19601] SNOA: ✓ (1 split(s))
[16206/19601] SNOV: ✓ (no splits)
[16207/19601] SNOW: ✓ (no splits)
[16208/19601] SNOY: ✓ (no splits)
[16209/19601] SNP: ✓ (no splits)
[16210/19601] SNPD: ✓ (no splits)
[16211/19601] SNPE: ✓ (no splits)
[16212/19601] SNPG: ✓ (no splits)
[16213/19601] SNPO: ✓ (no splits)
[16214/19601] SNPR.U: ✓ (no splits)
[16215/19601] SNPR: ✓ (no splits)
[16216/19601] SNPR.WS: ✓ (no splits)
[16217/19601] SNPS: ✓ (no splits)
[16218/19601] SNPV: ✓ (no splits)
[16219/19601] SNPX: ✓ (2 split(s))
[16220/19601] SNR: ✓ (no splits)
[16221/19601] SNRE: ✓ (no splits)
[16222/19601] SNREV: ✓ (no splits)
[16223/19601] SNRH: ✓ (no splits)
[16224/19601] SNRHU: ✓ (no splits)
[16225/19601] SNRHW: ✓ (no splits)
[16226/19601] SNSR: ✓ (no splits)
[16227/19601] SNSE: ✓ (1 split(s))
[16228/19601] SNSS: ✓ (1 split(s))
[16229/19601] SNT: ✓ (no splits)
[16230/19601] SNTG: ✓ (1 split(s))
[16231/19601] SNTH: ✓ (no splits)
[16232/19601] SNTI: ✓ (1 split(s))
[16233/19601] SNUG: ✓ (no splits)
[16234/19601] SNVpE: ✓ (no splits)
[16235/19601] SNVpD: ✓ (no splits)
[16236/19601] SNX: ✓ (no splits)
[16237/19601] SNV: ✓ (no splits)
[16238/19601] SNWV: ✓ (1 split(s))
[16239/19601] SNY: ✓ (no splits)
[16240/19601] SNYR: ✓ (1 split(s))
[16241/19601] SO: ✓ (no splits)
[16242/19601] SOAC: ✓ (no splits)
[16243/19601] SOAC.U: ✓ (no splits)
[16244/19601] SOAC.WS: ✓ (no splits)
[16245/19601] SOAR: ✓ (1 split(s))
[16246/19601] SOBO: ✓ (no splits)
[16247/19601] SOAR.WS: ✓ (no splits)
[16248/19601] SOBR: ✓ (3 split(s))
[16249/19601] SOC: ✓ (no splits)
[16250/19601] SOC.WS: ✓ (no splits)
[16251/19601] SOCA: ✓ (no splits)
[16252/19601] SOCAU: ✓ (no splits)
[16253/19601] SOCAW: ✓ (no splits)
[16254/19601] SOEZ: ✓ (no splits)
[16255/19601] SOFI: ✓ (no splits)
[16256/19601] SOCL: ✓ (no splits)
[16257/19601] SOF: ✓ (no splits)
[16258/19601] SOFL: ✓ (no splits)
[16259/19601] SOFIW: ✓ (no splits)
[16260/19601] SOFO: ✓ (no splits)
[16261/19601] SOFX: ✓ (no splits)
[16262/19601] SOFR: ✓ (no splits)
[16263/19601] SOGO: ✓ (no splits)
[16264/19601] SOGP: ✓ (no splits)
[16265/19601] SOGU: ✓ (no splits)
[16266/19601] SOHOB: ✓ (no splits)
[16267/19601] SOHO: ✓ (no splits)
[16268/19601] SOHON: ✓ (no splits)
[16269/19601] SOHU: ✓ (no splits)
[16270/19601] SOHOO: ✓ (no splits)
[16271/19601] SOI: ✓ (no splits)
[16272/19601] SOJB: ✓ (no splits)
[16273/19601] SOJC: ✓ (no splits)
[16274/19601] SOJD: ✓ (no splits)
[16275/19601] SOJE: ✓ (no splits)
[16276/19601] SOL: ✓ (no splits)
[16277/19601] SOJF: ✓ (no splits)
[16278/19601] SOLM: ✓ (no splits)
[16279/19601] SOLC: ✓ (no splits)
[16280/19601] SOLN: ✓ (no splits)
[16281/19601] SOLO: ✓ (no splits)
[16282/19601] SOLOW: ✓ (no splits)
[16283/19601] SOLS: ✓ (no splits)
[16284/19601] SOLR: ✓ (no splits)
[16285/19601] SOLSV: ✓ (no splits)
[16286/19601] SOLT: ✓ (no splits)
[16287/19601] SOLV: ✓ (no splits)
[16288/19601] SOLY: ✓ (no splits)
[16289/19601] SOLX: ✓ (no splits)
[16290/19601] SOLVw: ✓ (no splits)
[16291/19601] SOLZ: ✓ (no splits)
[16292/19601] SOMN: ✓ (no splits)
[16293/19601] SON: ✓ (no splits)
[16294/19601] SONA: ✓ (no splits)
[16295/19601] SOND: ✓ (1 split(s))
[16296/19601] SONM: ✓ (3 split(s))
[16297/19601] SONDW: ✓ (no splits)
[16298/19601] SONN: ✓ (3 split(s))
[16299/19601] SONX: ✓ (1 split(s))
[16300/19601] SONO: ✓ (no splits)
[16301/19601] SONY: ✓ (1 split(s))
[16302/19601] SOPA: ✓ (1 split(s))
[16303/19601] SOPH: ✓ (no splits)
[16304/19601] SOR: ✓ (no splits)
[16305/19601] SORA: ✓ (no splits)
[16306/19601] SOS: ✓ (2 split(s))
[16307/19601] SOTK: ✓ (no splits)
[16308/19601] SOUL: ✓ (no splits)
[16309/19601] SOUL.U: ✓ (no splits)
[16310/19601] SOULr: ✓ (no splits)
[16311/19601] SOUN: ✓ (no splits)
[16312/19601] SOUNW: ✓ (no splits)
[16313/19601] SOUX: ✓ (no splits)
[16314/19601] SOVB: ✓ (no splits)
[16315/19601] SOVF: ✓ (no splits)
[16316/19601] SOVO: ✓ (no splits)
[16317/19601] SOWG: ✓ (no splits)
[16318/19601] SOXL: ✓ (1 split(s))
[16319/19601] SOXM: ✓ (no splits)
[16320/19601] SOXQ: ✓ (no splits)
[16321/19601] SOXS: ✓ (2 split(s))
[16322/19601] SOXW: ✓ (no splits)
[16323/19601] SOXY: ✓ (no splits)
[16324/19601] SOXX: ✓ (1 split(s))
[16325/19601] SOYB: ✓ (no splits)
[16326/19601] SP: ✓ (no splits)
[16327/19601] SPAB: ✓ (no splits)
[16328/19601] SPAI: ✓ (no splits)
[16329/19601] SPAK: ✓ (no splits)
[16330/19601] SPAQ: ✓ (no splits)
[16331/19601] SPAM: ✓ (no splits)
[16332/19601] SPAQ.U: ✓ (no splits)
[16333/19601] SPAQ.WS: ✓ (no splits)
[16334/19601] SPAX: ✓ (no splits)
[16335/19601] SPB: ✓ (no splits)
[16336/19601] SPBO: ✓ (no splits)
[16337/19601] SPBC: ✓ (no splits)
[16338/19601] SPBX: ✓ (no splits)
[16339/19601] SPBU: ✓ (no splits)
[16340/19601] SPBW: ✓ (no splits)
[16341/19601] SPC: ✓ (no splits)
[16342/19601] SPCB: ✓ (2 split(s))
[16343/19601] SPCE: ✓ (1 split(s))
[16344/19601] SPCM: ✓ (no splits)
[16345/19601] SPCMU: ✓ (no splits)
[16346/19601] SPCMW: ✓ (no splits)
[16347/19601] SPCT: ✓ (no splits)
[16348/19601] SPCX: ✓ (no splits)
[16349/19601] SPCY: ✓ (no splits)
[16350/19601] SPCZ: ✓ (no splits)
[16351/19601] SPD: ✓ (no splits)
[16352/19601] SPDG: ✓ (no splits)
[16353/19601] SPDN: ✓ (no splits)
[16354/19601] SPDV: ✓ (no splits)
[16355/19601] SPDW: ✓ (no splits)
[16356/19601] SPE: ✓ (no splits)
[16357/19601] SPEC: ✓ (1 split(s))
[16358/19601] SPECW: ✓ (no splits)
[16359/19601] SPEG: ✓ (no splits)
[16360/19601] SPEGR: ✓ (no splits)
[16361/19601] SPEGU: ✓ (no splits)
[16362/19601] SPEM: ✓ (no splits)
[16363/19601] SPEU: ✓ (no splits)
[16364/19601] SPEpB: ✓ (no splits)
[16365/19601] SPEpC: ✓ (no splits)
[16366/19601] SPEr: ✓ (no splits)
[16367/19601] SPErw: ✓ (no splits)
[16368/19601] SPFI: ✓ (no splits)
[16369/19601] SPFF: ✓ (no splits)
[16370/19601] SPFR: ✓ (no splits)
[16371/19601] SPFR.U: ✓ (no splits)
[16372/19601] SPFR.WS: ✓ (no splits)
[16373/19601] SPG: ✓ (no splits)
[16374/19601] SPGC: ✓ (2 split(s))
[16375/19601] SPGI: ✓ (no splits)
[16376/19601] SPGM: ✓ (no splits)
[16377/19601] SPGP: ✓ (no splits)
[16378/19601] SPGS: ✓ (no splits)
[16379/19601] SPGS.U: ✓ (no splits)
[16380/19601] SPGS.WS: ✓ (no splits)
[16381/19601] SPGpJ: ✓ (no splits)
[16382/19601] SPH: ✓ (no splits)
[16383/19601] SPHAR: ✓ (no splits)
[16384/19601] SPHA: ✓ (no splits)
[16385/19601] SPHB: ✓ (no splits)
[16386/19601] SPHAU: ✓ (no splits)
[16387/19601] SPHD: ✓ (no splits)
[16388/19601] SPHQ: ✓ (no splits)
[16389/19601] SPHL: ✓ (1 split(s))
[16390/19601] SPHRw: ✓ (no splits)
[16391/19601] SPHR: ✓ (no splits)
[16392/19601] SPHY: ✓ (no splits)
[16393/19601] SPI: ✓ (no splits)
[16394/19601] SPIB: ✓ (no splits)
[16395/19601] SPIN: ✓ (no splits)
[16396/19601] SPIP: ✓ (no splits)
[16397/19601] SPIR: ✓ (1 split(s))
[16398/19601] SPIR.WS: ✓ (no splits)
[16399/19601] SPIT: ✓ (no splits)
[16400/19601] SPKAR: ✓ (no splits)
[16401/19601] SPK: ✓ (no splits)
[16402/19601] SPKAU: ✓ (no splits)
[16403/19601] SPKBU: ✓ (no splits)
[16404/19601] SPKB: ✓ (no splits)
[16405/19601] SPKE: ✓ (no splits)
[16406/19601] SPKBW: ✓ (no splits)
[16407/19601] SPKEP: ✓ (no splits)
[16408/19601] SPKLU: ✓ (no splits)
[16409/19601] SPKL: ✓ (no splits)
[16410/19601] SPKX: ✓ (no splits)
[16411/19601] SPKLW: ✓ (no splits)
[16412/19601] SPKY: ✓ (no splits)
[16413/19601] SPLB: ✓ (no splits)
[16414/19601] SPLG: ✓ (no splits)
[16415/19601] SPLK: ✓ (no splits)
[16416/19601] SPLP: ✓ (no splits)
[16417/19601] SPLPpA: ✓ (no splits)
[16418/19601] SPMA: ✓ (no splits)
[16419/19601] SPLV: ✓ (no splits)
[16420/19601] SPMC: ✓ (no splits)
[16421/19601] SPMB: ✓ (no splits)
[16422/19601] SPMD: ✓ (no splits)
[16423/19601] SPME: ✓ (no splits)
[16424/19601] SPMO: ✓ (no splits)
[16425/19601] SPNS: ✓ (no splits)
[16426/19601] SPNE: ✓ (no splits)
[16427/19601] SPMV: ✓ (no splits)
[16428/19601] SPNT: ✓ (no splits)
[16429/19601] SPNV: ✓ (no splits)
[16430/19601] SPNTpB: ✓ (no splits)
[16431/19601] SPNV.U: ✓ (no splits)
[16432/19601] SPOG: ✓ (no splits)
[16433/19601] SPNV.WS: ✓ (no splits)
[16434/19601] SPOK: ✓ (no splits)
[16435/19601] SPOT: ✓ (no splits)
[16436/19601] SPPI: ✓ (no splits)
[16437/19601] SPPL: ✓ (1 split(s))
[16438/19601] SPQ: ✓ (no splits)
[16439/19601] SPPP: ✓ (no splits)
[16440/19601] SPQQ: ✓ (no splits)
[16441/19601] SPR: ✓ (no splits)
[16442/19601] SPRB: ✓ (1 split(s))
[16443/19601] SPRE: ✓ (no splits)
[16444/19601] SPRC: ✓ (2 split(s))
[16445/19601] SPRO: ✓ (no splits)
[16446/19601] SPRQ: ✓ (no splits)
[16447/19601] SPRQ.U: ✓ (no splits)
[16448/19601] SPRQ.WS: ✓ (no splits)
[16449/19601] SPRT: ✓ (no splits)
[16450/19601] SPRU: ✓ (1 split(s))
[16451/19601] SPRY: ✓ (no splits)
[16452/19601] SPRX: ✓ (no splits)
[16453/19601] SPSB: ✓ (no splits)
[16454/19601] SPSC: ✓ (no splits)
[16455/19601] SPSK: ✓ (no splits)
[16456/19601] SPSM: ✓ (no splits)
[16457/19601] SPT: ✓ (no splits)
[16458/19601] SPTB: ✓ (no splits)
[16459/19601] SPTE: ✓ (no splits)
[16460/19601] SPTI: ✓ (no splits)
[16461/19601] SPTK: ✓ (no splits)
[16462/19601] SPTKU: ✓ (no splits)
[16463/19601] SPTL: ✓ (no splits)
[16464/19601] SPTKW: ✓ (no splits)
[16465/19601] SPTM: ✓ (no splits)
[16466/19601] SPTS: ✓ (no splits)
[16467/19601] SPTN: ✓ (no splits)
[16468/19601] SPTU: ✓ (no splits)
[16469/19601] SPUC: ✓ (no splits)
[16470/19601] SPUU: ✓ (no splits)
[16471/19601] SPUS: ✓ (no splits)
[16472/19601] SPVM: ✓ (no splits)
[16473/19601] SPUT: ✓ (no splits)
[16474/19601] SPVU: ✓ (no splits)
[16475/19601] SPWH: ✓ (no splits)
[16476/19601] SPWO: ✓ (no splits)
[16477/19601] SPWR: ✓ (no splits)
[16478/19601] SPWRW: ✓ (no splits)
[16479/19601] SPXB: ✓ (no splits)
[16480/19601] SPXC: ✓ (no splits)
[16481/19601] SPXD: ✓ (no splits)
[16482/19601] SPXL: ✓ (no splits)
[16483/19601] SPXM: ✓ (no splits)
[16484/19601] SPXE: ✓ (1 split(s))
[16485/19601] SPXN: ✓ (1 split(s))
[16486/19601] SPXS: ✓ (2 split(s))
[16487/19601] SPXT: ✓ (no splits)
[16488/19601] SPXU: ✓ (3 split(s))
[16489/19601] SPXV: ✓ (1 split(s))
[16490/19601] SPXX: ✓ (no splits)
[16491/19601] SPY: ✓ (no splits)
[16492/19601] SPXZ: ✓ (no splits)
[16493/19601] SPYA: ✓ (no splits)
[16494/19601] SPYB: ✓ (no splits)
[16495/19601] SPYC: ✓ (no splits)
[16496/19601] SPYD: ✓ (no splits)
[16497/19601] SPYG: ✓ (no splits)
[16498/19601] SPYI: ✓ (no splits)
[16499/19601] SPYH: ✓ (no splits)
[16500/19601] SPYM: ✓ (no splits)
  → Checkpoint saved: 2122 splits so far
[16501/19601] SPYQ: ✓ (1 split(s))
[16502/19601] SPYV: ✓ (no splits)
[16503/19601] SPYT: ✓ (no splits)
[16504/19601] SPYU: ✓ (no splits)
[16505/19601] SPYX: ✓ (1 split(s))
[16506/19601] SQ: ✓ (no splits)
[16507/19601] SQEW: ✓ (no splits)
[16508/19601] SQBG: ✓ (no splits)
[16509/19601] SQFT: ✓ (2 split(s))
[16510/19601] SQLLW: ✓ (no splits)
[16511/19601] SQFTP: ✓ (no splits)
[16512/19601] SQL: ✓ (1 split(s))
[16513/19601] SQFTW: ✓ (no splits)
[16514/19601] SQLV: ✓ (no splits)
[16515/19601] SQM: ✓ (no splits)
[16516/19601] SQMX: ✓ (no splits)
[16517/19601] SQMr: ✓ (no splits)
[16518/19601] SQMrw: ✓ (no splits)
[16519/19601] SQNS: ✓ (2 split(s))
[16520/19601] SQQQ: ✓ (3 split(s))
[16521/19601] SQSP: ✓ (no splits)
[16522/19601] SQZ: ✓ (no splits)
[16523/19601] SQY: ✓ (no splits)
[16524/19601] SR: ✓ (no splits)
[16525/19601] SRAC: ✓ (no splits)
[16526/19601] SRACU: ✓ (no splits)
[16527/19601] SRACW: ✓ (no splits)
[16528/19601] SRAD: ✓ (no splits)
[16529/19601] SRAX: ✓ (no splits)
[16530/19601] SRBK: ✓ (no splits)
[16531/19601] SRCE: ✓ (no splits)
[16532/19601] SRC: ✓ (no splits)
[16533/19601] SRCL: ✓ (no splits)
[16534/19601] SRCpA: ✓ (no splits)
[16535/19601] SRDX: ✓ (no splits)
[16536/19601] SRE: ✓ (1 split(s))
[16537/19601] SREA: ✓ (no splits)
[16538/19601] SRET: ✓ (1 split(s))
[16539/19601] SREV: ✓ (no splits)
[16540/19601] SREpB: ✓ (no splits)
[16541/19601] SREpA: ✓ (no splits)
[16542/19601] SRG: ✓ (no splits)
[16543/19601] SRGA: ✓ (1 split(s))
[16544/19601] SRGpA: ✓ (no splits)
[16545/19601] SRFM: ✓ (1 split(s))
[16546/19601] SRHQ: ✓ (no splits)
[16547/19601] SRI: ✓ (no splits)
[16548/19601] SRHR: ✓ (no splits)
[16549/19601] SRL: ✓ (2 split(s))
[16550/19601] SRLN: ✓ (no splits)
[16551/19601] SRLP: ✓ (no splits)
[16552/19601] SRM: ✓ (no splits)
[16553/19601] SRNE: ✓ (no splits)
[16554/19601] SRNG: ✓ (no splits)
[16555/19601] SRNGU: ✓ (no splits)
[16556/19601] SRNGW: ✓ (no splits)
[16557/19601] SROI: ✓ (no splits)
[16558/19601] SRPU: ✓ (no splits)
[16559/19601] SRPT: ✓ (no splits)
[16560/19601] SRRK: ✓ (no splits)
[16561/19601] SRRA: ✓ (no splits)
[16562/19601] SRSA: ✓ (no splits)
[16563/19601] SRS: ✓ (2 split(s))
[16564/19601] SRSAU: ✓ (no splits)
[16565/19601] SRSAW: ✓ (no splits)
[16566/19601] SRT: ✓ (no splits)
[16567/19601] SRTA: ✓ (no splits)
[16568/19601] SRTAW: ✓ (no splits)
[16569/19601] SRTS: ✓ (no splits)
[16570/19601] SRTY: ✓ (3 split(s))
[16571/19601] SRV: ✓ (no splits)
[16572/19601] SRVr: ✓ (no splits)
[16573/19601] SRVR: ✓ (no splits)
[16574/19601] SRVrw: ✓ (no splits)
[16575/19601] SRXH: ✓ (no splits)
[16576/19601] SRZN: ✓ (1 split(s))
[16577/19601] SRZNW: ✓ (no splits)
[16578/19601] SRpA: ✓ (no splits)
[16579/19601] SSAA: ✓ (no splits)
[16580/19601] SSAAU: ✓ (no splits)
[16581/19601] SSAAW: ✓ (no splits)
[16582/19601] SSB: ✓ (no splits)
[16583/19601] SSBI: ✓ (1 split(s))
[16584/19601] SSBK: ✓ (no splits)
[16585/19601] SSEA: ✓ (no splits)
[16586/19601] SSD: ✓ (no splits)
[16587/19601] SSEAU: ✓ (no splits)
[16588/19601] SSEAR: ✓ (no splits)
[16589/19601] SSFI: ✓ (no splits)
[16590/19601] SSG: ✓ (4 split(s))
[16591/19601] SSIC: ✓ (no splits)
[16592/19601] SSII: ✓ (no splits)
[16593/19601] SSK: ✓ (no splits)
[16594/19601] SSKN: ✓ (1 split(s))
[16595/19601] SSL: ✓ (no splits)
[16596/19601] SSLY: ✓ (no splits)
[16597/19601] SSM: ✓ (no splits)
[16598/19601] SSNC: ✓ (no splits)
[16599/19601] SSNT: ✓ (1 split(s))
[16600/19601] SSP: ✓ (no splits)
[16601/19601] SSO: ✓ (2 split(s))
[16602/19601] SSPK: ✓ (no splits)
[16603/19601] SSPKU: ✓ (no splits)
[16604/19601] SSPKW: ✓ (no splits)
[16605/19601] SSPX: ✓ (no splits)
[16606/19601] SSPY: ✓ (no splits)
[16607/19601] SSRM: ✓ (no splits)
[16608/19601] SSSSL: ✓ (no splits)
[16609/19601] SSSS: ✓ (1 split(s))
[16610/19601] SST: ✓ (1 split(s))
[16611/19601] SST.WS: ✓ (no splits)
[16612/19601] SSTI: ✓ (no splits)
[16613/19601] SSTK: ✓ (no splits)
[16614/19601] SSU.WS: ✓ (no splits)
[16615/19601] SSU: ✓ (no splits)
[16616/19601] SSUS: ✓ (no splits)
[16617/19601] SSXU: ✓ (no splits)
[16618/19601] SSY: ✓ (no splits)
[16619/19601] SSYS: ✓ (no splits)
[16620/19601] ST: ✓ (no splits)
[16621/19601] STAA: ✓ (no splits)
[16622/19601] STAB: ✓ (no splits)
[16623/19601] STAF: ✓ (3 split(s))
[16624/19601] STAG: ✓ (no splits)
[16625/19601] STAGpC: ✓ (no splits)
[16626/19601] STAI: ✓ (no splits)
[16627/19601] STAK: ✓ (no splits)
[16628/19601] STAR: ✓ (1 split(s))
[16629/19601] STARpD: ✓ (no splits)
[16630/19601] STARpG: ✓ (no splits)
[16631/19601] STARpI: ✓ (no splits)
[16632/19601] STAX: ✓ (no splits)
[16633/19601] STAY: ✓ (no splits)
[16634/19601] STBA: ✓ (no splits)
[16635/19601] STBL: ✓ (no splits)
[16636/19601] STBF: ✓ (no splits)
[16637/19601] STBX: ✓ (3 split(s))
[16638/19601] STC: ✓ (no splits)
[16639/19601] STCE: ✓ (no splits)
[16640/19601] STCN: ✓ (2 split(s))
[16641/19601] STE: ✓ (no splits)
[16642/19601] STEC: ✓ (no splits)
[16643/19601] STEL: ✓ (no splits)
[16644/19601] STEM: ✓ (1 split(s))
[16645/19601] STEN: ✓ (no splits)
[16646/19601] STEM.WS: ✓ (no splits)
[16647/19601] STEP: ✓ (no splits)
[16648/19601] STER: ✓ (no splits)
[16649/19601] STET: ✓ (no splits)
[16650/19601] STET.U: ✓ (no splits)
[16651/19601] STET.WS: ✓ (no splits)
[16652/19601] STEW: ✓ (no splits)
[16653/19601] STEX: ✓ (no splits)
[16654/19601] STGF: ✓ (no splits)
[16655/19601] STFC: ✓ (no splits)
[16656/19601] STG: ✓ (1 split(s))
[16657/19601] STFS: ✓ (no splits)
[16658/19601] STGW: ✓ (no splits)
[16659/19601] STHH: ✓ (no splits)
[16660/19601] STHOV: ✓ (no splits)
[16661/19601] STHO: ✓ (no splits)
[16662/19601] STI: ✓ (1 split(s))
[16663/19601] STIC: ✓ (no splits)
[16664/19601] STIC.U: ✓ (no splits)
[16665/19601] STIM: ✓ (no splits)
[16666/19601] STIC.WS: ✓ (no splits)
[16667/19601] STIP: ✓ (no splits)
[16668/19601] STIX: ✓ (no splits)
[16669/19601] STIXW: ✓ (no splits)
[16670/19601] STK: ✓ (no splits)
[16671/19601] STKE: ✓ (no splits)
[16672/19601] STKH: ✓ (3 split(s))
[16673/19601] STKL: ✓ (no splits)
[16674/19601] STKS: ✓ (no splits)
[16675/19601] STLC: ✓ (no splits)
[16676/19601] STL: ✓ (no splits)
[16677/19601] STLA: ✓ (no splits)
[16678/19601] STLD: ✓ (no splits)
[16679/19601] STLG: ✓ (no splits)
[16680/19601] STLV: ✓ (no splits)
[16681/19601] STLpA: ✓ (no splits)
[16682/19601] STM: ✓ (no splits)
[16683/19601] STMB: ✓ (no splits)
[16684/19601] STMP: ✓ (no splits)
[16685/19601] STN: ✓ (no splits)
[16686/19601] STNC: ✓ (no splits)
[16687/19601] STND: ✓ (no splits)
[16688/19601] STNE: ✓ (no splits)
[16689/19601] STNG: ✓ (no splits)
[16690/19601] STNEV: ✓ (no splits)
[16691/19601] STON: ✓ (no splits)
[16692/19601] STOK: ✓ (no splits)
[16693/19601] STOR: ✓ (no splits)
[16694/19601] STOT: ✓ (no splits)
[16695/19601] STOX: ✓ (no splits)
[16696/19601] STPC: ✓ (no splits)
[16697/19601] STPC.U: ✓ (no splits)
[16698/19601] STPC.WS: ✓ (no splits)
[16699/19601] STPK: ✓ (no splits)
[16700/19601] STPK.U: ✓ (no splits)
[16701/19601] STPK.WS: ✓ (no splits)
[16702/19601] STPZ: ✓ (no splits)
[16703/19601] STR: ✓ (no splits)
[16704/19601] STR.WS: ✓ (no splits)
[16705/19601] STRA: ✓ (no splits)
[16706/19601] STRC: ✓ (1 split(s))
[16707/19601] STRCW: ✓ (no splits)
[16708/19601] STRD: ✓ (no splits)
[16709/19601] STRDW: ✓ (no splits)
[16710/19601] STRE: ✓ (no splits)
[16711/19601] STRF: ✓ (no splits)
[16712/19601] STRE.U: ✓ (no splits)
[16713/19601] STRE.WS: ✓ (no splits)
[16714/19601] STRK: ✓ (no splits)
[16715/19601] STRL: ✓ (no splits)
[16716/19601] STRM: ✓ (1 split(s))
[16717/19601] STRN: ✓ (no splits)
[16718/19601] STRNW: ✓ (no splits)
[16719/19601] STRO: ✓ (1 split(s))
[16720/19601] STRRP: ✓ (no splits)
[16721/19601] STRR: ✓ (1 split(s))
[16722/19601] STRS: ✓ (no splits)
[16723/19601] STRT: ✓ (no splits)
[16724/19601] STRV: ✓ (no splits)
[16725/19601] STRW: ✓ (no splits)
[16726/19601] STRY: ✓ (no splits)
[16727/19601] STRY.WS: ✓ (no splits)
[16728/19601] STRZ: ✓ (1 split(s))
[16729/19601] STSA: ✓ (no splits)
[16730/19601] STSB: ✓ (no splits)
[16731/19601] STSM: ✓ (no splits)
[16732/19601] STSS: ✓ (2 split(s))
[16733/19601] STSSW: ✓ (no splits)
[16734/19601] STT: ✓ (no splits)
[16735/19601] STTK: ✓ (no splits)
[16736/19601] STTpG: ✓ (no splits)
[16737/19601] STTpD: ✓ (no splits)
[16738/19601] STUB: ✓ (no splits)
[16739/19601] STVN: ✓ (no splits)
[16740/19601] STWD: ✓ (no splits)
[16741/19601] STWO: ✓ (no splits)
[16742/19601] STWOU: ✓ (no splits)
[16743/19601] STWOW: ✓ (no splits)
[16744/19601] STX: ✓ (no splits)
[16745/19601] STXB: ✓ (no splits)
[16746/19601] STXD: ✓ (no splits)
[16747/19601] STXE: ✓ (no splits)
[16748/19601] STXG: ✓ (no splits)
[16749/19601] STXI: ✓ (no splits)
[16750/19601] STXK: ✓ (no splits)
[16751/19601] STXM: ✓ (no splits)
[16752/19601] STXS: ✓ (no splits)
[16753/19601] STXT: ✓ (no splits)
[16754/19601] STXV: ✓ (no splits)
[16755/19601] STZ: ✓ (no splits)
[16756/19601] STZ.B: ✓ (no splits)
[16757/19601] SU: ✓ (no splits)
[16758/19601] SUAC: ✓ (no splits)
[16759/19601] SUAC.U: ✓ (no splits)
[16760/19601] SUAC.WS: ✓ (no splits)
[16761/19601] SUB: ✓ (no splits)
[16762/19601] SUBS: ✓ (no splits)
[16763/19601] SUBZ: ✓ (no splits)
[16764/19601] SUGP: ✓ (1 split(s))
[16765/19601] SUI: ✓ (no splits)
[16766/19601] SULR: ✓ (no splits)
[16767/19601] SUIG: ✓ (no splits)
[16768/19601] SUM: ✓ (1 split(s))
[16769/19601] SUMR: ✓ (no splits)
[16770/19601] SUMO: ✓ (no splits)
[16771/19601] SUN: ✓ (no splits)
[16772/19601] SUNC: ✓ (no splits)
[16773/19601] SUNE: ✓ (1 split(s))
[16774/19601] SUNL.WS: ✓ (no splits)
[16775/19601] SUNL: ✓ (1 split(s))
[16776/19601] SUNS: ✓ (no splits)
[16777/19601] SUNSV: ✓ (no splits)
[16778/19601] SUNW: ✓ (no splits)
[16779/19601] SUNY: ✓ (no splits)
[16780/19601] SUP: ✓ (no splits)
[16781/19601] SUPL: ✓ (no splits)
[16782/19601] SUPN: ✓ (no splits)
[16783/19601] SUPP: ✓ (no splits)
[16784/19601] SUPV: ✓ (no splits)
[16785/19601] SUPX: ✓ (no splits)
[16786/19601] SURE: ✓ (no splits)
[16787/19601] SURF: ✓ (no splits)
[16788/19601] SURG: ✓ (1 split(s))
[16789/19601] SURGW: ✓ (no splits)
[16790/19601] SURI: ✓ (no splits)
[16791/19601] SUSA: ✓ (no splits)
[16792/19601] SUSB: ✓ (no splits)
[16793/19601] SUSC: ✓ (no splits)
[16794/19601] SUSL: ✓ (no splits)
[16795/19601] SUUN: ✓ (no splits)
[16796/19601] SUZ: ✓ (no splits)
[16797/19601] SV: ✓ (no splits)
[16798/19601] SVACU: ✓ (no splits)
[16799/19601] SVAC: ✓ (no splits)
[16800/19601] SVACW: ✓ (no splits)
[16801/19601] SVAL: ✓ (no splits)
[16802/19601] SVBI: ✓ (no splits)
[16803/19601] SVC: ✓ (no splits)
[16804/19601] SVCC: ✓ (no splits)
[16805/19601] SVCCU: ✓ (no splits)
[16806/19601] SVCCW: ✓ (no splits)
[16807/19601] SVCO: ✓ (no splits)
[16808/19601] SVFA: ✓ (no splits)
[16809/19601] SVFAU: ✓ (no splits)
[16810/19601] SVFAW: ✓ (no splits)
[16811/19601] SVFB: ✓ (no splits)
[16812/19601] SVFC: ✓ (no splits)
[16813/19601] SVFD: ✓ (1 split(s))
[16814/19601] SVII: ✓ (no splits)
[16815/19601] SVIIR: ✓ (no splits)
[16816/19601] SVIIU: ✓ (no splits)
[16817/19601] SVIX: ✓ (no splits)
[16818/19601] SVIIW: ✓ (no splits)
[16819/19601] SVM: ✓ (no splits)
[16820/19601] SVMHW: ✓ (no splits)
[16821/19601] SVMH: ✓ (1 split(s))
[16822/19601] SVMK: ✓ (no splits)
[16823/19601] SVNA: ✓ (no splits)
[16824/19601] SVNAU: ✓ (no splits)
[16825/19601] SVNAW: ✓ (no splits)
[16826/19601] SVOK: ✓ (no splits)
[16827/19601] SVOKU: ✓ (no splits)
[16828/19601] SVOKW: ✓ (no splits)
[16829/19601] SVOL: ✓ (no splits)
[16830/19601] SVRA: ✓ (no splits)
[16831/19601] SVRE: ✓ (3 split(s))
[16832/19601] SVREW: ✓ (no splits)
[16833/19601] SVRN: ✓ (no splits)
[16834/19601] SVSVU: ✓ (no splits)
[16835/19601] SVSVW: ✓ (no splits)
[16836/19601] SVT: ✓ (no splits)
[16837/19601] SVVC: ✓ (no splits)
[16838/19601] SVV: ✓ (no splits)
[16839/19601] SVXY: ✓ (1 split(s))
[16840/19601] SWAG: ✓ (no splits)
[16841/19601] SW: ✓ (no splits)
[16842/19601] SWAGU: ✓ (no splits)
[16843/19601] SWAGW: ✓ (no splits)
[16844/19601] SWAN: ✓ (no splits)
[16845/19601] SWAR: ✓ (no splits)
[16846/19601] SWAV: ✓ (no splits)
[16847/19601] SWBI: ✓ (no splits)
[16848/19601] SWBK: ✓ (no splits)
[16849/19601] SWBK.U: ✓ (no splits)
[16850/19601] SWBK.WS: ✓ (no splits)
[16851/19601] SWCH: ✓ (no splits)
[16852/19601] SWEB: ✓ (no splits)
[16853/19601] SWET: ✓ (no splits)
[16854/19601] SWETU: ✓ (no splits)
[16855/19601] SWETW: ✓ (no splits)
[16856/19601] SWI: ✓ (1 split(s))
[16857/19601] SWIM: ✓ (no splits)
[16858/19601] SWIN: ✓ (no splits)
[16859/19601] SWIR: ✓ (no splits)
[16860/19601] SWIw: ✓ (no splits)
[16861/19601] SWK: ✓ (no splits)
[16862/19601] SWKH: ✓ (no splits)
[16863/19601] SWKHL: ✓ (no splits)
[16864/19601] SWKS: ✓ (no splits)
[16865/19601] SWM: ✓ (no splits)
[16866/19601] SWN: ✓ (no splits)
[16867/19601] SWP: ✓ (no splits)
[16868/19601] SWSS: ✓ (1 split(s))
[16869/19601] SWSSU: ✓ (1 split(s))
[16870/19601] SWSSW: ✓ (no splits)
[16871/19601] SWT: ✓ (no splits)
[16872/19601] SWTX: ✓ (no splits)
[16873/19601] SWVL: ✓ (1 split(s))
[16874/19601] SWVLW: ✓ (no splits)
[16875/19601] SWX: ✓ (no splits)
[16876/19601] SWZ: ✓ (no splits)
[16877/19601] SXC: ✓ (no splits)
[16878/19601] SXI: ✓ (no splits)
[16879/19601] SXQG: ✓ (no splits)
[16880/19601] SXT: ✓ (no splits)
[16881/19601] SXTC: ✓ (4 split(s))
[16882/19601] SXTP: ✓ (2 split(s))
[16883/19601] SXTPW: ✓ (no splits)
[16884/19601] SY: ✓ (no splits)
[16885/19601] SXUS: ✓ (no splits)
[16886/19601] SYBT: ✓ (no splits)
[16887/19601] SYBX: ✓ (1 split(s))
[16888/19601] SYE: ✓ (no splits)
[16889/19601] SYF: ✓ (no splits)
[16890/19601] SYFI: ✓ (no splits)
[16891/19601] SYFpA: ✓ (no splits)
[16892/19601] SYG: ✓ (no splits)
[16893/19601] SYFpB: ✓ (no splits)
[16894/19601] SYII: ✓ (no splits)
[16895/19601] SYK: ✓ (no splits)
[16896/19601] SYKE: ✓ (no splits)
[16897/19601] SYLD: ✓ (no splits)
[16898/19601] SYM: ✓ (no splits)
[16899/19601] SYN: ✓ (no splits)
[16900/19601] SYNA: ✓ (no splits)
[16901/19601] SYNC: ✓ (no splits)
[16902/19601] SYNB: ✓ (no splits)
[16903/19601] SYNH: ✓ (no splits)
[16904/19601] SYNX: ✓ (no splits)
[16905/19601] SYNL: ✓ (no splits)
[16906/19601] SYPR: ✓ (no splits)
[16907/19601] SYRA: ✓ (no splits)
[16908/19601] SYRE: ✓ (1 split(s))
[16909/19601] SYRS: ✓ (1 split(s))
[16910/19601] SYSB: ✓ (no splits)
[16911/19601] SYT: ✓ (no splits)
[16912/19601] SYTAW: ✓ (no splits)
[16913/19601] SYTA: ✓ (5 split(s))
[16914/19601] SYUS: ✓ (no splits)
[16915/19601] SYV: ✓ (no splits)
[16916/19601] SYX: ✓ (no splits)
[16917/19601] SYY: ✓ (no splits)
[16918/19601] SYZ: ✓ (no splits)
[16919/19601] SZC: ✓ (no splits)
[16920/19601] SZK: ✓ (1 split(s))
[16921/19601] SZZL: ✓ (no splits)
[16922/19601] SZNE: ✓ (no splits)
[16923/19601] SZZLR: ✓ (no splits)
[16924/19601] SZZLW: ✓ (no splits)
[16925/19601] SZZLU: ✓ (no splits)
[16926/19601] T: ✓ (no splits)
[16927/19601] T.WD: ✓ (no splits)
[16928/19601] TA: ✓ (no splits)
[16929/19601] TAAG: ✓ (no splits)
[16930/19601] TAC: ✓ (no splits)
[16931/19601] TACA: ✓ (no splits)
[16932/19601] TACA.U: ✓ (no splits)
[16933/19601] TACA.WS: ✓ (no splits)
[16934/19601] TACE: ✓ (no splits)
[16935/19601] TACHU: ✓ (no splits)
[16936/19601] TACH: ✓ (no splits)
[16937/19601] TACK: ✓ (no splits)
[16938/19601] TACO: ✓ (no splits)
[16939/19601] TACHW: ✓ (no splits)
[16940/19601] TACOU: ✓ (no splits)
[16941/19601] TACOW: ✓ (no splits)
[16942/19601] TACT: ✓ (no splits)
[16943/19601] TADS: ✓ (no splits)
[16944/19601] TAEQ: ✓ (no splits)
[16945/19601] TAFI: ✓ (no splits)
[16946/19601] TAFL: ✓ (no splits)
[16947/19601] TAFM: ✓ (no splits)
[16948/19601] TAGG: ✓ (no splits)
[16949/19601] TAGS: ✓ (no splits)
[16950/19601] TAIL: ✓ (no splits)
[16951/19601] TAIT: ✓ (no splits)
[16952/19601] TAK: ✓ (no splits)
[16953/19601] TAL: ✓ (no splits)
[16954/19601] TALK: ✓ (no splits)
[16955/19601] TALO: ✓ (no splits)
[16956/19601] TALKW: ✓ (no splits)
[16957/19601] TALO.WS: ✓ (no splits)
[16958/19601] TALS: ✓ (1 split(s))
[16959/19601] TAN: ✓ (no splits)
[16960/19601] TANNZ: ✓ (no splits)
[16961/19601] TANNI: ✓ (no splits)
[16962/19601] TANH: ✓ (3 split(s))
[16963/19601] TANNL: ✓ (no splits)
[16964/19601] TAOX: ✓ (no splits)
[16965/19601] TAP: ✓ (no splits)
[16966/19601] TAP.A: ✓ (no splits)
[16967/19601] TAPR: ✓ (no splits)
[16968/19601] TAOP: ✓ (2 split(s))
[16969/19601] TARA: ✓ (no splits)
[16970/19601] TARO: ✓ (no splits)
[16971/19601] TARK: ✓ (2 split(s))
[16972/19601] TARS: ✓ (no splits)
[16973/19601] TASK: ✓ (no splits)
[16974/19601] TAST: ✓ (no splits)
[16975/19601] TAT: ✓ (no splits)
[16976/19601] TATT: ✓ (no splits)
[16977/19601] TAVI: ✓ (no splits)
[16978/19601] TAVIR: ✓ (no splits)
[16979/19601] TAVIU: ✓ (no splits)
[16980/19601] TAX: ✓ (no splits)
[16981/19601] TAXF: ✓ (no splits)
[16982/19601] TAXI: ✓ (no splits)
[16983/19601] TAXE: ✓ (no splits)
[16984/19601] TAXS: ✓ (no splits)
[16985/19601] TAXM: ✓ (no splits)
[16986/19601] TAXX: ✓ (no splits)
[16987/19601] TAXT: ✓ (no splits)
[16988/19601] TAYD: ✓ (no splits)
[16989/19601] TBA: ✓ (no splits)
[16990/19601] TBB: ✓ (no splits)
[16991/19601] TBBB: ✓ (no splits)
[16992/19601] TBBK: ✓ (no splits)
[16993/19601] TBC: ✓ (no splits)
[16994/19601] TBCH: ✓ (no splits)
[16995/19601] TBCP: ✓ (no splits)
[16996/19601] TBCPU: ✓ (no splits)
[16997/19601] TBCPW: ✓ (no splits)
[16998/19601] TBF: ✓ (no splits)
[16999/19601] TBFC: ✓ (no splits)
[17000/19601] TBFG: ✓ (no splits)
  → Checkpoint saved: 2215 splits so far
[17001/19601] TBG: ✓ (no splits)
[17002/19601] TBH: ✓ (no splits)
[17003/19601] TBI: ✓ (no splits)
[17004/19601] TBIL: ✓ (no splits)
[17005/19601] TBHC: ✓ (no splits)
[17006/19601] TBK: ✓ (no splits)
[17007/19601] TBJL: ✓ (no splits)
[17008/19601] TBIO: ✓ (1 split(s))
[17009/19601] TBKCP: ✓ (no splits)
[17010/19601] TBLAW: ✓ (no splits)
[17011/19601] TBLD: ✓ (no splits)
[17012/19601] TBLA: ✓ (no splits)
[17013/19601] TBLL: ✓ (no splits)
[17014/19601] TBLT: ✓ (2 split(s))
[17015/19601] TBLTW: ✓ (no splits)
[17016/19601] TBLU: ✓ (no splits)
[17017/19601] TBMC: ✓ (no splits)
[17018/19601] TBMCR: ✓ (no splits)
[17019/19601] TBMCU: ✓ (no splits)
[17020/19601] TBN: ✓ (no splits)
[17021/19601] TBNK: ✓ (no splits)
[17022/19601] TBPH: ✓ (no splits)
[17023/19601] TBSAU: ✓ (no splits)
[17024/19601] TBSA: ✓ (no splits)
[17025/19601] TBRG: ✓ (no splits)
[17026/19601] TBUX: ✓ (no splits)
[17027/19601] TBSAW: ✓ (no splits)
[17028/19601] TBT: ✓ (no splits)
[17029/19601] TBX: ✓ (no splits)
[17030/19601] TBXU: ✓ (no splits)
[17031/19601] TCAC: ✓ (no splits)
[17032/19601] TC: ✓ (2 split(s))
[17033/19601] TCACU: ✓ (no splits)
[17034/19601] TCACW: ✓ (no splits)
[17035/19601] TCAF: ✓ (no splits)
[17036/19601] TCAI: ✓ (no splits)
[17037/19601] TCAL: ✓ (no splits)
[17038/19601] TCBC: ✓ (no splits)
[17039/19601] TCBI: ✓ (no splits)
[17040/19601] TCBIL: ✓ (no splits)
[17041/19601] TCBIO: ✓ (no splits)
[17042/19601] TCBIP: ✓ (no splits)
[17043/19601] TCBPW: ✓ (no splits)
[17044/19601] TCBK: ✓ (no splits)
[17045/19601] TCBP: ✓ (5 split(s))
[17046/19601] TCBS: ✓ (no splits)
[17047/19601] TCBX: ✓ (no splits)
[17048/19601] TCCO: ✓ (no splits)
[17049/19601] TCDA: ✓ (no splits)
[17050/19601] TCF: ✓ (no splits)
[17051/19601] TCFC: ✓ (no splits)
[17052/19601] TCFCP: ✓ (no splits)
[17053/19601] TCGL: ✓ (no splits)
[17054/19601] TCHP: ✓ (no splits)
[17055/19601] TCHI: ✓ (no splits)
[17056/19601] TCI: ✓ (no splits)
[17057/19601] TCJH: ✓ (no splits)
[17058/19601] TCMD: ✓ (no splits)
[17059/19601] TCN: ✓ (no splits)
[17060/19601] TCO: ✓ (no splits)
[17061/19601] TCOA: ✓ (no splits)
[17062/19601] TCOA.U: ✓ (no splits)
[17063/19601] TCOA.WS: ✓ (no splits)
[17064/19601] TCOM: ✓ (no splits)
[17065/19601] TCON: ✓ (1 split(s))
[17066/19601] TCOpJ: ✓ (no splits)
[17067/19601] TCOpK: ✓ (no splits)
[17068/19601] TCP: ✓ (no splits)
[17069/19601] TCPA: ✓ (no splits)
[17070/19601] TCPC: ✓ (no splits)
[17071/19601] TCPB: ✓ (no splits)
[17072/19601] TCRR: ✓ (no splits)
[17073/19601] TCRT: ✓ (2 split(s))
[17074/19601] TCRX: ✓ (no splits)
[17075/19601] TCS: ✓ (1 split(s))
[17076/19601] TCTL: ✓ (no splits)
[17077/19601] TCTM: ✓ (no splits)
[17078/19601] TCV: ✓ (no splits)
[17079/19601] TCVA: ✓ (no splits)
[17080/19601] TCX: ✓ (no splits)
[17081/19601] TD: ✓ (no splits)
[17082/19601] TDA: ✓ (no splits)
[17083/19601] TDAC: ✓ (no splits)
[17084/19601] TDACU: ✓ (no splits)
[17085/19601] TDACW: ✓ (no splits)
[17086/19601] TDAQ: ✓ (no splits)
[17087/19601] TDAY: ✓ (no splits)
[17088/19601] TDC: ✓ (no splits)
[17089/19601] TDCX: ✓ (no splits)
[17090/19601] TDEC: ✓ (no splits)
[17091/19601] TDF: ✓ (no splits)
[17092/19601] TDE: ✓ (no splits)
[17093/19601] TDG: ✓ (no splits)
[17094/19601] TDI: ✓ (no splits)
[17095/19601] TDIC: ✓ (no splits)
[17096/19601] TDIV: ✓ (no splits)
[17097/19601] TDJ: ✓ (no splits)
[17098/19601] TDOC: ✓ (no splits)
[17099/19601] TDS: ✓ (no splits)
[17100/19601] TDSA: ✓ (no splits)
[17101/19601] TDSB: ✓ (no splits)
[17102/19601] TDSC: ✓ (no splits)
[17103/19601] TDSD: ✓ (no splits)
[17104/19601] TDSpU: ✓ (no splits)
[17105/19601] TDSE: ✓ (no splits)
[17106/19601] TDSpV: ✓ (no splits)
[17107/19601] TDTF: ✓ (no splits)
[17108/19601] TDTT: ✓ (no splits)
[17109/19601] TDTH: ✓ (no splits)
[17110/19601] TDUP: ✓ (no splits)
[17111/19601] TDV: ✓ (no splits)
[17112/19601] TDVI: ✓ (no splits)
[17113/19601] TDVG: ✓ (no splits)
[17114/19601] TDW: ✓ (no splits)
[17115/19601] TDW.WS: ✓ (no splits)
[17116/19601] TDW.WS.A: ✓ (no splits)
[17117/19601] TDW.WS.B: ✓ (no splits)
[17118/19601] TDWDU: ✓ (no splits)
[17119/19601] TDY: ✓ (no splits)
[17120/19601] TE: ✓ (no splits)
[17121/19601] TEAD: ✓ (no splits)
[17122/19601] TE.WS: ✓ (no splits)
[17123/19601] TEAF: ✓ (no splits)
[17124/19601] TEAM: ✓ (no splits)
[17125/19601] TEC: ✓ (no splits)
[17126/19601] TECB: ✓ (no splits)
[17127/19601] TECH: ✓ (1 split(s))
[17128/19601] TECL: ✓ (1 split(s))
[17129/19601] TECK: ✓ (no splits)
[17130/19601] TECS: ✓ (2 split(s))
[17131/19601] TECX: ✓ (no splits)
[17132/19601] TECTP: ✓ (no splits)
[17133/19601] TEDU: ✓ (1 split(s))
[17134/19601] TEF: ✓ (4 split(s))
[17135/19601] TEK: ✓ (no splits)
[17136/19601] TEI: ✓ (no splits)
[17137/19601] TEGS: ✓ (no splits)
[17138/19601] TEKK: ✓ (no splits)
[17139/19601] TEKKW: ✓ (no splits)
[17140/19601] TEKKU: ✓ (no splits)
[17141/19601] TEKX: ✓ (no splits)
[17142/19601] TEKY: ✓ (no splits)
[17143/19601] TEL: ✓ (no splits)
[17144/19601] TELA: ✓ (no splits)
[17145/19601] TELL: ✓ (no splits)
[17146/19601] TELO: ✓ (no splits)
[17147/19601] TELZ: ✓ (no splits)
[17148/19601] TEMP: ✓ (no splits)
[17149/19601] TEM: ✓ (no splits)
[17150/19601] TEMT: ✓ (no splits)
[17151/19601] TEMX: ✓ (no splits)
[17152/19601] TEN: ✓ (no splits)
[17153/19601] TENB: ✓ (no splits)
[17154/19601] TENG: ✓ (no splits)
[17155/19601] TENK: ✓ (no splits)
[17156/19601] TEND: ✓ (no splits)
[17157/19601] TENJ: ✓ (no splits)
[17158/19601] TENKR: ✓ (no splits)
[17159/19601] TENKU: ✓ (no splits)
[17160/19601] TENM: ✓ (no splits)
[17161/19601] TENpE: ✓ (no splits)
[17162/19601] TENX: ✓ (2 split(s))
[17163/19601] TENpF: ✓ (no splits)
[17164/19601] TEO: ✓ (no splits)
[17165/19601] TEQI: ✓ (no splits)
[17166/19601] TER: ✓ (no splits)
[17167/19601] TERG: ✓ (no splits)
[17168/19601] TERN: ✓ (no splits)
[17169/19601] TERM: ✓ (no splits)
[17170/19601] TESL: ✓ (no splits)
[17171/19601] TESS: ✓ (no splits)
[17172/19601] TETC: ✓ (no splits)
[17173/19601] TEST: ✓ (no splits)
[17174/19601] TETCU: ✓ (no splits)
[17175/19601] TETCW: ✓ (no splits)
[17176/19601] TETEU: ✓ (no splits)
[17177/19601] TETE: ✓ (no splits)
[17178/19601] TETEW: ✓ (no splits)
[17179/19601] TETH: ✓ (no splits)
[17180/19601] TEX: ✓ (no splits)
[17181/19601] TEVA: ✓ (no splits)
[17182/19601] TEXN: ✓ (no splits)
[17183/19601] TEXU: ✓ (no splits)
[17184/19601] TFC: ✓ (no splits)
[17185/19601] TFCpG: ✓ (no splits)
[17186/19601] TFCpF: ✓ (no splits)
[17187/19601] TFCpH: ✓ (no splits)
[17188/19601] TFCpI: ✓ (no splits)
[17189/19601] TFCpO: ✓ (no splits)
[17190/19601] TFCpR: ✓ (no splits)
[17191/19601] TFFP: ✓ (1 split(s))
[17192/19601] TFI: ✓ (no splits)
[17193/19601] TFII: ✓ (no splits)
[17194/19601] TFIN: ✓ (no splits)
[17195/19601] TFINp: ✓ (no splits)
[17196/19601] TFINP: ✓ (no splits)
[17197/19601] TFIV: ✓ (no splits)
[17198/19601] TFJL: ✓ (no splits)
[17199/19601] TFLO: ✓ (no splits)
[17200/19601] TFLR: ✓ (no splits)
[17201/19601] TFLT: ✓ (no splits)
[17202/19601] TFNS: ✓ (no splits)
[17203/19601] TFPN: ✓ (no splits)
[17204/19601] TFPM: ✓ (no splits)
[17205/19601] TFSA: ✓ (no splits)
[17206/19601] TFSL: ✓ (no splits)
[17207/19601] TFX: ✓ (no splits)
[17208/19601] TGA: ✓ (no splits)
[17209/19601] TG: ✓ (no splits)
[17210/19601] TGAA: ✓ (no splits)
[17211/19601] TGAAU: ✓ (no splits)
[17212/19601] TGAAW: ✓ (no splits)
[17213/19601] TGAN: ✓ (no splits)
[17214/19601] TGB: ✓ (no splits)
[17215/19601] TGE: ✓ (no splits)
[17216/19601] TGC: ✓ (no splits)
[17217/19601] TGE.WS: ✓ (no splits)
[17218/19601] TGEN: ✓ (no splits)
[17219/19601] TGH: ✓ (no splits)
[17220/19601] TGHL: ✓ (no splits)
[17221/19601] TGHpA: ✓ (no splits)
[17222/19601] TGHpB: ✓ (no splits)
[17223/19601] TGIF: ✓ (no splits)
[17224/19601] TGI: ✓ (1 split(s))
[17225/19601] TGLB: ✓ (no splits)
[17226/19601] TGL: ✓ (3 split(s))
[17227/19601] TGLR: ✓ (no splits)
[17228/19601] TGLS: ✓ (no splits)
[17229/19601] TGN: ✓ (no splits)
[17230/19601] TGNA: ✓ (no splits)
[17231/19601] TGP: ✓ (no splits)
[17232/19601] TGPpA: ✓ (no splits)
[17233/19601] TGPpB: ✓ (no splits)
[17234/19601] TGR: ✓ (no splits)
[17235/19601] TGR.U: ✓ (no splits)
[17236/19601] TGR.WS: ✓ (no splits)
[17237/19601] TGRT: ✓ (no splits)
[17238/19601] TGRW: ✓ (no splits)
[17239/19601] TGS: ✓ (no splits)
[17240/19601] TGT: ✓ (no splits)
[17241/19601] TGTX: ✓ (no splits)
[17242/19601] TGVC: ✓ (no splits)
[17243/19601] TGVCU: ✓ (no splits)
[17244/19601] TH: ✓ (no splits)
[17245/19601] TGVCW: ✓ (no splits)
[17246/19601] THAC: ✓ (no splits)
[17247/19601] THACU: ✓ (no splits)
[17248/19601] THAR: ✓ (2 split(s))
[17249/19601] THACW: ✓ (no splits)
[17250/19601] THBR: ✓ (no splits)
[17251/19601] THBRU: ✓ (no splits)
[17252/19601] THBRW: ✓ (no splits)
[17253/19601] THC: ✓ (no splits)
[17254/19601] THCA: ✓ (no splits)
[17255/19601] THCAU: ✓ (no splits)
[17256/19601] THCAW: ✓ (no splits)
[17257/19601] THCB: ✓ (no splits)
[17258/19601] THCBU: ✓ (no splits)
[17259/19601] THCBW: ✓ (no splits)
[17260/19601] THCH: ✓ (1 split(s))
[17261/19601] THCHW: ✓ (no splits)
[17262/19601] THCP: ✓ (no splits)
[17263/19601] THCPU: ✓ (no splits)
[17264/19601] THCPW: ✓ (no splits)
[17265/19601] THD: ✓ (no splits)
[17266/19601] THCX: ✓ (1 split(s))
[17267/19601] THEQ: ✓ (no splits)
[17268/19601] THFF: ✓ (no splits)
[17269/19601] THG: ✓ (no splits)
[17270/19601] THH: ✓ (no splits)
[17271/19601] THIR: ✓ (no splits)
[17272/19601] THLV: ✓ (no splits)
[17273/19601] THM: ✓ (no splits)
[17274/19601] THMA: ✓ (no splits)
[17275/19601] THMAU: ✓ (no splits)
[17276/19601] THMAW: ✓ (no splits)
[17277/19601] THMO: ✓ (1 split(s))
[17278/19601] THMZ: ✓ (no splits)
[17279/19601] THNR: ✓ (no splits)
[17280/19601] THNQ: ✓ (no splits)
[17281/19601] THO: ✓ (no splits)
[17282/19601] THQ: ✓ (no splits)
[17283/19601] THR: ✓ (no splits)
[17284/19601] THRD: ✓ (no splits)
[17285/19601] THRN: ✓ (no splits)
[17286/19601] THRM: ✓ (no splits)
[17287/19601] THRX: ✓ (no splits)
[17288/19601] THRV: ✓ (no splits)
[17289/19601] THRY: ✓ (no splits)
[17290/19601] THRO: ✓ (no splits)
[17291/19601] THS: ✓ (no splits)
[17292/19601] THTA: ✓ (no splits)
[17293/19601] THTX: ✓ (1 split(s))
[17294/19601] THW: ✓ (no splits)
[17295/19601] THWWW: ✓ (no splits)
[17296/19601] THY: ✓ (no splits)
[17297/19601] THYM: ✓ (no splits)
[17298/19601] THYF: ✓ (no splits)
[17299/19601] TIER: ✓ (no splits)
[17300/19601] TIC: ✓ (no splits)
[17301/19601] TIF: ✓ (no splits)
[17302/19601] TIG: ✓ (no splits)
[17303/19601] TIGO: ✓ (no splits)
[17304/19601] TIGOR: ✓ (no splits)
[17305/19601] TIGR: ✓ (no splits)
[17306/19601] TII: ✓ (no splits)
[17307/19601] TILE: ✓ (no splits)
[17308/19601] TIIV: ✓ (no splits)
[17309/19601] TIL: ✓ (1 split(s))
[17310/19601] TILL: ✓ (no splits)
[17311/19601] TILT: ✓ (no splits)
[17312/19601] TIMB: ✓ (no splits)
[17313/19601] TIME: ✓ (no splits)
[17314/19601] TINS: ✓ (no splits)
[17315/19601] TINT: ✓ (no splits)
[17316/19601] TINV: ✓ (no splits)
[17317/19601] TINV.U: ✓ (no splits)
[17318/19601] TINV.WS: ✓ (no splits)
[17319/19601] TINY: ✓ (no splits)
[17320/19601] TIO: ✓ (no splits)
[17321/19601] TIOA: ✓ (no splits)
[17322/19601] TIOAU: ✓ (no splits)
[17323/19601] TIOAW: ✓ (no splits)
[17324/19601] TIP: ✓ (no splits)
[17325/19601] TIPA: ✓ (no splits)
[17326/19601] TIPB: ✓ (no splits)
[17327/19601] TIPC: ✓ (no splits)
[17328/19601] TIPL: ✓ (no splits)
[17329/19601] TIPT: ✓ (no splits)
[17330/19601] TIPX: ✓ (no splits)
[17331/19601] TIPD: ✓ (no splits)
[17332/19601] TIPZ: ✓ (no splits)
[17333/19601] TIRX: ✓ (3 split(s))
[17334/19601] TISI: ✓ (1 split(s))
[17335/19601] TITN: ✓ (no splits)
[17336/19601] TIVC: ✓ (2 split(s))
[17337/19601] TIXT: ✓ (no splits)
[17338/19601] TJAN: ✓ (no splits)
[17339/19601] TJUL: ✓ (no splits)
[17340/19601] TJUN: ✓ (no splits)
[17341/19601] TJX: ✓ (no splits)
[17342/19601] TK: ✓ (no splits)
[17343/19601] TKAT: ✓ (no splits)
[17344/19601] TKC: ✓ (no splits)
[17345/19601] TKLF: ✓ (1 split(s))
[17346/19601] TKNO: ✓ (no splits)
[17347/19601] TKO: ✓ (no splits)
[17348/19601] TKR: ✓ (no splits)
[17349/19601] TLC: ✓ (no splits)
[17350/19601] TLCI: ✓ (no splits)
[17351/19601] TLDH: ✓ (no splits)
[17352/19601] TLEH: ✓ (no splits)
[17353/19601] TLF: ✓ (no splits)
[17354/19601] TLGA.U: ✓ (no splits)
[17355/19601] TLGA: ✓ (no splits)
[17356/19601] TLGA.WS: ✓ (no splits)
[17357/19601] TLGT: ✓ (no splits)
[17358/19601] TLGY: ✓ (no splits)
[17359/19601] TLGYU: ✓ (no splits)
[17360/19601] TLGYW: ✓ (no splits)
[17361/19601] TLH: ✓ (no splits)
[17362/19601] TLIH: ✓ (no splits)
[17363/19601] TLK: ✓ (no splits)
[17364/19601] TLIS: ✓ (1 split(s))
[17365/19601] TLMDW: ✓ (no splits)
[17366/19601] TLMD: ✓ (no splits)
[17367/19601] TLN: ✓ (no splits)
[17368/19601] TLNC: ✓ (no splits)
[17369/19601] TLNCU: ✓ (no splits)
[17370/19601] TLNCW: ✓ (no splits)
[17371/19601] TLPH: ✓ (no splits)
[17372/19601] TLND: ✓ (no splits)
[17373/19601] TLRY: ✓ (1 split(s))
[17374/19601] TLS: ✓ (no splits)
[17375/19601] TLSA: ✓ (no splits)
[17376/19601] TLSI: ✓ (no splits)
[17377/19601] TLSIW: ✓ (no splits)
[17378/19601] TLT: ✓ (no splits)
[17379/19601] TLTD: ✓ (no splits)
[17380/19601] TLTE: ✓ (no splits)
[17381/19601] TLTI: ✓ (no splits)
[17382/19601] TLTM: ✓ (no splits)
[17383/19601] TLTP: ✓ (no splits)
[17384/19601] TLTQ: ✓ (no splits)
[17385/19601] TLTW: ✓ (no splits)
[17386/19601] TLTX: ✓ (no splits)
[17387/19601] TLX: ✓ (no splits)
[17388/19601] TLYS: ✓ (no splits)
[17389/19601] TMAC: ✓ (no splits)
[17390/19601] TM: ✓ (no splits)
[17391/19601] TMAC.U: ✓ (no splits)
[17392/19601] TMAC.WS: ✓ (no splits)
[17393/19601] TMAR: ✓ (no splits)
[17394/19601] TMAT: ✓ (no splits)
[17395/19601] TMB: ✓ (no splits)
[17396/19601] TMBR: ✓ (1 split(s))
[17397/19601] TMC: ✓ (no splits)
[17398/19601] TMCI: ✓ (no splits)
[17399/19601] TMCWW: ✓ (no splits)
[17400/19601] TMDE: ✓ (no splits)
[17401/19601] TMDI: ✓ (no splits)
[17402/19601] TMDV: ✓ (no splits)
[17403/19601] TMDX: ✓ (no splits)
[17404/19601] TME: ✓ (no splits)
[17405/19601] TMED: ✓ (no splits)
[17406/19601] TMET: ✓ (no splits)
[17407/19601] TMF: ✓ (1 split(s))
[17408/19601] TMFE: ✓ (no splits)
[17409/19601] TMFC: ✓ (no splits)
[17410/19601] TMFG: ✓ (no splits)
[17411/19601] TMFM: ✓ (no splits)
[17412/19601] TMFS: ✓ (no splits)
[17413/19601] TMFX: ✓ (no splits)
[17414/19601] TMH: ✓ (no splits)
[17415/19601] TMHC: ✓ (no splits)
[17416/19601] TMKR: ✓ (no splits)
[17417/19601] TMKRU: ✓ (no splits)
[17418/19601] TMKRW: ✓ (no splits)
[17419/19601] TMNL: ✓ (no splits)
[17420/19601] TMNS: ✓ (no splits)
[17421/19601] TMO: ✓ (no splits)
[17422/19601] TMP: ✓ (no splits)
[17423/19601] TMPMU: ✓ (no splits)
[17424/19601] TMPM: ✓ (no splits)
[17425/19601] TMPMW: ✓ (no splits)
[17426/19601] TMPO: ✓ (no splits)
[17427/19601] TMPOW: ✓ (no splits)
[17428/19601] TMSF: ✓ (no splits)
[17429/19601] TMQ: ✓ (no splits)
[17430/19601] TMSL: ✓ (no splits)
[17431/19601] TMTC: ✓ (no splits)
[17432/19601] TMST: ✓ (no splits)
[17433/19601] TMTCR: ✓ (no splits)
[17434/19601] TMTCU: ✓ (no splits)
[17435/19601] TMTSU: ✓ (no splits)
[17436/19601] TMTS: ✓ (no splits)
[17437/19601] TMUS: ✓ (no splits)
[17438/19601] TMTSW: ✓ (no splits)
[17439/19601] TMUSI: ✓ (no splits)
[17440/19601] TMUSL: ✓ (no splits)
[17441/19601] TMUSZ: ✓ (no splits)
[17442/19601] TMV: ✓ (1 split(s))
[17443/19601] TMVE: ✓ (no splits)
[17444/19601] TMX: ✓ (no splits)
[17445/19601] TNA: ✓ (no splits)
[17446/19601] TNAV: ✓ (no splits)
[17447/19601] TNC: ✓ (no splits)
[17448/19601] TNET: ✓ (no splits)
[17449/19601] TNDM: ✓ (no splits)
[17450/19601] TNFA: ✓ (1 split(s))
[17451/19601] TNGY: ✓ (no splits)
[17452/19601] TNGX: ✓ (no splits)
[17453/19601] TNK: ✓ (no splits)
[17454/19601] TNL: ✓ (no splits)
[17455/19601] TNMG: ✓ (no splits)
[17456/19601] TNON: ✓ (2 split(s))
[17457/19601] TNONW: ✓ (no splits)
[17458/19601] TNP: ✓ (no splits)
[17459/19601] TNPpD: ✓ (no splits)
[17460/19601] TNPpE: ✓ (no splits)
[17461/19601] TNPpF: ✓ (no splits)
[17462/19601] TNT: ✓ (1 split(s))
[17463/19601] TNXP: ✓ (4 split(s))
[17464/19601] TNYA: ✓ (no splits)
[17465/19601] TOAC: ✓ (no splits)
[17466/19601] TOACU: ✓ (no splits)
[17467/19601] TOACW: ✓ (no splits)
[17468/19601] TOAK: ✓ (no splits)
[17469/19601] TOCT: ✓ (no splits)
[17470/19601] TOGA: ✓ (no splits)
[17471/19601] TOIIW: ✓ (no splits)
[17472/19601] TOI: ✓ (no splits)
[17473/19601] TOK: ✓ (no splits)
[17474/19601] TOKE: ✓ (no splits)
[17475/19601] TOL: ✓ (no splits)
[17476/19601] TOLL: ✓ (no splits)
[17477/19601] TOLZ: ✓ (no splits)
[17478/19601] TOMZ: ✓ (no splits)
[17479/19601] TONX: ✓ (no splits)
[17480/19601] TOON: ✓ (no splits)
[17481/19601] TOP: ✓ (no splits)
[17482/19601] TOPC: ✓ (no splits)
[17483/19601] TOPP: ✓ (no splits)
[17484/19601] TOPS: ✓ (2 split(s))
[17485/19601] TOPT: ✓ (no splits)
[17486/19601] TOPW: ✓ (no splits)
[17487/19601] TORO: ✓ (no splits)
[17488/19601] TOROV: ✓ (no splits)
[17489/19601] TOST: ✓ (no splits)
[17490/19601] TOT: ✓ (no splits)
[17491/19601] TOTA: ✓ (no splits)
[17492/19601] TOTAR: ✓ (no splits)
[17493/19601] TOTAU: ✓ (no splits)
[17494/19601] TOTAW: ✓ (no splits)
[17495/19601] TOTL: ✓ (no splits)
[17496/19601] TOTR: ✓ (no splits)
[17497/19601] TOUR: ✓ (no splits)
[17498/19601] TOUS: ✓ (no splits)
[17499/19601] TOV: ✓ (no splits)
[17500/19601] TOVX: ✓ (2 split(s))
  → Checkpoint saved: 2276 splits so far
[17501/19601] TOWN: ✓ (no splits)
[17502/19601] TOYO: ✓ (no splits)
[17503/19601] TPAY: ✓ (no splits)
[17504/19601] TPBA: ✓ (no splits)
[17505/19601] TPB: ✓ (no splits)
[17506/19601] TPBAU: ✓ (no splits)
[17507/19601] TPBAW: ✓ (no splits)
[17508/19601] TPC: ✓ (no splits)
[17509/19601] TPCS: ✓ (1 split(s))
[17510/19601] TPCO: ✓ (no splits)
[17511/19601] TPG: ✓ (no splits)
[17512/19601] TPET: ✓ (1 split(s))
[17513/19601] TPGS: ✓ (no splits)
[17514/19601] TPGY: ✓ (no splits)
[17515/19601] TPGXL: ✓ (no splits)
[17516/19601] TPGY.U: ✓ (no splits)
[17517/19601] TPGY.WS: ✓ (no splits)
[17518/19601] TPH: ✓ (no splits)
[17519/19601] TPHD: ✓ (no splits)
[17520/19601] TPHE: ✓ (no splits)
[17521/19601] TPIC: ✓ (no splits)
[17522/19601] TPHS: ✓ (no splits)
[17523/19601] TPIF: ✓ (no splits)
[17524/19601] TPLC: ✓ (no splits)
[17525/19601] TPL: ✓ (1 split(s))
[17526/19601] TPLE: ✓ (no splits)
[17527/19601] TPLS: ✓ (no splits)
[17528/19601] TPMN: ✓ (no splits)
[17529/19601] TPOR: ✓ (no splits)
[17530/19601] TPR: ✓ (no splits)
[17531/19601] TPRE: ✓ (no splits)
[17532/19601] TPSC: ✓ (no splits)
[17533/19601] TPST: ✓ (1 split(s))
[17534/19601] TPTA: ✓ (no splits)
[17535/19601] TPTX: ✓ (no splits)
[17536/19601] TPVY: ✓ (no splits)
[17537/19601] TPVG: ✓ (no splits)
[17538/19601] TPYP: ✓ (no splits)
[17539/19601] TPX: ✓ (no splits)
[17540/19601] TPZ: ✓ (no splits)
[17541/19601] TQQY: ✓ (no splits)
[17542/19601] TQQQ: ✓ (3 split(s))
[17543/19601] TR: ✓ (5 split(s))
[17544/19601] TRAQ: ✓ (no splits)
[17545/19601] TRAK: ✓ (no splits)
[17546/19601] TRAQ.U: ✓ (no splits)
[17547/19601] TRAQ.WS: ✓ (no splits)
[17548/19601] TRAW: ✓ (1 split(s))
[17549/19601] TRC: ✓ (no splits)
[17550/19601] TRBF: ✓ (no splits)
[17551/19601] TRCA: ✓ (no splits)
[17552/19601] TRCA.WS: ✓ (no splits)
[17553/19601] TRCA.U: ✓ (no splits)
[17554/19601] TRCH: ✓ (1 split(s))
[17555/19601] TRDA: ✓ (no splits)
[17556/19601] TREB.WS: ✓ (no splits)
[17557/19601] TREB: ✓ (no splits)
[17558/19601] TRDF: ✓ (no splits)
[17559/19601] TREB.U: ✓ (no splits)
[17560/19601] TREC: ✓ (no splits)
[17561/19601] TREE: ✓ (no splits)
[17562/19601] TRES: ✓ (no splits)
[17563/19601] TREX: ✓ (no splits)
[17564/19601] TRFK: ✓ (no splits)
[17565/19601] TRFM: ✓ (no splits)
[17566/19601] TRGP: ✓ (no splits)
[17567/19601] TRHC: ✓ (no splits)
[17568/19601] TRI: ✓ (1 split(s))
[17569/19601] TRIL: ✓ (no splits)
[17570/19601] TRIB: ✓ (1 split(s))
[17571/19601] TRIN: ✓ (no splits)
[17572/19601] TRINI: ✓ (no splits)
[17573/19601] TRINL: ✓ (no splits)
[17574/19601] TRINZ: ✓ (no splits)
[17575/19601] TRIO: ✓ (no splits)
[17576/19601] TRIS.WS: ✓ (no splits)
[17577/19601] TRIS.U: ✓ (no splits)
[17578/19601] TRIT: ✓ (no splits)
[17579/19601] TRITW: ✓ (no splits)
[17580/19601] TRIP: ✓ (no splits)
[17581/19601] TRKA: ✓ (1 split(s))
[17582/19601] TRIS: ✓ (no splits)
[17583/19601] TRKAW: ✓ (no splits)
[17584/19601] TRMD: ✓ (no splits)
[17585/19601] TRMK: ✓ (no splits)
[17586/19601] TRMB: ✓ (no splits)
[17587/19601] TRML: ✓ (no splits)
[17588/19601] TRMR: ✓ (no splits)
[17589/19601] TRMT: ✓ (no splits)
[17590/19601] TRN: ✓ (no splits)
[17591/19601] TRNE: ✓ (no splits)
[17592/19601] TRND: ✓ (no splits)
[17593/19601] TRNE.U: ✓ (no splits)
[17594/19601] TRNE.WS: ✓ (no splits)
[17595/19601] TRNO: ✓ (no splits)
[17596/19601] TRNR: ✓ (3 split(s))
[17597/19601] TRON: ✓ (no splits)
[17598/19601] TRNS: ✓ (no splits)
[17599/19601] TRONU: ✓ (no splits)
[17600/19601] TROW: ✓ (no splits)
[17601/19601] TROX: ✓ (no splits)
[17602/19601] TROO: ✓ (no splits)
[17603/19601] TRONW: ✓ (no splits)
[17604/19601] TRP: ✓ (no splits)
[17605/19601] TRPA: ✓ (no splits)
[17606/19601] TRPL: ✓ (no splits)
[17607/19601] TRQ: ✓ (no splits)
[17608/19601] TRSG: ✓ (no splits)
[17609/19601] TRS: ✓ (no splits)
[17610/19601] TRST: ✓ (1 split(s))
[17611/19601] TRSY: ✓ (no splits)
[17612/19601] TRT: ✓ (no splits)
[17613/19601] TRTL: ✓ (no splits)
[17614/19601] TRTL.U: ✓ (no splits)
[17615/19601] TRTL.WS: ✓ (no splits)
[17616/19601] TRTN: ✓ (no splits)
[17617/19601] TRTNpA: ✓ (no splits)
[17618/19601] TRTNpB: ✓ (no splits)
[17619/19601] TRTNpC: ✓ (no splits)
[17620/19601] TRTNpD: ✓ (no splits)
[17621/19601] TRTNpF: ✓ (no splits)
[17622/19601] TRTX: ✓ (no splits)
[17623/19601] TRTNpE: ✓ (no splits)
[17624/19601] TRTXpC: ✓ (no splits)
[17625/19601] TRTY: ✓ (no splits)
[17626/19601] TRU: ✓ (no splits)
[17627/19601] TRUD: ✓ (no splits)
[17628/19601] TRUG: ✓ (1 split(s))
[17629/19601] TRUP: ✓ (no splits)
[17630/19601] TRUE: ✓ (no splits)
[17631/19601] TRUT: ✓ (no splits)
[17632/19601] TRV: ✓ (no splits)
[17633/19601] TRVG: ✓ (1 split(s))
[17634/19601] TRVI: ✓ (no splits)
[17635/19601] TRVN: ✓ (2 split(s))
[17636/19601] TRX: ✓ (no splits)
[17637/19601] TRYP: ✓ (no splits)
[17638/19601] TRXC: ✓ (no splits)
[17639/19601] TS: ✓ (no splits)
[17640/19601] TSAT: ✓ (no splits)
[17641/19601] TSBK: ✓ (no splits)
[17642/19601] TSBX: ✓ (no splits)
[17643/19601] TSC: ✓ (no splits)
[17644/19601] TSCBP: ✓ (no splits)
[17645/19601] TSCAP: ✓ (no splits)
[17646/19601] TSCV: ✓ (no splits)
[17647/19601] TSCO: ✓ (1 split(s))
[17648/19601] TSE: ✓ (no splits)
[17649/19601] TSDD: ✓ (1 split(s))
[17650/19601] TSEC: ✓ (no splits)
[17651/19601] TSEL: ✓ (no splits)
[17652/19601] TSEM: ✓ (no splits)
[17653/19601] TSEP: ✓ (no splits)
[17654/19601] TSHA: ✓ (no splits)
[17655/19601] TSI: ✓ (no splits)
[17656/19601] TSIA: ✓ (no splits)
[17657/19601] TSIB: ✓ (no splits)
[17658/19601] TSIAW: ✓ (no splits)
[17659/19601] TSIAU: ✓ (no splits)
[17660/19601] TSIBU: ✓ (no splits)
[17661/19601] TSIBW: ✓ (no splits)
[17662/19601] TSII: ✓ (no splits)
[17663/19601] TSJA: ✓ (no splits)
[17664/19601] TSL: ✓ (no splits)
[17665/19601] TSLG: ✓ (no splits)
[17666/19601] TSLA: ✓ (1 split(s))
[17667/19601] TSLH: ✓ (no splits)
[17668/19601] TSLL: ✓ (no splits)
[17669/19601] TSLI: ✓ (no splits)
[17670/19601] TSLO: ✓ (no splits)
[17671/19601] TSLP: ✓ (no splits)
[17672/19601] TSLR: ✓ (no splits)
[17673/19601] TSLQ: ✓ (2 split(s))
[17674/19601] TSLS: ✓ (no splits)
[17675/19601] TSLT: ✓ (no splits)
[17676/19601] TSLV: ✓ (no splits)
[17677/19601] TSLW: ✓ (no splits)
[17678/19601] TSLX: ✓ (no splits)
[17679/19601] TSLY: ✓ (2 split(s))
[17680/19601] TSLZ: ✓ (1 split(s))
[17681/19601] TSMG: ✓ (no splits)
[17682/19601] TSM: ✓ (no splits)
[17683/19601] TSME: ✓ (no splits)
[17684/19601] TSMU: ✓ (no splits)
[17685/19601] TSMY: ✓ (no splits)
[17686/19601] TSMX: ✓ (no splits)
[17687/19601] TSMZ: ✓ (no splits)
[17688/19601] TSN: ✓ (no splits)
[17689/19601] TSOC: ✓ (no splits)
[17690/19601] TSOL: ✓ (no splits)
[17691/19601] TSP: ✓ (no splits)
[17692/19601] TSPQ: ✓ (no splits)
[17693/19601] TSPA: ✓ (no splits)
[17694/19601] TSPQ.U: ✓ (no splits)
[17695/19601] TSPQ.WS: ✓ (no splits)
[17696/19601] TSPX: ✓ (no splits)
[17697/19601] TSQ: ✓ (no splits)
[17698/19601] TSPY: ✓ (no splits)
[17699/19601] TSRI: ✓ (no splits)
[17700/19601] TSSI: ✓ (no splits)
[17701/19601] TSVTV: ✓ (no splits)
[17702/19601] TSW: ✓ (no splits)
[17703/19601] TSVT: ✓ (no splits)
[17704/19601] TSXD: ✓ (no splits)
[17705/19601] TSXU: ✓ (no splits)
[17706/19601] TSYW: ✓ (no splits)
[17707/19601] TSYY: ✓ (no splits)
[17708/19601] TT: ✓ (no splits)
[17709/19601] TTAC: ✓ (no splits)
[17710/19601] TTAI: ✓ (no splits)
[17711/19601] TTAM: ✓ (no splits)
[17712/19601] TTC: ✓ (no splits)
[17713/19601] TTAN: ✓ (no splits)
[17714/19601] TTCF: ✓ (no splits)
[17715/19601] TTCFW: ✓ (no splits)
[17716/19601] TTD: ✓ (1 split(s))
[17717/19601] TTDU: ✓ (no splits)
[17718/19601] TTEC: ✓ (no splits)
[17719/19601] TTE: ✓ (no splits)
[17720/19601] TTEK: ✓ (1 split(s))
[17721/19601] TTGT: ✓ (no splits)
[17722/19601] TTEQ: ✓ (no splits)
[17723/19601] TTI: ✓ (no splits)
[17724/19601] TTM: ✓ (no splits)
[17725/19601] TTMI: ✓ (no splits)
[17726/19601] TTNP: ✓ (1 split(s))
[17727/19601] TTOO: ✓ (2 split(s))
[17728/19601] TTOP: ✓ (no splits)
[17729/19601] TTRX: ✓ (no splits)
[17730/19601] TTP: ✓ (no splits)
[17731/19601] TTT: ✓ (no splits)
[17732/19601] TTXU: ✓ (no splits)
[17733/19601] TTXD: ✓ (no splits)
[17734/19601] TTWO: ✓ (no splits)
[17735/19601] TTSH: ✓ (no splits)
[17736/19601] TU: ✓ (no splits)
[17737/19601] TUA: ✓ (no splits)
[17738/19601] TUFN: ✓ (no splits)
[17739/19601] TUEM: ✓ (1 split(s))
[17740/19601] TUG: ✓ (no splits)
[17741/19601] TUGC: ✓ (no splits)
[17742/19601] TUGCU: ✓ (no splits)
[17743/19601] TUGCW: ✓ (no splits)
[17744/19601] TUNE: ✓ (no splits)
[17745/19601] TUGN: ✓ (no splits)
[17746/19601] TUR: ✓ (no splits)
[17747/19601] TUP: ✓ (no splits)
[17748/19601] TURB: ✓ (no splits)
[17749/19601] TURN: ✓ (1 split(s))
[17750/19601] TURF: ✓ (no splits)
[17751/19601] TUSA: ✓ (no splits)
[17752/19601] TUSI: ✓ (no splits)
[17753/19601] TUSB: ✓ (no splits)
[17754/19601] TUSK: ✓ (no splits)
[17755/19601] TUYA: ✓ (no splits)
[17756/19601] TV: ✓ (no splits)
[17757/19601] TVA: ✓ (no splits)
[17758/19601] TVAC: ✓ (no splits)
[17759/19601] TVACU: ✓ (no splits)
[17760/19601] TVACW: ✓ (no splits)
[17761/19601] TVAIR: ✓ (no splits)
[17762/19601] TVAI: ✓ (no splits)
[17763/19601] TVAIU: ✓ (no splits)
[17764/19601] TVC: ✓ (no splits)
[17765/19601] TVAL: ✓ (no splits)
[17766/19601] TVGN: ✓ (no splits)
[17767/19601] TVE: ✓ (no splits)
[17768/19601] TVGNW: ✓ (no splits)
[17769/19601] TVRD: ✓ (no splits)
[17770/19601] TVTX: ✓ (no splits)
[17771/19601] TW: ✓ (no splits)
[17772/19601] TVTY: ✓ (no splits)
[17773/19601] TWCB: ✓ (no splits)
[17774/19601] TWCBU: ✓ (no splits)
[17775/19601] TWCBW: ✓ (no splits)
[17776/19601] TWCT: ✓ (no splits)
[17777/19601] TWCTU: ✓ (no splits)
[17778/19601] TWEB: ✓ (no splits)
[17779/19601] TWCTW: ✓ (no splits)
[17780/19601] TWFG: ✓ (no splits)
[17781/19601] TWI: ✓ (no splits)
[17782/19601] TWG: ✓ (1 split(s))
[17783/19601] TWIN: ✓ (no splits)
[17784/19601] TWIO: ✓ (no splits)
[17785/19601] TWKS: ✓ (no splits)
[17786/19601] TWLVU: ✓ (no splits)
[17787/19601] TWLV: ✓ (no splits)
[17788/19601] TWLO: ✓ (no splits)
[17789/19601] TWLVW: ✓ (no splits)
[17790/19601] TWM: ✓ (2 split(s))
[17791/19601] TWN: ✓ (no splits)
[17792/19601] TWND.WS: ✓ (no splits)
[17793/19601] TWND: ✓ (no splits)
[17794/19601] TWND.U: ✓ (no splits)
[17795/19601] TWNI: ✓ (no splits)
[17796/19601] TWNI.U: ✓ (no splits)
[17797/19601] TWNI.WS: ✓ (no splits)
[17798/19601] TWNK: ✓ (no splits)
[17799/19601] TWNP: ✓ (no splits)
[17800/19601] TWNKW: ✓ (no splits)
[17801/19601] TWNPV: ✓ (no splits)
[17802/19601] TWNT: ✓ (no splits)
[17803/19601] TWNT.U: ✓ (no splits)
[17804/19601] TWNT.WS: ✓ (no splits)
[17805/19601] TWO: ✓ (1 split(s))
[17806/19601] TWOA: ✓ (no splits)
[17807/19601] TWOX: ✓ (no splits)
[17808/19601] TWOU: ✓ (1 split(s))
[17809/19601] TWOpA: ✓ (no splits)
[17810/19601] TWOD: ✓ (no splits)
[17811/19601] TWST: ✓ (no splits)
[17812/19601] TWOpB: ✓ (no splits)
[17813/19601] TWOpE: ✓ (no splits)
[17814/19601] TWOpC: ✓ (no splits)
[17815/19601] TWTR: ✓ (no splits)
[17816/19601] TWOpD: ✓ (no splits)
[17817/19601] TX: ✓ (no splits)
[17818/19601] TXBC: ✓ (no splits)
[17819/19601] TXG: ✓ (no splits)
[17820/19601] TXMD: ✓ (1 split(s))
[17821/19601] TXN: ✓ (no splits)
[17822/19601] TXNM: ✓ (no splits)
[17823/19601] TXRH: ✓ (no splits)
[17824/19601] TXO: ✓ (no splits)
[17825/19601] TXS: ✓ (no splits)
[17826/19601] TXSS: ✓ (no splits)
[17827/19601] TXUG: ✓ (no splits)
[17828/19601] TXUE: ✓ (no splits)
[17829/19601] TXT: ✓ (no splits)
[17830/19601] TXXD: ✓ (no splits)
[17831/19601] TXXI: ✓ (no splits)
[17832/19601] TXXS: ✓ (no splits)
[17833/19601] TYD: ✓ (no splits)
[17834/19601] TYA: ✓ (no splits)
[17835/19601] TY: ✓ (no splits)
[17836/19601] TYDE: ✓ (1 split(s))
[17837/19601] TYDEV: ✓ (no splits)
[17838/19601] TYG: ✓ (no splits)
[17839/19601] TYGO: ✓ (no splits)
[17840/19601] TYGOW: ✓ (no splits)
[17841/19601] TYHT: ✓ (no splits)
[17842/19601] TYL: ✓ (no splits)
[17843/19601] TYLD: ✓ (no splits)
[17844/19601] TYLG: ✓ (no splits)
[17845/19601] TYME: ✓ (no splits)
[17846/19601] TYNE: ✓ (no splits)
[17847/19601] TYO: ✓ (no splits)
[17848/19601] TYRA: ✓ (no splits)
[17849/19601] TYp: ✓ (no splits)
[17850/19601] TZA: ✓ (1 split(s))
[17851/19601] TZAC: ✓ (no splits)
[17852/19601] TZACU: ✓ (no splits)
[17853/19601] TZACW: ✓ (no splits)
[17854/19601] TZOO: ✓ (no splits)
[17855/19601] TZPSU: ✓ (no splits)
[17856/19601] TZPS: ✓ (no splits)
[17857/19601] TZPSW: ✓ (no splits)
[17858/19601] TZUP: ✓ (no splits)
[17859/19601] TpA: ✓ (no splits)
[17860/19601] TpC: ✓ (no splits)
[17861/19601] U: ✓ (no splits)
[17862/19601] UAA: ✓ (no splits)
[17863/19601] UA: ✓ (no splits)
[17864/19601] UAE: ✓ (no splits)
[17865/19601] UAG: ✓ (no splits)
[17866/19601] UAL: ✓ (no splits)
[17867/19601] UAMY: ✓ (no splits)
[17868/19601] UAN: ✓ (no splits)
[17869/19601] UAUG: ✓ (no splits)
[17870/19601] UAPR: ✓ (no splits)
[17871/19601] UAV: ✓ (no splits)
[17872/19601] UAVS: ✓ (2 split(s))
[17873/19601] UBCB: ✓ (no splits)
[17874/19601] UBER: ✓ (no splits)
[17875/19601] UBA: ✓ (no splits)
[17876/19601] UBCP: ✓ (no splits)
[17877/19601] UBEW: ✓ (no splits)
[17878/19601] UBFO: ✓ (no splits)
[17879/19601] UBG: ✓ (no splits)
[17880/19601] UBND: ✓ (no splits)
[17881/19601] UBOH: ✓ (no splits)
[17882/19601] UBOT: ✓ (1 split(s))
[17883/19601] UBPpK: ✓ (no splits)
[17884/19601] UBPpH: ✓ (no splits)
[17885/19601] UBP: ✓ (no splits)
[17886/19601] UBR: ✓ (no splits)
[17887/19601] UBRL: ✓ (no splits)
[17888/19601] UBS: ✓ (no splits)
[17889/19601] UBT: ✓ (no splits)
[17890/19601] UBSI: ✓ (no splits)
[17891/19601] UBX: ✓ (1 split(s))
[17892/19601] UBXG: ✓ (1 split(s))
[17893/19601] UCAR: ✓ (1 split(s))
[17894/19601] UCB: ✓ (no splits)
[17895/19601] UCBI: ✓ (no splits)
[17896/19601] UCBIO: ✓ (no splits)
[17897/19601] UCBpI: ✓ (no splits)
[17898/19601] UCC: ✓ (1 split(s))
[17899/19601] UCFI: ✓ (no splits)
[17900/19601] UCFIW: ✓ (no splits)
[17901/19601] UCI: ✓ (no splits)
[17902/19601] UCIB: ✓ (no splits)
[17903/19601] UCL: ✓ (no splits)
[17904/19601] UCO: ✓ (1 split(s))
[17905/19601] UCON: ✓ (no splits)
[17906/19601] UCRD: ✓ (no splits)
[17907/19601] UCTT: ✓ (no splits)
[17908/19601] UCYB: ✓ (no splits)
[17909/19601] UDEC: ✓ (no splits)
[17910/19601] UDI: ✓ (no splits)
[17911/19601] UDIV: ✓ (no splits)
[17912/19601] UDMY: ✓ (no splits)
[17913/19601] UDN: ✓ (no splits)
[17914/19601] UDR: ✓ (no splits)
[17915/19601] UDOW: ✓ (2 split(s))
[17916/19601] UE: ✓ (no splits)
[17917/19601] UEIC: ✓ (no splits)
[17918/19601] UEC: ✓ (no splits)
[17919/19601] UEPS: ✓ (no splits)
[17920/19601] UEVM: ✓ (no splits)
[17921/19601] UFAB: ✓ (no splits)
[17922/19601] UFCS: ✓ (no splits)
[17923/19601] UFEB: ✓ (no splits)
[17924/19601] UFG: ✓ (no splits)
[17925/19601] UFI: ✓ (no splits)
[17926/19601] UFIV: ✓ (no splits)
[17927/19601] UFO: ✓ (no splits)
[17928/19601] UFPI: ✓ (no splits)
[17929/19601] UFS: ✓ (no splits)
[17930/19601] UFPT: ✓ (no splits)
[17931/19601] UG: ✓ (no splits)
[17932/19601] UGA: ✓ (no splits)
[17933/19601] UGCE: ✓ (no splits)
[17934/19601] UGI: ✓ (no splits)
[17935/19601] UGE: ✓ (1 split(s))
[17936/19601] UGIC: ✓ (no splits)
[17937/19601] UGP: ✓ (no splits)
[17938/19601] UGL: ✓ (1 split(s))
[17939/19601] UGRO: ✓ (1 split(s))
[17940/19601] UHAL.B: ✓ (no splits)
[17941/19601] UHAL: ✓ (1 split(s))
[17942/19601] UHALB: ✓ (no splits)
[17943/19601] UHG: ✓ (no splits)
[17944/19601] UHGWW: ✓ (no splits)
[17945/19601] UHS: ✓ (no splits)
[17946/19601] UHT: ✓ (no splits)
[17947/19601] UI: ✓ (no splits)
[17948/19601] UIHC: ✓ (no splits)
[17949/19601] UITB: ✓ (no splits)
[17950/19601] UIS: ✓ (no splits)
[17951/19601] UIVM: ✓ (no splits)
[17952/19601] UJAN: ✓ (no splits)
[17953/19601] UJB: ✓ (no splits)
[17954/19601] UJUL: ✓ (no splits)
[17955/19601] UJUN: ✓ (no splits)
[17956/19601] UK: ✓ (2 split(s))
[17957/19601] UKOMW: ✓ (no splits)
[17958/19601] UL: ✓ (no splits)
[17959/19601] ULBI: ✓ (no splits)
[17960/19601] ULCC: ✓ (no splits)
[17961/19601] ULE: ✓ (no splits)
[17962/19601] ULH: ✓ (no splits)
[17963/19601] ULS: ✓ (no splits)
[17964/19601] ULST: ✓ (no splits)
[17965/19601] ULTA: ✓ (no splits)
[17966/19601] ULTI: ✓ (no splits)
[17967/19601] ULTR: ✓ (no splits)
[17968/19601] ULTY: ✓ (1 split(s))
[17969/19601] ULVM: ✓ (no splits)
[17970/19601] ULY: ✓ (1 split(s))
[17971/19601] UMAC: ✓ (no splits)
[17972/19601] UMAR: ✓ (no splits)
[17973/19601] UMAY: ✓ (no splits)
[17974/19601] UMBF: ✓ (no splits)
[17975/19601] UMBFO: ✓ (no splits)
[17976/19601] UMC: ✓ (no splits)
[17977/19601] UMDD: ✓ (1 split(s))
[17978/19601] UMH: ✓ (no splits)
[17979/19601] UMBFP: ✓ (no splits)
[17980/19601] UMHpC: ✓ (no splits)
[17981/19601] UMHpD: ✓ (no splits)
[17982/19601] UMMA: ✓ (no splits)
[17983/19601] UMI: ✓ (no splits)
[17984/19601] UNAM: ✓ (no splits)
[17985/19601] UNB: ✓ (no splits)
[17986/19601] UMPQ: ✓ (no splits)
[17987/19601] UNCY: ✓ (1 split(s))
[17988/19601] UNF: ✓ (no splits)
[17989/19601] UNFI: ✓ (no splits)
[17990/19601] UNG: ✓ (1 split(s))
[17991/19601] UNH: ✓ (no splits)
[17992/19601] UNHG: ✓ (no splits)
[17993/19601] UNHW: ✓ (no splits)
[17994/19601] UNIT: ✓ (no splits)
[17995/19601] UNIY: ✓ (no splits)
[17996/19601] UNL: ✓ (no splits)
[17997/19601] UNM: ✓ (no splits)
[17998/19601] UNOV: ✓ (no splits)
[17999/19601] UNMA: ✓ (no splits)
[18000/19601] UNP: ✓ (no splits)
  → Checkpoint saved: 2345 splits so far
[18001/19601] UNTY: ✓ (no splits)
[18002/19601] UNVR: ✓ (no splits)
[18003/19601] UNX: ✓ (no splits)
[18004/19601] UOCT: ✓ (no splits)
[18005/19601] UONE: ✓ (no splits)
[18006/19601] UOKA: ✓ (1 split(s))
[18007/19601] UONEK: ✓ (no splits)
[18008/19601] UP: ✓ (1 split(s))
[18009/19601] UP.WS: ✓ (no splits)
[18010/19601] UPAR: ✓ (no splits)
[18011/19601] UPB: ✓ (no splits)
[18012/19601] UPBD: ✓ (no splits)
[18013/19601] UPC: ✓ (3 split(s))
[18014/19601] UPGD: ✓ (no splits)
[18015/19601] UPGR: ✓ (no splits)
[18016/19601] UPH: ✓ (1 split(s))
[18017/19601] UPH.WS: ✓ (no splits)
[18018/19601] UPLD: ✓ (no splits)
[18019/19601] UPS: ✓ (no splits)
[18020/19601] UPRO: ✓ (1 split(s))
[18021/19601] UPSD: ✓ (no splits)
[18022/19601] UPST: ✓ (no splits)
[18023/19601] UPSX: ✓ (1 split(s))
[18024/19601] UPTD: ✓ (no splits)
[18025/19601] UPTDU: ✓ (no splits)
[18026/19601] UPTDW: ✓ (no splits)
[18027/19601] UPV: ✓ (no splits)
[18028/19601] UPW: ✓ (1 split(s))
[18029/19601] UPWD: ✓ (no splits)
[18030/19601] UPWK: ✓ (no splits)
[18031/19601] URA: ✓ (no splits)
[18032/19601] UPXI: ✓ (1 split(s))
[18033/19601] URAA: ✓ (no splits)
[18034/19601] URAN: ✓ (no splits)
[18035/19601] URAX: ✓ (no splits)
[18036/19601] URBN: ✓ (no splits)
[18037/19601] URE: ✓ (no splits)
[18038/19601] URG: ✓ (no splits)
[18039/19601] URI: ✓ (no splits)
[18040/19601] URGN: ✓ (no splits)
[18041/19601] URNJ: ✓ (no splits)
[18042/19601] URNM: ✓ (1 split(s))
[18043/19601] UROY: ✓ (no splits)
[18044/19601] UROV: ✓ (no splits)
[18045/19601] URSP: ✓ (no splits)
[18046/19601] URTH: ✓ (no splits)
[18047/19601] USA: ✓ (no splits)
[18048/19601] URTY: ✓ (no splits)
[18049/19601] USAC: ✓ (no splits)
[18050/19601] USAF: ✓ (no splits)
[18051/19601] USAI: ✓ (no splits)
[18052/19601] USAK: ✓ (no splits)
[18053/19601] USAP: ✓ (no splits)
[18054/19601] USAR: ✓ (no splits)
[18055/19601] USARW: ✓ (no splits)
[18056/19601] USAS: ✓ (1 split(s))
[18057/19601] USAT: ✓ (no splits)
[18058/19601] USAU: ✓ (no splits)
[18059/19601] USBC: ✓ (no splits)
[18060/19601] USB: ✓ (no splits)
[18061/19601] USBF: ✓ (no splits)
[18062/19601] USBpA: ✓ (no splits)
[18063/19601] USBpM: ✓ (no splits)
[18064/19601] USBpH: ✓ (no splits)
[18065/19601] USBpO: ✓ (no splits)
[18066/19601] USBpP: ✓ (no splits)
[18067/19601] USBpQ: ✓ (no splits)
[18068/19601] USBpR: ✓ (no splits)
[18069/19601] USBpS: ✓ (no splits)
[18070/19601] USCA: ✓ (no splits)
[18071/19601] USCB: ✓ (no splits)
[18072/19601] USCF: ✓ (no splits)
[18073/19601] USCI: ✓ (no splits)
[18074/19601] USCL: ✓ (no splits)
[18075/19601] USCR: ✓ (no splits)
[18076/19601] USCT: ✓ (no splits)
[18077/19601] USCTU: ✓ (no splits)
[18078/19601] USCTW: ✓ (no splits)
[18079/19601] USDP: ✓ (no splits)
[18080/19601] USD: ✓ (3 split(s))
[18081/19601] USDU: ✓ (no splits)
[18082/19601] USDX: ✓ (no splits)
[18083/19601] USE: ✓ (no splits)
[18084/19601] USEA: ✓ (no splits)
[18085/19601] USEG: ✓ (no splits)
[18086/19601] USEP: ✓ (no splits)
[18087/19601] USEQ: ✓ (no splits)
[18088/19601] USER: ✓ (no splits)
[18089/19601] USFD: ✓ (no splits)
[18090/19601] USFI: ✓ (no splits)
[18091/19601] USG: ✓ (no splits)
[18092/19601] USFR: ✓ (1 split(s))
[18093/19601] USGO: ✓ (no splits)
[18094/19601] USGOW: ✓ (no splits)
[18095/19601] USHG: ✓ (no splits)
[18096/19601] USI: ✓ (no splits)
[18097/19601] USHY: ✓ (no splits)
[18098/19601] USIG: ✓ (no splits)
[18099/19601] USIN: ✓ (no splits)
[18100/19601] USIO: ✓ (no splits)
[18101/19601] USL: ✓ (no splits)
[18102/19601] USLB: ✓ (no splits)
[18103/19601] USM: ✓ (no splits)
[18104/19601] USMC: ✓ (no splits)
[18105/19601] USLM: ✓ (1 split(s))
[18106/19601] USMF: ✓ (no splits)
[18107/19601] USML: ✓ (no splits)
[18108/19601] USMV: ✓ (no splits)
[18109/19601] USNA: ✓ (no splits)
[18110/19601] USNG: ✓ (no splits)
[18111/19601] USNZ: ✓ (no splits)
[18112/19601] USO: ✓ (no splits)
[18113/19601] USOI: ✓ (1 split(s))
[18114/19601] USOY: ✓ (no splits)
[18115/19601] USPH: ✓ (no splits)
[18116/19601] USPX: ✓ (no splits)
[18117/19601] USRD: ✓ (no splits)
[18118/19601] USRT: ✓ (no splits)
[18119/19601] USSE: ✓ (no splits)
[18120/19601] USSG: ✓ (no splits)
[18121/19601] USSH: ✓ (no splits)
[18122/19601] UST: ✓ (no splits)
[18123/19601] USTB: ✓ (no splits)
[18124/19601] USVM: ✓ (no splits)
[18125/19601] USV: ✓ (no splits)
[18126/19601] USVN: ✓ (no splits)
[18127/19601] USVT: ✓ (no splits)
[18128/19601] USWS: ✓ (2 split(s))
[18129/19601] USWSW: ✓ (no splits)
[18130/19601] USX: ✓ (no splits)
[18131/19601] USXF: ✓ (no splits)
[18132/19601] UTAA: ✓ (no splits)
[18133/19601] UTAAU: ✓ (no splits)
[18134/19601] UTAAW: ✓ (no splits)
[18135/19601] UTEN: ✓ (no splits)
[18136/19601] UTES: ✓ (no splits)
[18137/19601] UTF: ✓ (no splits)
[18138/19601] UTFr: ✓ (no splits)
[18139/19601] UTFrw: ✓ (no splits)
[18140/19601] UTG: ✓ (no splits)
[18141/19601] UTHR: ✓ (no splits)
[18142/19601] UTHY: ✓ (no splits)
[18143/19601] UTI: ✓ (no splits)
[18144/19601] UTMD: ✓ (no splits)
[18145/19601] UTL: ✓ (no splits)
[18146/19601] UTME: ✓ (no splits)
[18147/19601] UTRN: ✓ (no splits)
[18148/19601] UTRE: ✓ (no splits)
[18149/19601] UTRS: ✓ (1 split(s))
[18150/19601] UTSI: ✓ (1 split(s))
[18151/19601] UTSL: ✓ (no splits)
[18152/19601] UTWO: ✓ (no splits)
[18153/19601] UTWY: ✓ (no splits)
[18154/19601] UTZ: ✓ (no splits)
[18155/19601] UTZ.WS: ✓ (no splits)
[18156/19601] UUP: ✓ (no splits)
[18157/19601] UUU: ✓ (no splits)
[18158/19601] UUUU: ✓ (no splits)
[18159/19601] UUUU.WS: ✓ (no splits)
[18160/19601] UVDV: ✓ (no splits)
[18161/19601] UVE: ✓ (no splits)
[18162/19601] UVIX: ✓ (3 split(s))
[18163/19601] UVSP: ✓ (no splits)
[18164/19601] UVV: ✓ (no splits)
[18165/19601] UVXY: ✓ (4 split(s))
[18166/19601] UWMC: ✓ (no splits)
[18167/19601] UWM: ✓ (1 split(s))
[18168/19601] UWMC.WS: ✓ (no splits)
[18169/19601] UX: ✓ (no splits)
[18170/19601] UXAP: ✓ (no splits)
[18171/19601] UXI: ✓ (1 split(s))
[18172/19601] UXIN: ✓ (2 split(s))
[18173/19601] UXJA: ✓ (no splits)
[18174/19601] UXJL: ✓ (no splits)
[18175/19601] UXOC: ✓ (no splits)
[18176/19601] UXRP: ✓ (no splits)
[18177/19601] UYG: ✓ (no splits)
[18178/19601] UYLD: ✓ (no splits)
[18179/19601] UYM: ✓ (1 split(s))
[18180/19601] UYSC: ✓ (no splits)
[18181/19601] UYSCR: ✓ (no splits)
[18182/19601] UYSCU: ✓ (no splits)
[18183/19601] UZA: ✓ (no splits)
[18184/19601] UZB: ✓ (no splits)
[18185/19601] UZC: ✓ (no splits)
[18186/19601] UZD: ✓ (no splits)
[18187/19601] UZE: ✓ (no splits)
[18188/19601] V: ✓ (no splits)
[18189/19601] UZF: ✓ (no splits)
[18190/19601] VABK: ✓ (no splits)
[18191/19601] VABS: ✓ (no splits)
[18192/19601] VAC: ✓ (no splits)
[18193/19601] VACC: ✓ (no splits)
[18194/19601] VACH: ✓ (no splits)
[18195/19601] VACHU: ✓ (no splits)
[18196/19601] VACI: ✓ (no splits)
[18197/19601] VACHW: ✓ (no splits)
[18198/19601] VACI.U: ✓ (no splits)
[18199/19601] VACI.WS: ✓ (no splits)
[18200/19601] VACQ: ✓ (no splits)
[18201/19601] VACQU: ✓ (no splits)
[18202/19601] VACQW: ✓ (no splits)
[18203/19601] VAL: ✓ (no splits)
[18204/19601] VAL.WS: ✓ (no splits)
[18205/19601] VALE: ✓ (no splits)
[18206/19601] VALN: ✓ (no splits)
[18207/19601] VALQ: ✓ (no splits)
[18208/19601] VALT: ✓ (no splits)
[18209/19601] VANI: ✓ (1 split(s))
[18210/19601] VALU: ✓ (no splits)
[18211/19601] VAMO: ✓ (no splits)
[18212/19601] VANIW: ✓ (no splits)
[18213/19601] VAPE: ✓ (no splits)
[18214/19601] VAPEW: ✓ (no splits)
[18215/19601] VAPO: ✓ (1 split(s))
[18216/19601] VAR: ✓ (no splits)
[18217/19601] VAQC: ✓ (no splits)
[18218/19601] VATE: ✓ (1 split(s))
[18219/19601] VATEr: ✓ (no splits)
[18220/19601] VB: ✓ (no splits)
[18221/19601] VAW: ✓ (no splits)
[18222/19601] VAXX: ✓ (no splits)
[18223/19601] VBB: ✓ (no splits)
[18224/19601] VBF: ✓ (no splits)
[18225/19601] VBFC: ✓ (no splits)
[18226/19601] VBIL: ✓ (no splits)
[18227/19601] VBIV: ✓ (1 split(s))
[18228/19601] VBIX: ✓ (3 split(s))
[18229/19601] VBK: ✓ (no splits)
[18230/19601] VBND: ✓ (no splits)
[18231/19601] VBNK: ✓ (no splits)
[18232/19601] VBLT: ✓ (1 split(s))
[18233/19601] VBOC: ✓ (no splits)
[18234/19601] VBOCU: ✓ (no splits)
[18235/19601] VBOCW: ✓ (no splits)
[18236/19601] VBR: ✓ (no splits)
[18237/19601] VC: ✓ (no splits)
[18238/19601] VBTX: ✓ (no splits)
[18239/19601] VCAR: ✓ (no splits)
[18240/19601] VCEB: ✓ (no splits)
[18241/19601] VCIC: ✓ (no splits)
[18242/19601] VCEL: ✓ (no splits)
[18243/19601] VCF: ✓ (no splits)
[18244/19601] VCICU: ✓ (no splits)
[18245/19601] VCICW: ✓ (no splits)
[18246/19601] VCIF: ✓ (no splits)
[18247/19601] VCIT: ✓ (no splits)
[18248/19601] VCIG: ✓ (3 split(s))
[18249/19601] VCKA: ✓ (no splits)
[18250/19601] VCKAU: ✓ (no splits)
[18251/19601] VCKAW: ✓ (no splits)
[18252/19601] VCLN: ✓ (no splits)
[18253/19601] VCLO: ✓ (no splits)
[18254/19601] VCLT: ✓ (no splits)
[18255/19601] VCNX: ✓ (2 split(s))
[18256/19601] VCOB: ✓ (no splits)
[18257/19601] VCRA: ✓ (no splits)
[18258/19601] VCR: ✓ (no splits)
[18259/19601] VCRB: ✓ (no splits)
[18260/19601] VCRM: ✓ (no splits)
[18261/19601] VCSA: ✓ (1 split(s))
[18262/19601] VCSH: ✓ (no splits)
[18263/19601] VCTR: ✓ (no splits)
[18264/19601] VCVC: ✓ (no splits)
[18265/19601] VCVCU: ✓ (no splits)
[18266/19601] VCV: ✓ (no splits)
[18267/19601] VCVCW: ✓ (no splits)
[18268/19601] VCXA: ✓ (no splits)
[18269/19601] VCXAU: ✓ (no splits)
[18270/19601] VCXAW: ✓ (no splits)
[18271/19601] VCXB.U: ✓ (no splits)
[18272/19601] VCXB.WS: ✓ (no splits)
[18273/19601] VCXB: ✓ (no splits)
[18274/19601] VCYT: ✓ (no splits)
[18275/19601] VDC: ✓ (no splits)
[18276/19601] VDE: ✓ (no splits)
[18277/19601] VDI: ✓ (no splits)
[18278/19601] VDNI: ✓ (no splits)
[18279/19601] VDIG: ✓ (no splits)
[18280/19601] VEA: ✓ (no splits)
[18281/19601] VEC: ✓ (no splits)
[18282/19601] VECO: ✓ (no splits)
[18283/19601] VECT: ✓ (no splits)
[18284/19601] VEEAW: ✓ (no splits)
[18285/19601] VEDL: ✓ (no splits)
[18286/19601] VEEA: ✓ (no splits)
[18287/19601] VEDU: ✓ (no splits)
[18288/19601] VEEE: ✓ (1 split(s))
[18289/19601] VEEV: ✓ (no splits)
[18290/19601] VEGI: ✓ (no splits)
[18291/19601] VEI: ✓ (no splits)
[18292/19601] VEGA: ✓ (no splits)
[18293/19601] VEGN: ✓ (no splits)
[18294/19601] VEL: ✓ (no splits)
[18295/19601] VELO: ✓ (no splits)
[18296/19601] VELOU: ✓ (no splits)
[18297/19601] VEMY: ✓ (no splits)
[18298/19601] VENA: ✓ (no splits)
[18299/19601] VELOW: ✓ (no splits)
[18300/19601] VENAR: ✓ (no splits)
[18301/19601] VENAW: ✓ (no splits)
[18302/19601] VENAU: ✓ (no splits)
[18303/19601] VENU: ✓ (no splits)
[18304/19601] VEON: ✓ (1 split(s))
[18305/19601] VER: ✓ (1 split(s))
[18306/19601] VERA: ✓ (no splits)
[18307/19601] VERBW: ✓ (no splits)
[18308/19601] VERB: ✓ (2 split(s))
[18309/19601] VERI: ✓ (no splits)
[18310/19601] VERO: ✓ (2 split(s))
[18311/19601] VERS: ✓ (no splits)
[18312/19601] VERT.U: ✓ (no splits)
[18313/19601] VERU: ✓ (1 split(s))
[18314/19601] VERV: ✓ (no splits)
[18315/19601] VERX: ✓ (no splits)
[18316/19601] VERY: ✓ (no splits)
[18317/19601] VERpF: ✓ (no splits)
[18318/19601] VET: ✓ (no splits)
[18319/19601] VETS: ✓ (no splits)
[18320/19601] VETZ: ✓ (no splits)
[18321/19601] VEU: ✓ (no splits)
[18322/19601] VEV: ✓ (no splits)
[18323/19601] VEXC: ✓ (no splits)
[18324/19601] VFC: ✓ (no splits)
[18325/19601] VFF: ✓ (no splits)
[18326/19601] VFH: ✓ (no splits)
[18327/19601] VFL: ✓ (no splits)
[18328/19601] VFLO: ✓ (no splits)
[18329/19601] VFIN: ✓ (no splits)
[18330/19601] VFMF: ✓ (no splits)
[18331/19601] VFLQ: ✓ (no splits)
[18332/19601] VFMO: ✓ (no splits)
[18333/19601] VFQY: ✓ (no splits)
[18334/19601] VFS: ✓ (no splits)
[18335/19601] VFMV: ✓ (no splits)
[18336/19601] VFSWW: ✓ (no splits)
[18337/19601] VFVA: ✓ (no splits)
[18338/19601] VG: ✓ (no splits)
[18339/19601] VGAC: ✓ (no splits)
[18340/19601] VGAC.U: ✓ (no splits)
[18341/19601] VGAS: ✓ (no splits)
[18342/19601] VGASW: ✓ (no splits)
[18343/19601] VGAC.WS: ✓ (no splits)
[18344/19601] VGFC: ✓ (no splits)
[18345/19601] VGHY: ✓ (no splits)
[18346/19601] VGI: ✓ (no splits)
[18347/19601] VGII.WS: ✓ (no splits)
[18348/19601] VGII: ✓ (no splits)
[18349/19601] VGII.U: ✓ (no splits)
[18350/19601] VGIT: ✓ (no splits)
[18351/19601] VGK: ✓ (no splits)
[18352/19601] VGLT: ✓ (no splits)
[18353/19601] VGM: ✓ (no splits)
[18354/19601] VGR: ✓ (no splits)
[18355/19601] VGMS: ✓ (no splits)
[18356/19601] VGSH: ✓ (no splits)
[18357/19601] VGSR: ✓ (no splits)
[18358/19601] VGUS: ✓ (no splits)
[18359/19601] VGT: ✓ (no splits)
[18360/19601] VGVT: ✓ (no splits)
[18361/19601] VGZ: ✓ (no splits)
[18362/19601] VHAI: ✓ (no splits)
[18363/19601] VHAI.WS.A: ✓ (no splits)
[18364/19601] VHAI.WS.B: ✓ (no splits)
[18365/19601] VHAQ: ✓ (no splits)
[18366/19601] VHAQ.U: ✓ (no splits)
[18367/19601] VHAQ.WS: ✓ (no splits)
[18368/19601] VHAQr: ✓ (no splits)
[18369/19601] VHC: ✓ (1 split(s))
[18370/19601] VHI: ✓ (no splits)
[18371/19601] VHNA: ✓ (no splits)
[18372/19601] VHNAU: ✓ (no splits)
[18373/19601] VHNAW: ✓ (no splits)
[18374/19601] VHT: ✓ (no splits)
[18375/19601] VIAC: ✓ (no splits)
[18376/19601] VIA: ✓ (1 split(s))
[18377/19601] VIACA: ✓ (no splits)
[18378/19601] VIAO: ✓ (no splits)
[18379/19601] VIACP: ✓ (no splits)
[18380/19601] VIASP: ✓ (no splits)
[18381/19601] VICE: ✓ (no splits)
[18382/19601] VIAV: ✓ (no splits)
[18383/19601] VICI: ✓ (no splits)
[18384/19601] VICR: ✓ (no splits)
[18385/19601] VIDI: ✓ (no splits)
[18386/19601] VIE: ✓ (no splits)
[18387/19601] VIEW: ✓ (1 split(s))
[18388/19601] VIG: ✓ (no splits)
[18389/19601] VIEWW: ✓ (no splits)
[18390/19601] VIGI: ✓ (no splits)
[18391/19601] VIGL: ✓ (no splits)
[18392/19601] VIH: ✓ (no splits)
[18393/19601] VIHAU: ✓ (no splits)
[18394/19601] VIIAU: ✓ (no splits)
[18395/19601] VIHAW: ✓ (no splits)
[18396/19601] VII: ✓ (no splits)
[18397/19601] VIK: ✓ (no splits)
[18398/19601] VINC: ✓ (1 split(s))
[18399/19601] VIIAW: ✓ (no splits)
[18400/19601] VINCU: ✓ (no splits)
[18401/19601] VINCW: ✓ (no splits)
[18402/19601] VINE: ✓ (no splits)
[18403/19601] VINP: ✓ (no splits)
[18404/19601] VINO: ✓ (4 split(s))
[18405/19601] VIOG: ✓ (1 split(s))
[18406/19601] VIOO: ✓ (1 split(s))
[18407/19601] VIOT: ✓ (no splits)
[18408/19601] VIOV: ✓ (1 split(s))
[18409/19601] VIPS: ✓ (no splits)
[18410/19601] VIR: ✓ (no splits)
[18411/19601] VIRC: ✓ (no splits)
[18412/19601] VIRI: ✓ (1 split(s))
[18413/19601] VIRS: ✓ (no splits)
[18414/19601] VIS: ✓ (no splits)
[18415/19601] VIRT: ✓ (no splits)
[18416/19601] VIRX: ✓ (no splits)
[18417/19601] VISL: ✓ (2 split(s))
[18418/19601] VITL: ✓ (no splits)
[18419/19601] VIST: ✓ (no splits)
[18420/19601] VIV: ✓ (no splits)
[18421/19601] VIVE: ✓ (no splits)
[18422/19601] VIVK: ✓ (1 split(s))
[18423/19601] VIVS: ✓ (no splits)
[18424/19601] VIVO: ✓ (no splits)
[18425/19601] VIXI: ✓ (no splits)
[18426/19601] VIXM: ✓ (no splits)
[18427/19601] VJET: ✓ (no splits)
[18428/19601] VIXY: ✓ (3 split(s))
[18429/19601] VKI: ✓ (no splits)
[18430/19601] VKQ: ✓ (no splits)
[18431/19601] VKTX: ✓ (no splits)
[18432/19601] VKTXW: ✓ (no splits)
[18433/19601] VLAT: ✓ (no splits)
[18434/19601] VLATW: ✓ (no splits)
[18435/19601] VLATU: ✓ (no splits)
[18436/19601] VLCN: ✓ (5 split(s))
[18437/19601] VLD.WS: ✓ (no splits)
[18438/19601] VLDR: ✓ (no splits)
[18439/19601] VLD: ✓ (1 split(s))
[18440/19601] VLDRW: ✓ (no splits)
[18441/19601] VLGEA: ✓ (no splits)
[18442/19601] VLLU: ✓ (no splits)
[18443/19601] VLN: ✓ (no splits)
[18444/19601] VLN.WS: ✓ (no splits)
[18445/19601] VLNS: ✓ (1 split(s))
[18446/19601] VLO: ✓ (no splits)
[18447/19601] VLRS: ✓ (no splits)
[18448/19601] VLON: ✓ (1 split(s))
[18449/19601] VLT: ✓ (no splits)
[18450/19601] VLTA: ✓ (no splits)
[18451/19601] VLTA.WS: ✓ (no splits)
[18452/19601] VLTO: ✓ (no splits)
[18453/19601] VLTOw: ✓ (no splits)
[18454/19601] VLUE: ✓ (no splits)
[18455/19601] VLU: ✓ (no splits)
[18456/19601] VLY: ✓ (no splits)
[18457/19601] VLYPO: ✓ (no splits)
[18458/19601] VLYPP: ✓ (no splits)
[18459/19601] VLYPN: ✓ (no splits)
[18460/19601] VMAC: ✓ (no splits)
[18461/19601] VMACU: ✓ (no splits)
[18462/19601] VMACW: ✓ (no splits)
[18463/19601] VMAT: ✓ (no splits)
[18464/19601] VMAR: ✓ (3 split(s))
[18465/19601] VMBS: ✓ (no splits)
[18466/19601] VMAX: ✓ (no splits)
[18467/19601] VMCA: ✓ (no splits)
[18468/19601] VMC: ✓ (no splits)
[18469/19601] VMCAW: ✓ (no splits)
[18470/19601] VMCAU: ✓ (no splits)
[18471/19601] VMD: ✓ (no splits)
[18472/19601] VMEO: ✓ (no splits)
[18473/19601] VMEOV: ✓ (no splits)
[18474/19601] VMGA: ✓ (no splits)
[18475/19601] VMGAW: ✓ (no splits)
[18476/19601] VMGAU: ✓ (no splits)
[18477/19601] VMO: ✓ (no splits)
[18478/19601] VMM: ✓ (no splits)
[18479/19601] VMI: ✓ (no splits)
[18480/19601] VMOT: ✓ (no splits)
[18481/19601] VMSB: ✓ (no splits)
[18482/19601] VMW: ✓ (no splits)
[18483/19601] VMWw: ✓ (no splits)
[18484/19601] VNAM: ✓ (no splits)
[18485/19601] VNCE: ✓ (no splits)
[18486/19601] VNDA: ✓ (no splits)
[18487/19601] VNE: ✓ (no splits)
[18488/19601] VNET: ✓ (no splits)
[18489/19601] VNLA: ✓ (no splits)
[18490/19601] VNIE: ✓ (no splits)
[18491/19601] VNM: ✓ (no splits)
[18492/19601] VNMC: ✓ (no splits)
[18493/19601] VNME: ✓ (no splits)
[18494/19601] VNMEU: ✓ (no splits)
[18495/19601] VNMEW: ✓ (no splits)
[18496/19601] VNO: ✓ (no splits)
[18497/19601] VNOpK: ✓ (no splits)
[18498/19601] VNOpL: ✓ (no splits)
[18499/19601] VNOpM: ✓ (no splits)
[18500/19601] VNOM: ✓ (no splits)
  → Checkpoint saved: 2430 splits so far
[18501/19601] VNOpN: ✓ (no splits)
[18502/19601] VNOpO: ✓ (no splits)
[18503/19601] VNQ: ✓ (no splits)
[18504/19601] VNQI: ✓ (no splits)
[18505/19601] VNRX: ✓ (no splits)
[18506/19601] VNSE: ✓ (no splits)
[18507/19601] VNT: ✓ (no splits)
[18508/19601] VNTG: ✓ (no splits)
[18509/19601] VNTR: ✓ (no splits)
[18510/19601] VO: ✓ (no splits)
[18511/19601] VOD: ✓ (no splits)
[18512/19601] VOC: ✓ (no splits)
[18513/19601] VOE: ✓ (no splits)
[18514/19601] VOLT: ✓ (no splits)
[18515/19601] VONE: ✓ (no splits)
[18516/19601] VONG: ✓ (1 split(s))
[18517/19601] VONV: ✓ (1 split(s))
[18518/19601] VOOV: ✓ (no splits)
[18519/19601] VOO: ✓ (no splits)
[18520/19601] VOOG: ✓ (no splits)
[18521/19601] VOR: ✓ (1 split(s))
[18522/19601] VORB: ✓ (no splits)
[18523/19601] VORBW: ✓ (no splits)
[18524/19601] VOSO: ✓ (no splits)
[18525/19601] VOSOU: ✓ (no splits)
[18526/19601] VOSOW: ✓ (no splits)
[18527/19601] VOT: ✓ (no splits)
[18528/19601] VOTE: ✓ (no splits)
[18529/19601] VOX: ✓ (no splits)
[18530/19601] VOXR: ✓ (no splits)
[18531/19601] VOXX: ✓ (no splits)
[18532/19601] VOYApB: ✓ (no splits)
[18533/19601] VOYA: ✓ (no splits)
[18534/19601] VOYG: ✓ (no splits)
[18535/19601] VPC: ✓ (no splits)
[18536/19601] VOYX: ✓ (no splits)
[18537/19601] VPCBU: ✓ (no splits)
[18538/19601] VPCB: ✓ (no splits)
[18539/19601] VPCBW: ✓ (no splits)
[18540/19601] VPCC.U: ✓ (no splits)
[18541/19601] VPCC: ✓ (no splits)
[18542/19601] VPCC.WS: ✓ (no splits)
[18543/19601] VPG: ✓ (no splits)
[18544/19601] VPL: ✓ (no splits)
[18545/19601] VPLS: ✓ (no splits)
[18546/19601] VPN: ✓ (no splits)
[18547/19601] VPOP: ✓ (no splits)
[18548/19601] VPU: ✓ (no splits)
[18549/19601] VPV: ✓ (no splits)
[18550/19601] VQS: ✓ (no splits)
[18551/19601] VRA: ✓ (no splits)
[18552/19601] VRAI: ✓ (no splits)
[18553/19601] VR: ✓ (no splits)
[18554/19601] VRAR: ✓ (no splits)
[18555/19601] VRAY: ✓ (no splits)
[18556/19601] VRAX: ✓ (1 split(s))
[18557/19601] VRCA: ✓ (1 split(s))
[18558/19601] VRE: ✓ (no splits)
[18559/19601] VRDN: ✓ (no splits)
[18560/19601] VREX: ✓ (no splits)
[18561/19601] VRIG: ✓ (no splits)
[18562/19601] VRM: ✓ (1 split(s))
[18563/19601] VRME: ✓ (no splits)
[18564/19601] VRMEW: ✓ (no splits)
[18565/19601] VRNA: ✓ (no splits)
[18566/19601] VRN: ✓ (no splits)
[18567/19601] VRNS: ✓ (1 split(s))
[18568/19601] VRNT: ✓ (no splits)
[18569/19601] VRP: ✓ (no splits)
[18570/19601] VRPX: ✓ (2 split(s))
[18571/19601] VRS: ✓ (no splits)
[18572/19601] VRRM: ✓ (no splits)
[18573/19601] VRSK: ✓ (no splits)
[18574/19601] VRSN: ✓ (no splits)
[18575/19601] VRT: ✓ (no splits)
[18576/19601] VRT.WS: ✓ (no splits)
[18577/19601] VRTL: ✓ (no splits)
[18578/19601] VRTS: ✓ (no splits)
[18579/19601] VRTU: ✓ (no splits)
[18580/19601] VRTV: ✓ (no splits)
[18581/19601] VRTX: ✓ (no splits)
[18582/19601] VS: ✓ (2 split(s))
[18583/19601] VSA: ✓ (no splits)
[18584/19601] VSAC: ✓ (no splits)
[18585/19601] VSACU: ✓ (no splits)
[18586/19601] VSACW: ✓ (no splits)
[18587/19601] VSAT: ✓ (no splits)
[18588/19601] VSCOw: ✓ (no splits)
[18589/19601] VSCO: ✓ (no splits)
[18590/19601] VSDA: ✓ (no splits)
[18591/19601] VSDB: ✓ (no splits)
[18592/19601] VSDM: ✓ (no splits)
[18593/19601] VSEC: ✓ (no splits)
[18594/19601] VSEE: ✓ (no splits)
[18595/19601] VSGX: ✓ (no splits)
[18596/19601] VSEEW: ✓ (no splits)
[18597/19601] VSH: ✓ (no splits)
[18598/19601] VSHY: ✓ (no splits)
[18599/19601] VSL: ✓ (no splits)
[18600/19601] VSOL: ✓ (no splits)
[18601/19601] VSMV: ✓ (no splits)
[18602/19601] VSLU: ✓ (no splits)
[18603/19601] VSME: ✓ (1 split(s))
[18604/19601] VSPR: ✓ (no splits)
[18605/19601] VSPRW: ✓ (no splits)
[18606/19601] VSPRU: ✓ (no splits)
[18607/19601] VSPY: ✓ (no splits)
[18608/19601] VSS: ✓ (no splits)
[18609/19601] VSSYW: ✓ (no splits)
[18610/19601] VST: ✓ (no splits)
[18611/19601] VST.WS.A: ✓ (no splits)
[18612/19601] VSTA: ✓ (no splits)
[18613/19601] VSTD: ✓ (no splits)
[18614/19601] VSTEW: ✓ (no splits)
[18615/19601] VSTL: ✓ (no splits)
[18616/19601] VSTE: ✓ (no splits)
[18617/19601] VSTM: ✓ (1 split(s))
[18618/19601] VSTO: ✓ (no splits)
[18619/19601] VSTS: ✓ (no splits)
[18620/19601] VSTSw: ✓ (no splits)
[18621/19601] VT: ✓ (no splits)
[18622/19601] VTA: ✓ (no splits)
[18623/19601] VTAK: ✓ (3 split(s))
[18624/19601] VTAQ: ✓ (no splits)
[18625/19601] VTAQR: ✓ (no splits)
[18626/19601] VTAQU: ✓ (no splits)
[18627/19601] VTEC: ✓ (no splits)
[18628/19601] VTEB: ✓ (no splits)
[18629/19601] VTC: ✓ (no splits)
[18630/19601] VTAQW: ✓ (no splits)
[18631/19601] VTEI: ✓ (no splits)
[18632/19601] VTEL: ✓ (no splits)
[18633/19601] VTES: ✓ (no splits)
[18634/19601] VTG: ✓ (no splits)
[18635/19601] VTEX: ✓ (no splits)
[18636/19601] VTGN: ✓ (1 split(s))
[18637/19601] VTHR: ✓ (no splits)
[18638/19601] VTIP: ✓ (no splits)
[18639/19601] VTI: ✓ (no splits)
[18640/19601] VTIQ: ✓ (no splits)
[18641/19601] VTIQU: ✓ (no splits)
[18642/19601] VTIQW: ✓ (no splits)
[18643/19601] VTLE: ✓ (no splits)
[18644/19601] VTMX: ✓ (no splits)
[18645/19601] VTN: ✓ (no splits)
[18646/19601] VTNR: ✓ (no splits)
[18647/19601] VTOL: ✓ (no splits)
[18648/19601] VTP: ✓ (no splits)
[18649/19601] VTR: ✓ (no splits)
[18650/19601] VTRN: ✓ (no splits)
[18651/19601] VTRU: ✓ (no splits)
[18652/19601] VTRS: ✓ (no splits)
[18653/19601] VTS: ✓ (no splits)
[18654/19601] VTSI: ✓ (no splits)
[18655/19601] VTSw: ✓ (no splits)
[18656/19601] VTV: ✓ (no splits)
[18657/19601] VTVT: ✓ (1 split(s))
[18658/19601] VTWO: ✓ (1 split(s))
[18659/19601] VTWG: ✓ (no splits)
[18660/19601] VTWV: ✓ (no splits)
[18661/19601] VTYX: ✓ (no splits)
[18662/19601] VUG: ✓ (no splits)
[18663/19601] VUS: ✓ (no splits)
[18664/19601] VUSB: ✓ (no splits)
[18665/19601] VUSE: ✓ (no splits)
[18666/19601] VUSG: ✓ (no splits)
[18667/19601] VUSI: ✓ (no splits)
[18668/19601] VUSV: ✓ (no splits)
[18669/19601] VV: ✓ (no splits)
[18670/19601] VUZI: ✓ (no splits)
[18671/19601] VVI: ✓ (no splits)
[18672/19601] VVNT: ✓ (no splits)
[18673/19601] VVNT.WS: ✓ (no splits)
[18674/19601] VVOS: ✓ (1 split(s))
[18675/19601] VVR: ✓ (no splits)
[18676/19601] VVPR: ✓ (1 split(s))
[18677/19601] VVV: ✓ (no splits)
[18678/19601] VVX: ✓ (no splits)
[18679/19601] VWAV: ✓ (no splits)
[18680/19601] VWAVW: ✓ (no splits)
[18681/19601] VWEWW: ✓ (no splits)
[18682/19601] VWE: ✓ (no splits)
[18683/19601] VWI: ✓ (no splits)
[18684/19601] VWID: ✓ (no splits)
[18685/19601] VWO: ✓ (no splits)
[18686/19601] VWOB: ✓ (no splits)
[18687/19601] VWTR: ✓ (no splits)
[18688/19601] VXF: ✓ (no splits)
[18689/19601] VXRT: ✓ (no splits)
[18690/19601] VXUS: ✓ (no splits)
[18691/19601] VYGG: ✓ (no splits)
[18692/19601] VXX: ✓ (3 split(s))
[18693/19601] VXZ: ✓ (1 split(s))
[18694/19601] VYGG.U: ✓ (no splits)
[18695/19601] VYGG.WS: ✓ (no splits)
[18696/19601] VYGR: ✓ (no splits)
[18697/19601] VYLD: ✓ (no splits)
[18698/19601] VYM: ✓ (no splits)
[18699/19601] VYMI: ✓ (no splits)
[18700/19601] VYNE: ✓ (2 split(s))
[18701/19601] VYNT: ✓ (1 split(s))
[18702/19601] VYX: ✓ (no splits)
[18703/19601] VZ: ✓ (no splits)
[18704/19601] VYXw: ✓ (no splits)
[18705/19601] VZIO: ✓ (no splits)
[18706/19601] W: ✓ (no splits)
[18707/19601] VZLA: ✓ (no splits)
[18708/19601] WAB: ✓ (no splits)
[18709/19601] WABC: ✓ (no splits)
[18710/19601] WABF: ✓ (no splits)
[18711/19601] WAFD: ✓ (no splits)
[18712/19601] WAFU: ✓ (no splits)
[18713/19601] WAFDP: ✓ (no splits)
[18714/19601] WAL: ✓ (no splits)
[18715/19601] WAI: ✓ (2 split(s))
[18716/19601] WALA: ✓ (no splits)
[18717/19601] WALD: ✓ (no splits)
[18718/19601] WALDU: ✓ (no splits)
[18719/19601] WALDW: ✓ (no splits)
[18720/19601] WALpA: ✓ (no splits)
[18721/19601] WANT: ✓ (no splits)
[18722/19601] WAR: ✓ (no splits)
[18723/19601] WARR.U: ✓ (no splits)
[18724/19601] WARR: ✓ (no splits)
[18725/19601] WARR.WS: ✓ (no splits)
[18726/19601] WASH: ✓ (no splits)
[18727/19601] WAT: ✓ (no splits)
[18728/19601] WAVC: ✓ (no splits)
[18729/19601] WAVC.U: ✓ (no splits)
[18730/19601] WATT: ✓ (2 split(s))
[18731/19601] WAVC.WS: ✓ (no splits)
[18732/19601] WAVE: ✓ (no splits)
[18733/19601] WAVD: ✓ (2 split(s))
[18734/19601] WAVS: ✓ (no splits)
[18735/19601] WAVSU: ✓ (no splits)
[18736/19601] WAVSW: ✓ (no splits)
[18737/19601] WAY: ✓ (no splits)
[18738/19601] WB: ✓ (no splits)
[18739/19601] WBA: ✓ (no splits)
[18740/19601] WBAI: ✓ (no splits)
[18741/19601] WBAT: ✓ (no splits)
[18742/19601] WBDWV: ✓ (no splits)
[18743/19601] WBEV: ✓ (no splits)
[18744/19601] WBD: ✓ (no splits)
[18745/19601] WBI: ✓ (no splits)
[18746/19601] WBIE: ✓ (no splits)
[18747/19601] WBIG: ✓ (no splits)
[18748/19601] WBIF: ✓ (no splits)
[18749/19601] WBIL: ✓ (no splits)
[18750/19601] WBII: ✓ (no splits)
[18751/19601] WBIN: ✓ (no splits)
[18752/19601] WBIT: ✓ (no splits)
[18753/19601] WBIY: ✓ (no splits)
[18754/19601] WBK: ✓ (no splits)
[18755/19601] WBS: ✓ (no splits)
[18756/19601] WBND: ✓ (no splits)
[18757/19601] WBSpF: ✓ (no splits)
[18758/19601] WBSpG: ✓ (no splits)
[18759/19601] WBT: ✓ (no splits)
[18760/19601] WBTN: ✓ (no splits)
[18761/19601] WBUY: ✓ (no splits)
[18762/19601] WBX.WS: ✓ (no splits)
[18763/19601] WCAP: ✓ (no splits)
[18764/19601] WBX: ✓ (1 split(s))
[18765/19601] WCBR: ✓ (no splits)
[18766/19601] WCC: ✓ (no splits)
[18767/19601] WCCpA: ✓ (no splits)
[18768/19601] WCEO: ✓ (no splits)
[18769/19601] WCLD: ✓ (no splits)
[18770/19601] WCME: ✓ (no splits)
[18771/19601] WCPB: ✓ (no splits)
[18772/19601] WCN: ✓ (no splits)
[18773/19601] WCMI: ✓ (no splits)
[18774/19601] WCT: ✓ (no splits)
[18775/19601] WDAF: ✓ (no splits)
[18776/19601] WD: ✓ (no splits)
[18777/19601] WDAY: ✓ (no splits)
[18778/19601] WDC: ✓ (no splits)
[18779/19601] WDCVV: ✓ (no splits)
[18780/19601] WDEF: ✓ (no splits)
[18781/19601] WDFC: ✓ (no splits)
[18782/19601] WDGF: ✓ (no splits)
[18783/19601] WDH: ✓ (no splits)
[18784/19601] WDI: ✓ (no splits)
[18785/19601] WDIV: ✓ (no splits)
[18786/19601] WDNA: ✓ (no splits)
[18787/19601] WDR: ✓ (no splits)
[18788/19601] WDS: ✓ (no splits)
[18789/19601] WDTE: ✓ (no splits)
[18790/19601] WE: ✓ (1 split(s))
[18791/19601] WE.WS: ✓ (no splits)
[18792/19601] WEA: ✓ (no splits)
[18793/19601] WEAV: ✓ (no splits)
[18794/19601] WEAT: ✓ (1 split(s))
[18795/19601] WEBS: ✓ (1 split(s))
[18796/19601] WEBR: ✓ (no splits)
[18797/19601] WEC: ✓ (no splits)
[18798/19601] WEED: ✓ (1 split(s))
[18799/19601] WEEI: ✓ (no splits)
[18800/19601] WEEK: ✓ (no splits)
[18801/19601] WEEL: ✓ (no splits)
[18802/19601] WEIX: ✓ (no splits)
[18803/19601] WEI: ✓ (1 split(s))
[18804/19601] WEJO: ✓ (no splits)
[18805/19601] WEJOW: ✓ (no splits)
[18806/19601] WEBL: ✓ (no splits)
[18807/19601] WEL: ✓ (no splits)
[18808/19601] WEL.WS: ✓ (no splits)
[18809/19601] WEL.U: ✓ (no splits)
[18810/19601] WELL: ✓ (no splits)
[18811/19601] WEN: ✓ (no splits)
[18812/19601] WENA: ✓ (no splits)
[18813/19601] WENAW: ✓ (no splits)
[18814/19601] WENN: ✓ (no splits)
[18815/19601] WENNU: ✓ (no splits)
[18816/19601] WENNW: ✓ (no splits)
[18817/19601] WERN: ✓ (no splits)
[18818/19601] WES: ✓ (no splits)
[18819/19601] WEST: ✓ (no splits)
[18820/19601] WESTW: ✓ (no splits)
[18821/19601] WETG: ✓ (1 split(s))
[18822/19601] WETF: ✓ (no splits)
[18823/19601] WETH: ✓ (1 split(s))
[18824/19601] WETO: ✓ (no splits)
[18825/19601] WEYS: ✓ (no splits)
[18826/19601] WEX: ✓ (no splits)
[18827/19601] WF: ✓ (no splits)
[18828/19601] WFC: ✓ (no splits)
[18829/19601] WFCF: ✓ (no splits)
[18830/19601] WFCpA: ✓ (no splits)
[18831/19601] WFCpC: ✓ (no splits)
[18832/19601] WFCpD: ✓ (no splits)
[18833/19601] WFCpL: ✓ (no splits)
[18834/19601] WFCpN: ✓ (no splits)
[18835/19601] WFCpP: ✓ (no splits)
[18836/19601] WFCpO: ✓ (no splits)
[18837/19601] WFCpR: ✓ (no splits)
[18838/19601] WFCpQ: ✓ (no splits)
[18839/19601] WFCpV: ✓ (no splits)
[18840/19601] WFCpT: ✓ (no splits)
[18841/19601] WFCpW: ✓ (no splits)
[18842/19601] WFCpY: ✓ (no splits)
[18843/19601] WFCpX: ✓ (no splits)
[18844/19601] WFCpZ: ✓ (no splits)
[18845/19601] WFF: ✓ (no splits)
[18846/19601] WFG: ✓ (no splits)
[18847/19601] WFH: ✓ (no splits)
[18848/19601] WFHY: ✓ (no splits)
[18849/19601] WFIG: ✓ (no splits)
[18850/19601] WFRD: ✓ (no splits)
[18851/19601] WGLD: ✓ (no splits)
[18852/19601] WGMI: ✓ (no splits)
[18853/19601] WGO: ✓ (no splits)
[18854/19601] WGRO: ✓ (no splits)
[18855/19601] WGRX: ✓ (no splits)
[18856/19601] WGSWW: ✓ (no splits)
[18857/19601] WH: ✓ (no splits)
[18858/19601] WGS: ✓ (1 split(s))
[18859/19601] WHF: ✓ (no splits)
[18860/19601] WHD: ✓ (no splits)
[18861/19601] WHFCL: ✓ (no splits)
[18862/19601] WHFBZ: ✓ (no splits)
[18863/19601] WHG: ✓ (no splits)
[18864/19601] WHLR: ✓ (10 split(s))
[18865/19601] WHLM: ✓ (1 split(s))
[18866/19601] WHLRD: ✓ (no splits)
[18867/19601] WHLRL: ✓ (no splits)
[18868/19601] WHR: ✓ (no splits)
[18869/19601] WHLRP: ✓ (no splits)
[18870/19601] WHTX: ✓ (no splits)
[18871/19601] WHWK: ✓ (no splits)
[18872/19601] WIA: ✓ (no splits)
[18873/19601] WIFI: ✓ (no splits)
[18874/19601] WIL: ✓ (no splits)
[18875/19601] WILC: ✓ (no splits)
[18876/19601] WILD: ✓ (no splits)
[18877/19601] WIMI: ✓ (2 split(s))
[18878/19601] WINA: ✓ (no splits)
[18879/19601] WINC: ✓ (no splits)
[18880/19601] WING: ✓ (no splits)
[18881/19601] WINT: ✓ (4 split(s))
[18882/19601] WINN: ✓ (no splits)
[18883/19601] WINV: ✓ (no splits)
[18884/19601] WINVU: ✓ (no splits)
[18885/19601] WINVR: ✓ (no splits)
[18886/19601] WIP: ✓ (no splits)
[18887/19601] WINVW: ✓ (no splits)
[18888/19601] WIRE: ✓ (no splits)
[18889/19601] WISA: ✓ (2 split(s))
[18890/19601] WISD: ✓ (no splits)
[18891/19601] WISH: ✓ (1 split(s))
[18892/19601] WISE: ✓ (no splits)
[18893/19601] WIW: ✓ (no splits)
[18894/19601] WIT: ✓ (1 split(s))
[18895/19601] WIX: ✓ (no splits)
[18896/19601] WIZ: ✓ (no splits)
[18897/19601] WKEYV: ✓ (no splits)
[18898/19601] WK: ✓ (no splits)
[18899/19601] WKEY: ✓ (2 split(s))
[18900/19601] WKC: ✓ (no splits)
[18901/19601] WKME: ✓ (no splits)
[18902/19601] WKLY: ✓ (no splits)
[18903/19601] WKHS: ✓ (2 split(s))
[18904/19601] WKSP: ✓ (2 split(s))
[18905/19601] WKSPW: ✓ (no splits)
[18906/19601] WLACU: ✓ (no splits)
[18907/19601] WLAC: ✓ (no splits)
[18908/19601] WLACW: ✓ (no splits)
[18909/19601] WLDN: ✓ (no splits)
[18910/19601] WLDR: ✓ (no splits)
[18911/19601] WLDS: ✓ (2 split(s))
[18912/19601] WLDSW: ✓ (2 split(s))
[18913/19601] WLFC: ✓ (no splits)
[18914/19601] WLGS: ✓ (1 split(s))
[18915/19601] WLK: ✓ (no splits)
[18916/19601] WLKP: ✓ (no splits)
[18917/19601] WLL: ✓ (no splits)
[18918/19601] WLMS: ✓ (no splits)
[18919/19601] WLTG: ✓ (no splits)
[18920/19601] WLTH: ✓ (no splits)
[18921/19601] WLTW: ✓ (no splits)
[18922/19601] WLY: ✓ (no splits)
[18923/19601] WLYB: ✓ (no splits)
[18924/19601] WM: ✓ (no splits)
[18925/19601] WMB: ✓ (no splits)
[18926/19601] WMC: ✓ (1 split(s))
[18927/19601] WMG: ✓ (no splits)
[18928/19601] WMK: ✓ (no splits)
[18929/19601] WMPN: ✓ (no splits)
[18930/19601] WMS: ✓ (no splits)
[18931/19601] WMSB: ✓ (no splits)
[18932/19601] WMT: ✓ (1 split(s))
[18933/19601] WMTI: ✓ (no splits)
[18934/19601] WNC: ✓ (no splits)
[18935/19601] WNDY: ✓ (no splits)
[18936/19601] WNEB: ✓ (no splits)
[18937/19601] WNNR: ✓ (no splits)
[18938/19601] WNNR.U: ✓ (no splits)
[18939/19601] WNNR.WS: ✓ (no splits)
[18940/19601] WNS: ✓ (no splits)
[18941/19601] WNW: ✓ (2 split(s))
[18942/19601] WOK: ✓ (1 split(s))
[18943/19601] WNTR: ✓ (no splits)
[18944/19601] WOLF: ✓ (no splits)
[18945/19601] WOMN: ✓ (no splits)
[18946/19601] WOOD: ✓ (no splits)
[18947/19601] WORK: ✓ (no splits)
[18948/19601] WOR: ✓ (no splits)
[18949/19601] WOOF: ✓ (no splits)
[18950/19601] WORX: ✓ (1 split(s))
[18951/19601] WORw: ✓ (no splits)
[18952/19601] WOW: ✓ (no splits)
[18953/19601] WPAY: ✓ (no splits)
[18954/19601] WPC: ✓ (no splits)
[18955/19601] WPCA: ✓ (no splits)
[18956/19601] WPCA.U: ✓ (no splits)
[18957/19601] WPCA.WS: ✓ (no splits)
[18958/19601] WPCB.U: ✓ (no splits)
[18959/19601] WPCB: ✓ (no splits)
[18960/19601] WPCB.WS: ✓ (no splits)
[18961/19601] WPCw: ✓ (no splits)
[18962/19601] WPF.U: ✓ (no splits)
[18963/19601] WPF: ✓ (no splits)
[18964/19601] WPF.WS: ✓ (no splits)
[18965/19601] WPG: ✓ (1 split(s))
[18966/19601] WPGpH: ✓ (no splits)
[18967/19601] WPGpI: ✓ (no splits)
[18968/19601] WPP: ✓ (no splits)
[18969/19601] WPM: ✓ (no splits)
[18970/19601] WPRT: ✓ (1 split(s))
[18971/19601] WPS: ✓ (no splits)
[18972/19601] WPX: ✓ (no splits)
[18973/19601] WQGA: ✓ (no splits)
[18974/19601] WQGA.U: ✓ (no splits)
[18975/19601] WQGA.WS: ✓ (no splits)
[18976/19601] WQTM: ✓ (no splits)
[18977/19601] WRAC: ✓ (no splits)
[18978/19601] WRAC.U: ✓ (no splits)
[18979/19601] WRAP: ✓ (no splits)
[18980/19601] WRAC.WS: ✓ (no splits)
[18981/19601] WRB: ✓ (2 split(s))
[18982/19601] WRBpC: ✓ (no splits)
[18983/19601] WRBY: ✓ (no splits)
[18984/19601] WRBpD: ✓ (no splits)
[18985/19601] WRBpE: ✓ (no splits)
[18986/19601] WRBpG: ✓ (no splits)
[18987/19601] WRBpF: ✓ (no splits)
[18988/19601] WRBpH: ✓ (no splits)
[18989/19601] WRD: ✓ (no splits)
[18990/19601] WRE: ✓ (no splits)
[18991/19601] WRI: ✓ (no splits)
[18992/19601] WRK: ✓ (no splits)
[18993/19601] WRN: ✓ (no splits)
[18994/19601] WRLD: ✓ (no splits)
[18995/19601] WRND: ✓ (no splits)
[18996/19601] WRNT: ✓ (no splits)
[18997/19601] WS: ✓ (no splits)
[18998/19601] WSBC: ✓ (no splits)
[18999/19601] WSBCO: ✓ (no splits)
[19000/19601] WSBCP: ✓ (no splits)
  → Checkpoint saved: 2515 splits so far
[19001/19601] WSBK: ✓ (no splits)
[19002/19601] WSBF: ✓ (no splits)
[19003/19601] WSC: ✓ (no splits)
[19004/19601] WSFS: ✓ (no splits)
[19005/19601] WSG: ✓ (no splits)
[19006/19601] WSHP: ✓ (no splits)
[19007/19601] WSM: ✓ (1 split(s))
[19008/19601] WSO: ✓ (no splits)
[19009/19601] WSML: ✓ (no splits)
[19010/19601] WSO.B: ✓ (no splits)
[19011/19601] WSR: ✓ (no splits)
[19012/19601] WST: ✓ (no splits)
[19013/19601] WSTG: ✓ (no splits)
[19014/19601] WSTNU: ✓ (no splits)
[19015/19601] WSw: ✓ (no splits)
[19016/19601] WT: ✓ (no splits)
[19017/19601] WTAI: ✓ (no splits)
[19018/19601] WTBA: ✓ (no splits)
[19019/19601] WTBN: ✓ (no splits)
[19020/19601] WTER: ✓ (1 split(s))
[19021/19601] WTFC: ✓ (no splits)
[19022/19601] WTF: ✓ (no splits)
[19023/19601] WTFCM: ✓ (no splits)
[19024/19601] WTFCN: ✓ (no splits)
[19025/19601] WTFCP: ✓ (no splits)
[19026/19601] WTG: ✓ (no splits)
[19027/19601] WTGUR: ✓ (no splits)
[19028/19601] WTGUU: ✓ (no splits)
[19029/19601] WTI: ✓ (no splits)
[19030/19601] WTID: ✓ (no splits)
[19031/19601] WTIP: ✓ (no splits)
[19032/19601] WTIU: ✓ (no splits)
[19033/19601] WTM: ✓ (no splits)
[19034/19601] WTMA: ✓ (no splits)
[19035/19601] WTMAR: ✓ (no splits)
[19036/19601] WTMAU: ✓ (no splits)
[19037/19601] WTMF: ✓ (no splits)
[19038/19601] WTMU: ✓ (no splits)
[19039/19601] WTMY: ✓ (no splits)
[19040/19601] WTO: ✓ (3 split(s))
[19041/19601] WTRE: ✓ (no splits)
[19042/19601] WTPI: ✓ (no splits)
[19043/19601] WTRG: ✓ (no splits)
[19044/19601] WTREP: ✓ (no splits)
[19045/19601] WTRH: ✓ (1 split(s))
[19046/19601] WTRU: ✓ (no splits)
[19047/19601] WTS: ✓ (no splits)
[19048/19601] WTT: ✓ (no splits)
[19049/19601] WTTR: ✓ (no splits)
[19050/19601] WTV: ✓ (1 split(s))
[19051/19601] WTW: ✓ (no splits)
[19052/19601] WU: ✓ (no splits)
[19053/19601] WUCT: ✓ (no splits)
[19054/19601] WUGI: ✓ (no splits)
[19055/19601] WULF: ✓ (no splits)
[19056/19601] WULX: ✓ (no splits)
[19057/19601] WUSA: ✓ (no splits)
[19058/19601] WVE: ✓ (no splits)
[19059/19601] WVFC: ✓ (no splits)
[19060/19601] WVVI: ✓ (no splits)
[19061/19601] WW: ✓ (no splits)
[19062/19601] WVVIP: ✓ (no splits)
[19063/19601] WWACU: ✓ (no splits)
[19064/19601] WWAC: ✓ (no splits)
[19065/19601] WWACW: ✓ (no splits)
[19066/19601] WWD: ✓ (no splits)
[19067/19601] WWE: ✓ (no splits)
[19068/19601] WWJD: ✓ (no splits)
[19069/19601] WWOW: ✓ (no splits)
[19070/19601] WWR: ✓ (no splits)
[19071/19601] WWW: ✓ (no splits)
[19072/19601] WXET: ✓ (no splits)
[19073/19601] WXM: ✓ (no splits)
[19074/19601] WY: ✓ (no splits)
[19075/19601] WYFI: ✓ (no splits)
[19076/19601] WYHG: ✓ (no splits)
[19077/19601] WYND: ✓ (no splits)
[19078/19601] WYNN: ✓ (no splits)
[19079/19601] WYY: ✓ (no splits)
[19080/19601] WZRD: ✓ (no splits)
[19081/19601] X: ✓ (no splits)
[19082/19601] XAGE: ✓ (1 split(s))
[19083/19601] XAGG: ✓ (no splits)
[19084/19601] XAGEW: ✓ (no splits)
[19085/19601] XAIR: ✓ (1 split(s))
[19086/19601] XAN: ✓ (no splits)
[19087/19601] XAIX: ✓ (no splits)
[19088/19601] XANpC: ✓ (no splits)
[19089/19601] XAPR: ✓ (no splits)
[19090/19601] XAR: ✓ (no splits)
[19091/19601] XAUG: ✓ (no splits)
[19092/19601] XB: ✓ (no splits)
[19093/19601] XBAP: ✓ (no splits)
[19094/19601] XBB: ✓ (no splits)
[19095/19601] XBI: ✓ (no splits)
[19096/19601] XBIL: ✓ (no splits)
[19097/19601] XBIO: ✓ (1 split(s))
[19098/19601] XBIOW: ✓ (no splits)
[19099/19601] XBIT: ✓ (no splits)
[19100/19601] XBJA: ✓ (no splits)
[19101/19601] XBJL: ✓ (no splits)
[19102/19601] XBOC: ✓ (no splits)
[19103/19601] XBP: ✓ (no splits)
[19104/19601] XBTF: ✓ (no splits)
[19105/19601] XBPEW: ✓ (no splits)
[19106/19601] XBTY: ✓ (no splits)
[19107/19601] XBUY: ✓ (no splits)
[19108/19601] XC: ✓ (no splits)
[19109/19601] XCCC: ✓ (no splits)
[19110/19601] XCEM: ✓ (no splits)
[19111/19601] XCLR: ✓ (no splits)
[19112/19601] XCNY: ✓ (no splits)
[19113/19601] XCH: ✓ (no splits)
[19114/19601] XCOR: ✓ (no splits)
[19115/19601] XCUR: ✓ (2 split(s))
[19116/19601] XDAP: ✓ (no splits)
[19117/19601] XDAT: ✓ (no splits)
[19118/19601] XDEC: ✓ (no splits)
[19119/19601] XDIV: ✓ (no splits)
[19120/19601] XDJA: ✓ (no splits)
[19121/19601] XDJL: ✓ (no splits)
[19122/19601] XDNA: ✓ (no splits)
[19123/19601] XDOC: ✓ (no splits)
[19124/19601] XDSQ: ✓ (no splits)
[19125/19601] XDQQ: ✓ (no splits)
[19126/19601] XDTE: ✓ (no splits)
[19127/19601] XEC: ✓ (no splits)
[19128/19601] XEL: ✓ (no splits)
[19129/19601] XELA: ✓ (3 split(s))
[19130/19601] XELAP: ✓ (1 split(s))
[19131/19601] XELB: ✓ (1 split(s))
[19132/19601] XEMD: ✓ (no splits)
[19133/19601] XELLL: ✓ (no splits)
[19134/19601] XENE: ✓ (no splits)
[19135/19601] XENT: ✓ (no splits)
[19136/19601] XERS: ✓ (no splits)
[19137/19601] XFEB: ✓ (no splits)
[19138/19601] XFIN: ✓ (no splits)
[19139/19601] XFINU: ✓ (no splits)
[19140/19601] XFINW: ✓ (no splits)
[19141/19601] XFIV: ✓ (no splits)
[19142/19601] XFIX: ✓ (no splits)
[19143/19601] XFLTpA: ✓ (no splits)
[19144/19601] XFLT: ✓ (no splits)
[19145/19601] XFLX: ✓ (no splits)
[19146/19601] XES: ✓ (no splits)
[19147/19601] XFOR: ✓ (1 split(s))
[19148/19601] XGN: ✓ (no splits)
[19149/19601] XHB: ✓ (no splits)
[19150/19601] XHE: ✓ (no splits)
[19151/19601] XHG: ✓ (4 split(s))
[19152/19601] XHLF: ✓ (no splits)
[19153/19601] XHLD: ✓ (1 split(s))
[19154/19601] XHS: ✓ (no splits)
[19155/19601] XHR: ✓ (no splits)
[19156/19601] XHYC: ✓ (no splits)
[19157/19601] XHYE: ✓ (no splits)
[19158/19601] XHYD: ✓ (no splits)
[19159/19601] XHYF: ✓ (no splits)
[19160/19601] XHYH: ✓ (no splits)
[19161/19601] XHYI: ✓ (no splits)
[19162/19601] XHYT: ✓ (no splits)
[19163/19601] XIDE: ✓ (no splits)
[19164/19601] XIDV: ✓ (no splits)
[19165/19601] XIFR: ✓ (no splits)
[19166/19601] XIJN: ✓ (no splits)
[19167/19601] XIMR: ✓ (no splits)
[19168/19601] XIN: ✓ (1 split(s))
[19169/19601] XISE: ✓ (no splits)
[19170/19601] XITK: ✓ (no splits)
[19171/19601] XJAN: ✓ (no splits)
[19172/19601] XJH: ✓ (no splits)
[19173/19601] XJR: ✓ (no splits)
[19174/19601] XL: ✓ (no splits)
[19175/19601] XJUN: ✓ (no splits)
[19176/19601] XJUL: ✓ (no splits)
[19177/19601] XL.WS: ✓ (no splits)
[19178/19601] XLBI: ✓ (no splits)
[19179/19601] XLB: ✓ (1 split(s))
[19180/19601] XLC: ✓ (no splits)
[19181/19601] XLCI: ✓ (no splits)
[19182/19601] XLE: ✓ (1 split(s))
[19183/19601] XLEI: ✓ (no splits)
[19184/19601] XLF: ✓ (no splits)
[19185/19601] XLFI: ✓ (no splits)
[19186/19601] XLG: ✓ (1 split(s))
[19187/19601] XLI: ✓ (no splits)
[19188/19601] XLII: ✓ (no splits)
[19189/19601] XLK: ✓ (1 split(s))
[19190/19601] XLKI: ✓ (no splits)
[19191/19601] XLNX: ✓ (no splits)
[19192/19601] XLO: ✓ (no splits)
[19193/19601] XLP: ✓ (no splits)
[19194/19601] XLRE: ✓ (no splits)
[19195/19601] XLRI: ✓ (no splits)
[19196/19601] XLRN: ✓ (no splits)
[19197/19601] XLSI: ✓ (no splits)
[19198/19601] XLSR: ✓ (no splits)
[19199/19601] XLU: ✓ (1 split(s))
[19200/19601] XLUI: ✓ (no splits)
[19201/19601] XLV: ✓ (no splits)
[19202/19601] XLVI: ✓ (no splits)
[19203/19601] XLY: ✓ (1 split(s))
[19204/19601] XLYI: ✓ (no splits)
[19205/19601] XLYO: ✓ (no splits)
[19206/19601] XMAG: ✓ (no splits)
[19207/19601] XM: ✓ (no splits)
[19208/19601] XMAR: ✓ (no splits)
[19209/19601] XMAY: ✓ (no splits)
[19210/19601] XME: ✓ (no splits)
[19211/19601] XMLV: ✓ (no splits)
[19212/19601] XMHQ: ✓ (no splits)
[19213/19601] XMMO: ✓ (no splits)
[19214/19601] XMTR: ✓ (no splits)
[19215/19601] XMVM: ✓ (no splits)
[19216/19601] XMPT: ✓ (no splits)
[19217/19601] XNCR: ✓ (no splits)
[19218/19601] XNAV: ✓ (no splits)
[19219/19601] XNET: ✓ (no splits)
[19220/19601] XNOV: ✓ (no splits)
[19221/19601] XNTK: ✓ (no splits)
[19222/19601] XOCT: ✓ (no splits)
[19223/19601] XOEF: ✓ (no splits)
[19224/19601] XOM: ✓ (no splits)
[19225/19601] XOG: ✓ (no splits)
[19226/19601] XOMA: ✓ (no splits)
[19227/19601] XOMAO: ✓ (no splits)
[19228/19601] XOMAP: ✓ (no splits)
[19229/19601] XOMO: ✓ (no splits)
[19230/19601] XOMX: ✓ (no splits)
[19231/19601] XOMZ: ✓ (no splits)
[19232/19601] XONE: ✓ (no splits)
[19233/19601] XOP: ✓ (no splits)
[19234/19601] XOSWW: ✓ (no splits)
[19235/19601] XOS: ✓ (1 split(s))
[19236/19601] XOUT: ✓ (no splits)
[19237/19601] XOVR: ✓ (no splits)
[19238/19601] XP: ✓ (no splits)
[19239/19601] XPAX: ✓ (no splits)
[19240/19601] XPAXU: ✓ (no splits)
[19241/19601] XPAXW: ✓ (no splits)
[19242/19601] XPAY: ✓ (no splits)
[19243/19601] XPDB: ✓ (no splits)
[19244/19601] XPDBU: ✓ (no splits)
[19245/19601] XPDBW: ✓ (no splits)
[19246/19601] XPDI: ✓ (no splits)
[19247/19601] XPDIW: ✓ (no splits)
[19248/19601] XPDIU: ✓ (no splits)
[19249/19601] XPER: ✓ (no splits)
[19250/19601] XPEL: ✓ (no splits)
[19251/19601] XPERw: ✓ (no splits)
[19252/19601] XPH: ✓ (no splits)
[19253/19601] XPEV: ✓ (no splits)
[19254/19601] XPL: ✓ (no splits)
[19255/19601] XPND: ✓ (no splits)
[19256/19601] XPM: ✓ (no splits)
[19257/19601] XPO: ✓ (2 split(s))
[19258/19601] XPOA: ✓ (no splits)
[19259/19601] XPOA.U: ✓ (no splits)
[19260/19601] XPOA.WS: ✓ (no splits)
[19261/19601] XPON: ✓ (1 split(s))
[19262/19601] XPOF: ✓ (no splits)
[19263/19601] XPOw: ✓ (no splits)
[19264/19601] XPP: ✓ (no splits)
[19265/19601] XPRO: ✓ (no splits)
[19266/19601] XPVVV: ✓ (no splits)
[19267/19601] XRAY: ✓ (no splits)
[19268/19601] XRLV: ✓ (no splits)
[19269/19601] XRMI: ✓ (no splits)
[19270/19601] XRLX: ✓ (no splits)
[19271/19601] XRP: ✓ (no splits)
[19272/19601] XRPI: ✓ (no splits)
[19273/19601] XRPC: ✓ (no splits)
[19274/19601] XRPK: ✓ (no splits)
[19275/19601] XRPM: ✓ (no splits)
[19276/19601] XRPN: ✓ (no splits)
[19277/19601] XRPNU: ✓ (no splits)
[19278/19601] XRPNW: ✓ (no splits)
[19279/19601] XRPR: ✓ (no splits)
[19280/19601] XRPT: ✓ (no splits)
[19281/19601] XRPZ: ✓ (no splits)
[19282/19601] XRT: ✓ (no splits)
[19283/19601] XRTX: ✓ (1 split(s))
[19284/19601] XRX: ✓ (no splits)
[19285/19601] XSD: ✓ (no splits)
[19286/19601] XSEP: ✓ (no splits)
[19287/19601] XSHD: ✓ (no splits)
[19288/19601] XSMO: ✓ (no splits)
[19289/19601] XSLV: ✓ (no splits)
[19290/19601] XSHQ: ✓ (no splits)
[19291/19601] XSOE: ✓ (no splits)
[19292/19601] XSPA: ✓ (no splits)
[19293/19601] XSVM: ✓ (no splits)
[19294/19601] XSVN: ✓ (no splits)
[19295/19601] XSW: ✓ (no splits)
[19296/19601] XT: ✓ (no splits)
[19297/19601] XTAP: ✓ (no splits)
[19298/19601] XTEN: ✓ (no splits)
[19299/19601] XTJA: ✓ (no splits)
[19300/19601] XTIA: ✓ (2 split(s))
[19301/19601] XTJL: ✓ (no splits)
[19302/19601] XTKG: ✓ (2 split(s))
[19303/19601] XTL: ✓ (no splits)
[19304/19601] XTLB: ✓ (no splits)
[19305/19601] XTN: ✓ (no splits)
[19306/19601] XTNT: ✓ (no splits)
[19307/19601] XTOC: ✓ (no splits)
[19308/19601] XTWO: ✓ (no splits)
[19309/19601] XTR: ✓ (no splits)
[19310/19601] XTRE: ✓ (no splits)
[19311/19601] XTWY: ✓ (no splits)
[19312/19601] XUSP: ✓ (no splits)
[19313/19601] XUDV: ✓ (no splits)
[19314/19601] XV: ✓ (no splits)
[19315/19601] XVV: ✓ (no splits)
[19316/19601] XVOL: ✓ (no splits)
[19317/19601] XVZ: ✓ (no splits)
[19318/19601] XWEB: ✓ (no splits)
[19319/19601] XWEL: ✓ (1 split(s))
[19320/19601] XWIN: ✓ (no splits)
[19321/19601] XXCH: ✓ (no splits)
[19322/19601] XXII: ✓ (4 split(s))
[19323/19601] XXRP: ✓ (no splits)
[19324/19601] XXV: ✓ (no splits)
[19325/19601] XXXX: ✓ (no splits)
[19326/19601] XYF: ✓ (no splits)
[19327/19601] XYL: ✓ (no splits)
[19328/19601] XYLD: ✓ (no splits)
[19329/19601] XYLE: ✓ (no splits)
[19330/19601] XYZG: ✓ (no splits)
[19331/19601] XYLO: ✓ (1 split(s))
[19332/19601] XYZ: ✓ (no splits)
[19333/19601] XYLG: ✓ (no splits)
[19334/19601] XZO: ✓ (no splits)
[19335/19601] XYZY: ✓ (1 split(s))
[19336/19601] Y: ✓ (no splits)
[19337/19601] YAAS: ✓ (1 split(s))
[19338/19601] YAC: ✓ (no splits)
[19339/19601] YAC.U: ✓ (no splits)
[19340/19601] YAC.WS: ✓ (no splits)
[19341/19601] YALA: ✓ (no splits)
[19342/19601] YALL: ✓ (no splits)
[19343/19601] YANG: ✓ (1 split(s))
[19344/19601] YB: ✓ (no splits)
[19345/19601] YBIT: ✓ (1 split(s))
[19346/19601] YBMN: ✓ (no splits)
[19347/19601] YBTC: ✓ (no splits)
[19348/19601] YCBD: ✓ (2 split(s))
[19349/19601] YCY.U: ✓ (no splits)
[19350/19601] YCBDpA: ✓ (no splits)
[19351/19601] YCS: ✓ (2 split(s))
[19352/19601] YCY: ✓ (no splits)
[19353/19601] YCL: ✓ (no splits)
[19354/19601] YCY.WS: ✓ (no splits)
[19355/19601] YDDL: ✓ (no splits)
[19356/19601] YDEC: ✓ (no splits)
[19357/19601] YDES: ✓ (no splits)
[19358/19601] YDESW: ✓ (no splits)
[19359/19601] YDKG: ✓ (1 split(s))
[19360/19601] YEAR: ✓ (no splits)
[19361/19601] YELL: ✓ (no splits)
[19362/19601] YELP: ✓ (no splits)
[19363/19601] YETI: ✓ (no splits)
[19364/19601] YETH: ✓ (no splits)
[19365/19601] YEXT: ✓ (no splits)
[19366/19601] YFFI: ✓ (no splits)
[19367/19601] YFYA: ✓ (no splits)
[19368/19601] YGF: ✓ (no splits)
[19369/19601] YGLD: ✓ (no splits)
[19370/19601] YGMZ: ✓ (2 split(s))
[19371/19601] YGRN: ✓ (no splits)
[19372/19601] YHGJ: ✓ (1 split(s))
[19373/19601] YHC: ✓ (1 split(s))
[19374/19601] YHNA: ✓ (no splits)
[19375/19601] YHNAU: ✓ (no splits)
[19376/19601] YHNAR: ✓ (no splits)
[19377/19601] YI: ✓ (1 split(s))
[19378/19601] YIBO: ✓ (no splits)
[19379/19601] YINN: ✓ (1 split(s))
[19380/19601] YJUN: ✓ (no splits)
[19381/19601] YLCO: ✓ (no splits)
[19382/19601] YJ: ✓ (2 split(s))
[19383/19601] YLDE: ✓ (no splits)
[19384/19601] YLD: ✓ (1 split(s))
[19385/19601] YMAB: ✓ (no splits)
[19386/19601] YMAG: ✓ (no splits)
[19387/19601] YMAR: ✓ (no splits)
[19388/19601] YMAT: ✓ (no splits)
[19389/19601] YMAX: ✓ (no splits)
[19390/19601] YMT: ✓ (no splits)
[19391/19601] YMM: ✓ (no splits)
[19392/19601] YMTX: ✓ (1 split(s))
[19393/19601] YNDX: ✓ (no splits)
[19394/19601] YOKE: ✓ (no splits)
[19395/19601] YOLO: ✓ (no splits)
[19396/19601] YNOT: ✓ (no splits)
[19397/19601] YORK: ✓ (no splits)
[19398/19601] YORKU: ✓ (no splits)
[19399/19601] YORKW: ✓ (no splits)
[19400/19601] YOTA: ✓ (no splits)
[19401/19601] YORW: ✓ (no splits)
[19402/19601] YOSH: ✓ (2 split(s))
[19403/19601] YOTAU: ✓ (no splits)
[19404/19601] YOTAW: ✓ (no splits)
[19405/19601] YOU: ✓ (no splits)
[19406/19601] YOTAR: ✓ (no splits)
[19407/19601] YOUL: ✓ (no splits)
[19408/19601] YPF: ✓ (no splits)
[19409/19601] YPS: ✓ (no splits)
[19410/19601] YQQQ: ✓ (no splits)
[19411/19601] YQ: ✓ (2 split(s))
[19412/19601] YRCW: ✓ (no splits)
[19413/19601] YRD: ✓ (no splits)
[19414/19601] YS: ✓ (no splits)
[19415/19601] YSAC: ✓ (no splits)
[19416/19601] YSAC.U: ✓ (no splits)
[19417/19601] YSACU: ✓ (no splits)
[19418/19601] YSAC.WS: ✓ (no splits)
[19419/19601] YSACW: ✓ (no splits)
[19420/19601] YSBPW: ✓ (no splits)
[19421/19601] YSEP: ✓ (no splits)
[19422/19601] YSG: ✓ (1 split(s))
[19423/19601] YTPG: ✓ (no splits)
[19424/19601] YSXT: ✓ (no splits)
[19425/19601] YSPY: ✓ (no splits)
[19426/19601] YTRA: ✓ (no splits)
[19427/19601] YTEN: ✓ (1 split(s))
[19428/19601] YUM: ✓ (no splits)
[19429/19601] YUMC: ✓ (no splits)
[19430/19601] YUMY: ✓ (no splits)
[19431/19601] YVR: ✓ (1 split(s))
[19432/19601] YXI: ✓ (1 split(s))
[19433/19601] YXT: ✓ (no splits)
[19434/19601] YY: ✓ (no splits)
[19435/19601] YYAI: ✓ (2 split(s))
[19436/19601] YYY: ✓ (no splits)
[19437/19601] Z: ✓ (no splits)
[19438/19601] YYGH: ✓ (no splits)
[19439/19601] ZAGG: ✓ (no splits)
[19440/19601] ZALT: ✓ (no splits)
[19441/19601] ZAP: ✓ (no splits)
[19442/19601] ZAPP: ✓ (1 split(s))
[19443/19601] ZAPPW: ✓ (no splits)
[19444/19601] ZAUG: ✓ (no splits)
[19445/19601] ZAPR: ✓ (no splits)
[19446/19601] ZAZZT: ✓ (no splits)
[19447/19601] ZBAI: ✓ (1 split(s))
[19448/19601] ZBAO: ✓ (no splits)
[19449/19601] ZBH: ✓ (no splits)
[19450/19601] ZBIO: ✓ (no splits)
[19451/19601] ZBRA: ✓ (no splits)
[19452/19601] ZBZX: ✓ (no splits)
[19453/19601] ZCAN: ✓ (no splits)
[19454/19601] ZCAR: ✓ (2 split(s))
[19455/19601] ZCARW: ✓ (no splits)
[19456/19601] ZCMD: ✓ (1 split(s))
[19457/19601] ZD: ✓ (no splits)
[19458/19601] ZCZZT: ✓ (no splits)
[19459/19601] ZDAI: ✓ (no splits)
[19460/19601] ZDEK: ✓ (no splits)
[19461/19601] ZDEU: ✓ (no splits)
[19462/19601] ZDGE: ✓ (no splits)
[19463/19601] ZDVSV: ✓ (no splits)
[19464/19601] ZEAL: ✓ (no splits)
[19465/19601] ZECP: ✓ (no splits)
[19466/19601] ZEN: ✓ (no splits)
[19467/19601] ZENA: ✓ (no splits)
[19468/19601] ZENV: ✓ (no splits)
[19469/19601] ZEO: ✓ (no splits)
[19470/19601] ZEOWW: ✓ (no splits)
[19471/19601] ZEPP: ✓ (1 split(s))
[19472/19601] ZEST: ✓ (1 split(s))
[19473/19601] ZETA: ✓ (no splits)
[19474/19601] ZEUS: ✓ (no splits)
[19475/19601] ZEV: ✓ (1 split(s))
[19476/19601] ZEV.WS: ✓ (no splits)
[19477/19601] ZFEB: ✓ (no splits)
[19478/19601] ZFOX: ✓ (no splits)
[19479/19601] ZEXIT: ✓ (no splits)
[19480/19601] ZFOXW: ✓ (no splits)
[19481/19601] ZFZZT: ✓ (no splits)
[19482/19601] ZG: ✓ (no splits)
[19483/19601] ZGBR: ✓ (no splits)
[19484/19601] ZGEN: ✓ (no splits)
[19485/19601] ZGM: ✓ (no splits)
[19486/19601] ZGNX: ✓ (no splits)
[19487/19601] ZGN: ✓ (no splits)
[19488/19601] ZGN.WS: ✓ (no splits)
[19489/19601] ZGYH: ✓ (no splits)
[19490/19601] ZGYHR: ✓ (no splits)
[19491/19601] ZGYHU: ✓ (no splits)
[19492/19601] ZGYHW: ✓ (no splits)
[19493/19601] ZH: ✓ (1 split(s))
[19494/19601] ZHDG: ✓ (no splits)
[19495/19601] ZHOK: ✓ (no splits)
[19496/19601] ZI: ✓ (no splits)
[19497/19601] ZIG: ✓ (no splits)
[19498/19601] ZIEXT: ✓ (no splits)
[19499/19601] ZIM: ✓ (no splits)
[19500/19601] ZIMV: ✓ (no splits)
  → Checkpoint saved: 2598 splits so far
[19501/19601] ZIMVV: ✓ (no splits)
[19502/19601] ZING: ✓ (no splits)
[19503/19601] ZINGU: ✓ (no splits)
[19504/19601] ZINGW: ✓ (no splits)
[19505/19601] ZION: ✓ (no splits)
[19506/19601] ZIONL: ✓ (no splits)
[19507/19601] ZIONN: ✓ (no splits)
[19508/19601] ZIONO: ✓ (no splits)
[19509/19601] ZIONP: ✓ (no splits)
[19510/19601] ZIOP: ✓ (no splits)
[19511/19601] ZIP: ✓ (no splits)
[19512/19601] ZIPP: ✓ (no splits)
[19513/19601] ZIVB: ✓ (no splits)
[19514/19601] ZIVO: ✓ (2 split(s))
[19515/19601] ZIVOW: ✓ (no splits)
[19516/19601] ZIXI: ✓ (no splits)
[19517/19601] ZJK: ✓ (no splits)
[19518/19601] ZJAN: ✓ (no splits)
[19519/19601] ZJPN: ✓ (no splits)
[19520/19601] ZJUL: ✓ (no splits)
[19521/19601] ZJUN: ✓ (no splits)
[19522/19601] ZJYL: ✓ (1 split(s))
[19523/19601] ZJZZT: ✓ (no splits)
[19524/19601] ZK: ✓ (no splits)
[19525/19601] ZKH: ✓ (no splits)
[19526/19601] ZLAB: ✓ (no splits)
[19527/19601] ZLSWU: ✓ (no splits)
[19528/19601] ZLS: ✓ (no splits)
[19529/19601] ZLSWW: ✓ (no splits)
[19530/19601] ZKIN: ✓ (1 split(s))
[19531/19601] ZM: ✓ (no splits)
[19532/19601] ZMAR: ✓ (no splits)
[19533/19601] ZMAY: ✓ (no splits)
[19534/19601] ZME: ✓ (1 split(s))
[19535/19601] ZMUN: ✓ (no splits)
[19536/19601] ZNB: ✓ (no splits)
[19537/19601] ZNH: ✓ (no splits)
[19538/19601] ZNGA: ✓ (no splits)
[19539/19601] ZNOV: ✓ (no splits)
[19540/19601] ZNTE: ✓ (no splits)
[19541/19601] ZNTEU: ✓ (no splits)
[19542/19601] ZNTEW: ✓ (no splits)
[19543/19601] ZNTL: ✓ (no splits)
[19544/19601] ZOCT: ✓ (no splits)
[19545/19601] ZOM: ✓ (no splits)
[19546/19601] ZONE: ✓ (no splits)
[19547/19601] ZOOZ: ✓ (no splits)
[19548/19601] ZPTA: ✓ (no splits)
[19549/19601] ZOOZW: ✓ (no splits)
[19550/19601] ZPTAW: ✓ (no splits)
[19551/19601] ZROZ: ✓ (no splits)
[19552/19601] ZS: ✓ (no splits)
[19553/19601] ZSAN: ✓ (1 split(s))
[19554/19601] ZSB: ✓ (no splits)
[19555/19601] ZSC: ✓ (no splits)
[19556/19601] ZSEP: ✓ (no splits)
[19557/19601] ZSPY: ✓ (no splits)
[19558/19601] ZSPC: ✓ (no splits)
[19559/19601] ZSL: ✓ (2 split(s))
[19560/19601] ZT: ✓ (no splits)
[19561/19601] ZTAQU: ✓ (no splits)
[19562/19601] ZTAQW: ✓ (no splits)
[19563/19601] ZTAX: ✓ (no splits)
[19564/19601] ZTEK: ✓ (no splits)
[19565/19601] ZTEN: ✓ (no splits)
[19566/19601] ZTEST: ✓ (no splits)
[19567/19601] ZTO: ✓ (no splits)
[19568/19601] ZTR: ✓ (no splits)
[19569/19601] ZTST: ✓ (no splits)
[19570/19601] ZTOP: ✓ (no splits)
[19571/19601] ZTS: ✓ (no splits)
[19572/19601] ZTRE: ✓ (no splits)
[19573/19601] ZTWO: ✓ (no splits)
[19574/19601] ZUMZ: ✓ (no splits)
[19575/19601] ZUO: ✓ (no splits)
[19576/19601] ZURA: ✓ (no splits)
[19577/19601] ZURAW: ✓ (no splits)
[19578/19601] ZVO: ✓ (no splits)
[19579/19601] ZVIA: ✓ (no splits)
[19580/19601] ZVOL: ✓ (no splits)
[19581/19601] ZVSA: ✓ (2 split(s))
[19582/19601] ZVRA: ✓ (no splits)
[19583/19601] ZVSAW: ✓ (no splits)
[19584/19601] ZVV: ✓ (no splits)
[19585/19601] ZVZZC: ✓ (no splits)
[19586/19601] ZVZZT: ✓ (no splits)
[19587/19601] ZWRK: ✓ (no splits)
[19588/19601] ZWRKU: ✓ (no splits)
[19589/19601] ZWRKW: ✓ (no splits)
[19590/19601] ZWS: ✓ (no splits)
[19591/19601] ZXIET: ✓ (no splits)
[19592/19601] ZWZZT: ✓ (no splits)
[19593/19601] ZXZZT: ✓ (no splits)
[19594/19601] ZYBT: ✓ (no splits)
[19595/19601] ZY: ✓ (no splits)
[19596/19601] ZYME: ✓ (no splits)
[19597/19601] ZYNE: ✓ (no splits)
[19598/19601] ZYXI: ✓ (1 split(s))
[19599/19601] ZYN: ✓ (no splits)
[19600/19601] ZZZ: ✓ (no splits)
[19601/19601] ZZK: ✓ (no splits)

============================================================
Split data collection complete!
  Total splits found: 2609
  Failed tickers: 0

✓ Saved splits data to: data/splits/splits_data.csv

Split summary:
  Unique tickers with splits: 1877
  Date range: 2020-12-09 to 2025-12-05

Sample of splits:
  ticker execution_date  split_from  split_to  split_ratio
0   AAMC     2023-11-01         1.0       1.7     1.700000
1   AAON     2023-08-17         2.0       3.0     1.500000
2   ABEO     2022-07-05        25.0       1.0     0.040000
3   ABIO     2024-09-03        12.0       1.0     0.083333
4   ABNY     2025-12-02         5.0       1.0     0.200000
5    ABP     2025-11-03        30.0       1.0     0.033333
6   ABTS     2025-03-10        15.0       1.0     0.066667
7   ABVC     2023-07-25        10.0       1.0     0.100000
8    ACB     2024-02-20        10.0       1.0     0.100000
9   ACFN     2023-09-08        16.0       1.0     0.062500
